2026-01-08 10:08:26 | INFO | kmm.services.kmm_actions:login | Iniciando login | {'service': 'JMendes'}
2026-01-08 10:08:39 | INFO | kmm.services.kmm_actions:login | Fim do Login | {'service': 'JMendes'}
2026-01-08 10:08:39 | INFO | kmm.services.kmm_actions:quick_access | Acessando menu REPOMFRETEA via acesso rápido | {'service': 'JMendes'}
2026-01-08 10:08:47 | INFO | kmm.services.kmm_actions:quick_access | Fim do acesso rápido | {'service': 'JMendes'}
2026-01-08 10:09:13 | ERROR | kmm.services.kmm_actions:emitting_contract_repomfretea | Falha ao gerar o contrato, tentando novamente. Erro => invalid literal for int() with base 10: 'KRR7D11' | {'service': 'JMendes'}
2026-01-08 10:10:20 | ERROR | kmm.services.kmm_actions:<module> |  | {'service': 'JMendes'}
Traceback (most recent call last):

  File "C:\Program Files\JetBrains\PyCharm 2025.3\plugins\python-ce\helpers\pydev\pydevd.py", line 2391, in <module>
    main()
    └ <function main at 0x000001C5E851F2E0>

  File "C:\Program Files\JetBrains\PyCharm 2025.3\plugins\python-ce\helpers\pydev\pydevd.py", line 2372, in main
    globals = debugger.run(setup['file'], None, None, is_module)
              │        │   │                          └ False
              │        │   └ {'port': 50337, 'vm_type': None, 'client': '127.0.0.1', 'server': False, 'DEBUG_RECORD_SOCKET_READS': False, 'multiproc': Fal...
              │        └ <function PyDB.run at 0x000001C5E851E290>
              └ <__main__.PyDB object at 0x000001C5E867D600>

  File "C:\Program Files\JetBrains\PyCharm 2025.3\plugins\python-ce\helpers\pydev\pydevd.py", line 1640, in run
    return self._exec(is_module, entry_point_fn, module_name, file, globals, locals)
           │    │     │          │               │            │     │        └ {'__name__': '__main__', '__doc__': None, '__package__': '', '__loader__': <_frozen_importlib_external.SourceFileLoader objec...
           │    │     │          │               │            │     └ {'__name__': '__main__', '__doc__': None, '__package__': '', '__loader__': <_frozen_importlib_external.SourceFileLoader objec...
           │    │     │          │               │            └ 'C:\\Users\\pedro\\Documents\\ERGONDATA\\KMM\\src\\bots\\jmendes\\worker.py'
           │    │     │          │               └ None
           │    │     │          └ ''
           │    │     └ False
           │    └ <function PyDB._exec at 0x000001C5E851E320>
           └ <__main__.PyDB object at 0x000001C5E867D600>

  File "C:\Program Files\JetBrains\PyCharm 2025.3\plugins\python-ce\helpers\pydev\pydevd.py", line 1647, in _exec
    pydev_imports.execfile(file, globals, locals)  # execute the script
    │             │        │     │        └ {'__name__': '__main__', '__doc__': None, '__package__': '', '__loader__': <_frozen_importlib_external.SourceFileLoader objec...
    │             │        │     └ {'__name__': '__main__', '__doc__': None, '__package__': '', '__loader__': <_frozen_importlib_external.SourceFileLoader objec...
    │             │        └ 'C:\\Users\\pedro\\Documents\\ERGONDATA\\KMM\\src\\bots\\jmendes\\worker.py'
    │             └ <function execfile at 0x000001C5E842E3B0>
    └ <module '_pydev_bundle.pydev_imports' from 'C:\\Program Files\\JetBrains\\PyCharm 2025.3\\plugins\\python-ce\\helpers\\pydev\...

  File "C:\Program Files\JetBrains\PyCharm 2025.3\plugins\python-ce\helpers\pydev\_pydev_imps\_pydev_execfile.py", line 18, in execfile
    exec(compile(contents+"\n", file, 'exec'), glob, loc)
                 │              │              │     └ {'__name__': '__main__', '__doc__': None, '__package__': '', '__loader__': <_frozen_importlib_external.SourceFileLoader objec...
                 │              │              └ {'__name__': '__main__', '__doc__': None, '__package__': '', '__loader__': <_frozen_importlib_external.SourceFileLoader objec...
                 │              └ 'C:\\Users\\pedro\\Documents\\ERGONDATA\\KMM\\src\\bots\\jmendes\\worker.py'
                 └ 'import json\nimport pika\nimport os\nfrom dotenv import load_dotenv\nfrom src.bots.jmendes.kmm_process import process\nfrom ...

  File "C:\Users\pedro\Documents\ERGONDATA\KMM\src\bots\jmendes\worker.py", line 133, in <module>
    process_case()
    └ <function process_case at 0x000001C5E86E8F70>

  File "C:\Users\pedro\Documents\ERGONDATA\KMM\src\bots\jmendes\worker.py", line 36, in process_case
    process(
    └ <function process at 0x000001C5E922BE20>

  File "C:\Users\pedro\Documents\ERGONDATA\KMM\src\bots\jmendes\kmm_process.py", line 22, in process
    contract_number = kmm.emitting_contract_repomfretea(
                      │   └ <function KMMActions.emitting_contract_repomfretea at 0x000001C5E922B6D0>
                      └ <kmm.services.kmm_actions.KMMActions object at 0x000001C5E97CD090>

> File "C:\Users\pedro\Documents\ERGONDATA\KMM\src\kmm\services\kmm_actions.py", line 438, in emitting_contract_repomfretea
    kmm_pass = password_generate(license_plate=license_plate, control_number=control_number)
               │                               │                             └ 21
               │                               └ 'KRR7D11'
               └ <function password_generate at 0x000001C5E914A4D0>

  File "C:\Users\pedro\Documents\ERGONDATA\KMM\src\kmm\helper\kmm_password_generator.py", line 9, in password_generate
    if int(license_plate) % 2 == 0:
           └ 'KRR7D11'

ValueError: invalid literal for int() with base 10: 'KRR7D11'
2026-01-08 10:12:02 | ERROR | __main__:process_case | Falha não mapeada. Erro 'KeyboardInterrupt' object is not callable | {}
Traceback (most recent call last):

  File "C:\Users\pedro\Documents\ERGONDATA\KMM\src\kmm\services\kmm_actions.py", line 438, in emitting_contract_repomfretea
    kmm_pass = password_generate(license_plate=license_plate, control_number=control_number)
               │                               │                             └ 21
               │                               └ 'KRR7D11'
               └ <function password_generate at 0x000001C5E914A4D0>

  File "C:\Users\pedro\Documents\ERGONDATA\KMM\src\kmm\helper\kmm_password_generator.py", line 9, in password_generate
    if int(license_plate) % 2 == 0:
           └ 'KRR7D11'

ValueError: invalid literal for int() with base 10: 'KRR7D11'


During handling of the above exception, another exception occurred:


Traceback (most recent call last):

  File "C:\Users\pedro\Documents\ERGONDATA\KMM\src\bots\jmendes\kmm_process.py", line 22, in process
    contract_number = kmm.emitting_contract_repomfretea(
                      │   └ <function KMMActions.emitting_contract_repomfretea at 0x000001C5E922B6D0>
                      └ <kmm.services.kmm_actions.KMMActions object at 0x000001C5E97CD090>

  File "C:\Users\pedro\Documents\ERGONDATA\KMM\src\kmm\services\kmm_actions.py", line 466, in emitting_contract_repomfretea
    self.driver.switch_to_window(home_window=True)
    │    │      └ <function KMMIEDriver.switch_to_window at 0x000001C5E9149D80>
    │    └ <kmm.ie_driver.ie_driver.KMMIEDriver object at 0x000001C5E97CCB80>
    └ <kmm.services.kmm_actions.KMMActions object at 0x000001C5E97CD090>

  File "C:\Users\pedro\Documents\ERGONDATA\KMM\src\kmm\services\kmm_actions.py", line 466, in emitting_contract_repomfretea
    self.driver.switch_to_window(home_window=True)
    │    │      └ <function KMMIEDriver.switch_to_window at 0x000001C5E9149D80>
    │    └ <kmm.ie_driver.ie_driver.KMMIEDriver object at 0x000001C5E97CCB80>
    └ <kmm.services.kmm_actions.KMMActions object at 0x000001C5E97CD090>

  File "_pydevd_bundle/pydevd_cython_win32_310_64.pyx", line 1186, in _pydevd_bundle.pydevd_cython_win32_310_64.SafeCallWrapper.__call__
  File "_pydevd_bundle/pydevd_cython_win32_310_64.pyx", line 627, in _pydevd_bundle.pydevd_cython_win32_310_64.PyDBFrame.trace_dispatch
  File "_pydevd_bundle/pydevd_cython_win32_310_64.pyx", line 937, in _pydevd_bundle.pydevd_cython_win32_310_64.PyDBFrame.trace_dispatch
  File "_pydevd_bundle/pydevd_cython_win32_310_64.pyx", line 928, in _pydevd_bundle.pydevd_cython_win32_310_64.PyDBFrame.trace_dispatch
  File "_pydevd_bundle/pydevd_cython_win32_310_64.pyx", line 585, in _pydevd_bundle.pydevd_cython_win32_310_64.PyDBFrame.do_wait_suspend

  File "C:\Program Files\JetBrains\PyCharm 2025.3\plugins\python-ce\helpers\pydev\pydevd.py", line 1195, in do_wait_suspend
    self._do_wait_suspend(thread, frame, event, arg, suspend_type, from_this_thread)
    │    │                │       │      │      │    │             └ []
    │    │                │       │      │      │    └ 'trace'
    │    │                │       │      │      └ None
    │    │                │       │      └ 'line'
    │    │                │       └ <frame at 0x000001C5E75E4230, file 'C:\\Users\\pedro\\Documents\\ERGONDATA\\KMM\\src\\kmm\\services\\kmm_actions.py', line 47...
    │    │                └ <_MainThread(MainThread, started 5748)>
    │    └ <function PyDB._do_wait_suspend at 0x000001C5E851DC60>
    └ <__main__.PyDB object at 0x000001C5E867D600>

  File "C:\Program Files\JetBrains\PyCharm 2025.3\plugins\python-ce\helpers\pydev\pydevd.py", line 1210, in _do_wait_suspend
    time.sleep(0.01)
    │    └ <built-in function sleep>
    └ <module 'time' (built-in)>

KeyboardInterrupt


During handling of the above exception, another exception occurred:


Traceback (most recent call last):

  File "C:\Program Files\JetBrains\PyCharm 2025.3\plugins\python-ce\helpers\pydev\pydevd.py", line 2391, in <module>
    main()
    └ <function main at 0x000001C5E851F2E0>

  File "C:\Program Files\JetBrains\PyCharm 2025.3\plugins\python-ce\helpers\pydev\pydevd.py", line 2372, in main
    globals = debugger.run(setup['file'], None, None, is_module)
              │        │   │                          └ False
              │        │   └ {'port': 50337, 'vm_type': None, 'client': '127.0.0.1', 'server': False, 'DEBUG_RECORD_SOCKET_READS': False, 'multiproc': Fal...
              │        └ <function PyDB.run at 0x000001C5E851E290>
              └ <__main__.PyDB object at 0x000001C5E867D600>

  File "C:\Program Files\JetBrains\PyCharm 2025.3\plugins\python-ce\helpers\pydev\pydevd.py", line 1640, in run
    return self._exec(is_module, entry_point_fn, module_name, file, globals, locals)
           │    │     │          │               │            │     │        └ {'__name__': '__main__', '__doc__': None, '__package__': '', '__loader__': <_frozen_importlib_external.SourceFileLoader objec...
           │    │     │          │               │            │     └ {'__name__': '__main__', '__doc__': None, '__package__': '', '__loader__': <_frozen_importlib_external.SourceFileLoader objec...
           │    │     │          │               │            └ 'C:\\Users\\pedro\\Documents\\ERGONDATA\\KMM\\src\\bots\\jmendes\\worker.py'
           │    │     │          │               └ None
           │    │     │          └ ''
           │    │     └ False
           │    └ <function PyDB._exec at 0x000001C5E851E320>
           └ <__main__.PyDB object at 0x000001C5E867D600>

  File "C:\Program Files\JetBrains\PyCharm 2025.3\plugins\python-ce\helpers\pydev\pydevd.py", line 1647, in _exec
    pydev_imports.execfile(file, globals, locals)  # execute the script
    │             │        │     │        └ {'__name__': '__main__', '__doc__': None, '__package__': '', '__loader__': <_frozen_importlib_external.SourceFileLoader objec...
    │             │        │     └ {'__name__': '__main__', '__doc__': None, '__package__': '', '__loader__': <_frozen_importlib_external.SourceFileLoader objec...
    │             │        └ 'C:\\Users\\pedro\\Documents\\ERGONDATA\\KMM\\src\\bots\\jmendes\\worker.py'
    │             └ <function execfile at 0x000001C5E842E3B0>
    └ <module '_pydev_bundle.pydev_imports' from 'C:\\Program Files\\JetBrains\\PyCharm 2025.3\\plugins\\python-ce\\helpers\\pydev\...

  File "C:\Program Files\JetBrains\PyCharm 2025.3\plugins\python-ce\helpers\pydev\_pydev_imps\_pydev_execfile.py", line 18, in execfile
    exec(compile(contents+"\n", file, 'exec'), glob, loc)
                 │              │              │     └ {'__name__': '__main__', '__doc__': None, '__package__': '', '__loader__': <_frozen_importlib_external.SourceFileLoader objec...
                 │              │              └ {'__name__': '__main__', '__doc__': None, '__package__': '', '__loader__': <_frozen_importlib_external.SourceFileLoader objec...
                 │              └ 'C:\\Users\\pedro\\Documents\\ERGONDATA\\KMM\\src\\bots\\jmendes\\worker.py'
                 └ 'import json\nimport pika\nimport os\nfrom dotenv import load_dotenv\nfrom src.bots.jmendes.kmm_process import process\nfrom ...

  File "C:\Users\pedro\Documents\ERGONDATA\KMM\src\bots\jmendes\worker.py", line 133, in <module>
    process_case()
    └ <function process_case at 0x000001C5E86E8F70>

> File "C:\Users\pedro\Documents\ERGONDATA\KMM\src\bots\jmendes\worker.py", line 36, in process_case
    process(
    └ <function process at 0x000001C5E922BE20>

  File "C:\Users\pedro\Documents\ERGONDATA\KMM\src\bots\jmendes\kmm_process.py", line 13, in process
    with KMMActions(service='JMendes') as kmm:
         │                                └ <kmm.services.kmm_actions.KMMActions object at 0x000001C5E97CD090>
         └ <class 'kmm.services.kmm_actions.KMMActions'>

TypeError: 'KeyboardInterrupt' object is not callable
2026-01-08 10:12:17 | INFO | kmm.services.kmm_actions:login | Iniciando login | {'service': 'JMendes'}
2026-01-08 10:12:31 | INFO | kmm.services.kmm_actions:login | Fim do Login | {'service': 'JMendes'}
2026-01-08 10:12:31 | INFO | kmm.services.kmm_actions:quick_access | Acessando menu REPOMFRETEA via acesso rápido | {'service': 'JMendes'}
2026-01-08 10:12:38 | INFO | kmm.services.kmm_actions:quick_access | Fim do acesso rápido | {'service': 'JMendes'}
2026-01-08 10:13:08 | ERROR | kmm.services.kmm_actions:emitting_contract_repomfretea | Falha ao gerar o contrato, tentando novamente. Erro => invalid literal for int() with base 10: 'KRR7D11' | {'service': 'JMendes'}
2026-01-08 10:15:00 | ERROR | __main__:process_case | Falha não mapeada. Erro 'KeyboardInterrupt' object is not callable | {}
Traceback (most recent call last):

  File "C:\Users\pedro\Documents\ERGONDATA\KMM\src\kmm\services\kmm_actions.py", line 438, in emitting_contract_repomfretea
    kmm_pass = password_generate(license_plate=license_plate, control_number=control_number)
               │                               │                             └ 21
               │                               └ 'KRR7D11'
               └ <function password_generate at 0x0000022121AFA3B0>

  File "C:\Users\pedro\Documents\ERGONDATA\KMM\src\kmm\helper\kmm_password_generator.py", line 9, in password_generate
    if int(license_plate) % 2 == 0:
           └ 'KRR7D11'

ValueError: invalid literal for int() with base 10: 'KRR7D11'


During handling of the above exception, another exception occurred:


Traceback (most recent call last):

  File "C:\Users\pedro\Documents\ERGONDATA\KMM\src\bots\jmendes\kmm_process.py", line 22, in process
    contract_number = kmm.emitting_contract_repomfretea(
                      │   └ <function KMMActions.emitting_contract_repomfretea at 0x0000022121BDA710>
                      └ <kmm.services.kmm_actions.KMMActions object at 0x00000221221910C0>

  File "C:\Users\pedro\Documents\ERGONDATA\KMM\src\kmm\services\kmm_actions.py", line 466, in emitting_contract_repomfretea
    self.driver.switch_to_window(home_window=True)
    │    │      └ <function KMMIEDriver.switch_to_window at 0x0000022121AF9C60>
    │    └ <kmm.ie_driver.ie_driver.KMMIEDriver object at 0x0000022122190BB0>
    └ <kmm.services.kmm_actions.KMMActions object at 0x00000221221910C0>

  File "C:\Users\pedro\Documents\ERGONDATA\KMM\src\kmm\services\kmm_actions.py", line 466, in emitting_contract_repomfretea
    self.driver.switch_to_window(home_window=True)
    │    │      └ <function KMMIEDriver.switch_to_window at 0x0000022121AF9C60>
    │    └ <kmm.ie_driver.ie_driver.KMMIEDriver object at 0x0000022122190BB0>
    └ <kmm.services.kmm_actions.KMMActions object at 0x00000221221910C0>

  File "_pydevd_bundle/pydevd_cython_win32_310_64.pyx", line 1186, in _pydevd_bundle.pydevd_cython_win32_310_64.SafeCallWrapper.__call__
  File "_pydevd_bundle/pydevd_cython_win32_310_64.pyx", line 627, in _pydevd_bundle.pydevd_cython_win32_310_64.PyDBFrame.trace_dispatch
  File "_pydevd_bundle/pydevd_cython_win32_310_64.pyx", line 937, in _pydevd_bundle.pydevd_cython_win32_310_64.PyDBFrame.trace_dispatch
  File "_pydevd_bundle/pydevd_cython_win32_310_64.pyx", line 928, in _pydevd_bundle.pydevd_cython_win32_310_64.PyDBFrame.trace_dispatch
  File "_pydevd_bundle/pydevd_cython_win32_310_64.pyx", line 585, in _pydevd_bundle.pydevd_cython_win32_310_64.PyDBFrame.do_wait_suspend

  File "C:\Program Files\JetBrains\PyCharm 2025.3\plugins\python-ce\helpers\pydev\pydevd.py", line 1195, in do_wait_suspend
    self._do_wait_suspend(thread, frame, event, arg, suspend_type, from_this_thread)
    │    │                │       │      │      │    │             └ []
    │    │                │       │      │      │    └ 'trace'
    │    │                │       │      │      └ None
    │    │                │       │      └ 'line'
    │    │                │       └ <frame at 0x000002211FFE99E0, file 'C:\\Users\\pedro\\Documents\\ERGONDATA\\KMM\\src\\kmm\\services\\kmm_actions.py', line 47...
    │    │                └ <_MainThread(MainThread, started 2152)>
    │    └ <function PyDB._do_wait_suspend at 0x0000022120ECDC60>
    └ <__main__.PyDB object at 0x000002212102D600>

  File "C:\Program Files\JetBrains\PyCharm 2025.3\plugins\python-ce\helpers\pydev\pydevd.py", line 1210, in _do_wait_suspend
    time.sleep(0.01)
    │    └ <built-in function sleep>
    └ <module 'time' (built-in)>

KeyboardInterrupt


During handling of the above exception, another exception occurred:


Traceback (most recent call last):

  File "C:\Program Files\JetBrains\PyCharm 2025.3\plugins\python-ce\helpers\pydev\pydevd.py", line 2391, in <module>
    main()
    └ <function main at 0x0000022120ECF2E0>

  File "C:\Program Files\JetBrains\PyCharm 2025.3\plugins\python-ce\helpers\pydev\pydevd.py", line 2372, in main
    globals = debugger.run(setup['file'], None, None, is_module)
              │        │   │                          └ False
              │        │   └ {'port': 50528, 'vm_type': None, 'client': '127.0.0.1', 'server': False, 'DEBUG_RECORD_SOCKET_READS': False, 'multiproc': Fal...
              │        └ <function PyDB.run at 0x0000022120ECE290>
              └ <__main__.PyDB object at 0x000002212102D600>

  File "C:\Program Files\JetBrains\PyCharm 2025.3\plugins\python-ce\helpers\pydev\pydevd.py", line 1640, in run
    return self._exec(is_module, entry_point_fn, module_name, file, globals, locals)
           │    │     │          │               │            │     │        └ {'__name__': '__main__', '__doc__': None, '__package__': '', '__loader__': <_frozen_importlib_external.SourceFileLoader objec...
           │    │     │          │               │            │     └ {'__name__': '__main__', '__doc__': None, '__package__': '', '__loader__': <_frozen_importlib_external.SourceFileLoader objec...
           │    │     │          │               │            └ 'C:\\Users\\pedro\\Documents\\ERGONDATA\\KMM\\src\\bots\\jmendes\\worker.py'
           │    │     │          │               └ None
           │    │     │          └ ''
           │    │     └ False
           │    └ <function PyDB._exec at 0x0000022120ECE320>
           └ <__main__.PyDB object at 0x000002212102D600>

  File "C:\Program Files\JetBrains\PyCharm 2025.3\plugins\python-ce\helpers\pydev\pydevd.py", line 1647, in _exec
    pydev_imports.execfile(file, globals, locals)  # execute the script
    │             │        │     │        └ {'__name__': '__main__', '__doc__': None, '__package__': '', '__loader__': <_frozen_importlib_external.SourceFileLoader objec...
    │             │        │     └ {'__name__': '__main__', '__doc__': None, '__package__': '', '__loader__': <_frozen_importlib_external.SourceFileLoader objec...
    │             │        └ 'C:\\Users\\pedro\\Documents\\ERGONDATA\\KMM\\src\\bots\\jmendes\\worker.py'
    │             └ <function execfile at 0x0000022120DDE3B0>
    └ <module '_pydev_bundle.pydev_imports' from 'C:\\Program Files\\JetBrains\\PyCharm 2025.3\\plugins\\python-ce\\helpers\\pydev\...

  File "C:\Program Files\JetBrains\PyCharm 2025.3\plugins\python-ce\helpers\pydev\_pydev_imps\_pydev_execfile.py", line 18, in execfile
    exec(compile(contents+"\n", file, 'exec'), glob, loc)
                 │              │              │     └ {'__name__': '__main__', '__doc__': None, '__package__': '', '__loader__': <_frozen_importlib_external.SourceFileLoader objec...
                 │              │              └ {'__name__': '__main__', '__doc__': None, '__package__': '', '__loader__': <_frozen_importlib_external.SourceFileLoader objec...
                 │              └ 'C:\\Users\\pedro\\Documents\\ERGONDATA\\KMM\\src\\bots\\jmendes\\worker.py'
                 └ 'import json\nimport pika\nimport os\nfrom dotenv import load_dotenv\nfrom src.bots.jmendes.kmm_process import process\nfrom ...

  File "C:\Users\pedro\Documents\ERGONDATA\KMM\src\bots\jmendes\worker.py", line 133, in <module>
    process_case()
    └ <function process_case at 0x00000221210A4E50>

> File "C:\Users\pedro\Documents\ERGONDATA\KMM\src\bots\jmendes\worker.py", line 36, in process_case
    process(
    └ <function process at 0x0000022121BDB130>

  File "C:\Users\pedro\Documents\ERGONDATA\KMM\src\bots\jmendes\kmm_process.py", line 13, in process
    with KMMActions(service='JMendes') as kmm:
         │                                └ <kmm.services.kmm_actions.KMMActions object at 0x00000221221910C0>
         └ <class 'kmm.services.kmm_actions.KMMActions'>

TypeError: 'KeyboardInterrupt' object is not callable
2026-01-08 10:15:14 | INFO | kmm.services.kmm_actions:login | Iniciando login | {'service': 'JMendes'}
2026-01-08 10:15:26 | INFO | kmm.services.kmm_actions:login | Fim do Login | {'service': 'JMendes'}
2026-01-08 10:15:26 | INFO | kmm.services.kmm_actions:quick_access | Acessando menu REPOMFRETEA via acesso rápido | {'service': 'JMendes'}
2026-01-08 10:15:34 | INFO | kmm.services.kmm_actions:quick_access | Fim do acesso rápido | {'service': 'JMendes'}
2026-01-08 10:22:29 | ERROR | kmm.services.kmm_actions:emitting_contract_repomfretea | Falha ao gerar o contrato, tentando novamente. Erro => invalid literal for int() with base 10: 'KRR7D11' | {'service': 'JMendes'}
Traceback (most recent call last):

  File "C:\Program Files\JetBrains\PyCharm 2025.3\plugins\python-ce\helpers\pydev\pydevd.py", line 2391, in <module>
    main()
    └ <function main at 0x00000226D2C3F2E0>

  File "C:\Program Files\JetBrains\PyCharm 2025.3\plugins\python-ce\helpers\pydev\pydevd.py", line 2372, in main
    globals = debugger.run(setup['file'], None, None, is_module)
              │        │   │                          └ False
              │        │   └ {'port': 50717, 'vm_type': None, 'client': '127.0.0.1', 'server': False, 'DEBUG_RECORD_SOCKET_READS': False, 'multiproc': Fal...
              │        └ <function PyDB.run at 0x00000226D2C3E290>
              └ <__main__.PyDB object at 0x00000226D2D9D600>

  File "C:\Program Files\JetBrains\PyCharm 2025.3\plugins\python-ce\helpers\pydev\pydevd.py", line 1640, in run
    return self._exec(is_module, entry_point_fn, module_name, file, globals, locals)
           │    │     │          │               │            │     │        └ {'__name__': '__main__', '__doc__': None, '__package__': '', '__loader__': <_frozen_importlib_external.SourceFileLoader objec...
           │    │     │          │               │            │     └ {'__name__': '__main__', '__doc__': None, '__package__': '', '__loader__': <_frozen_importlib_external.SourceFileLoader objec...
           │    │     │          │               │            └ 'C:\\Users\\pedro\\Documents\\ERGONDATA\\KMM\\src\\bots\\jmendes\\worker.py'
           │    │     │          │               └ None
           │    │     │          └ ''
           │    │     └ False
           │    └ <function PyDB._exec at 0x00000226D2C3E320>
           └ <__main__.PyDB object at 0x00000226D2D9D600>

  File "C:\Program Files\JetBrains\PyCharm 2025.3\plugins\python-ce\helpers\pydev\pydevd.py", line 1647, in _exec
    pydev_imports.execfile(file, globals, locals)  # execute the script
    │             │        │     │        └ {'__name__': '__main__', '__doc__': None, '__package__': '', '__loader__': <_frozen_importlib_external.SourceFileLoader objec...
    │             │        │     └ {'__name__': '__main__', '__doc__': None, '__package__': '', '__loader__': <_frozen_importlib_external.SourceFileLoader objec...
    │             │        └ 'C:\\Users\\pedro\\Documents\\ERGONDATA\\KMM\\src\\bots\\jmendes\\worker.py'
    │             └ <function execfile at 0x00000226D2B6E3B0>
    └ <module '_pydev_bundle.pydev_imports' from 'C:\\Program Files\\JetBrains\\PyCharm 2025.3\\plugins\\python-ce\\helpers\\pydev\...

  File "C:\Program Files\JetBrains\PyCharm 2025.3\plugins\python-ce\helpers\pydev\_pydev_imps\_pydev_execfile.py", line 18, in execfile
    exec(compile(contents+"\n", file, 'exec'), glob, loc)
                 │              │              │     └ {'__name__': '__main__', '__doc__': None, '__package__': '', '__loader__': <_frozen_importlib_external.SourceFileLoader objec...
                 │              │              └ {'__name__': '__main__', '__doc__': None, '__package__': '', '__loader__': <_frozen_importlib_external.SourceFileLoader objec...
                 │              └ 'C:\\Users\\pedro\\Documents\\ERGONDATA\\KMM\\src\\bots\\jmendes\\worker.py'
                 └ 'import json\nimport pika\nimport os\nfrom dotenv import load_dotenv\nfrom src.bots.jmendes.kmm_process import process\nfrom ...

  File "C:\Users\pedro\Documents\ERGONDATA\KMM\src\bots\jmendes\worker.py", line 133, in <module>
    process_case()
    └ <function process_case at 0x00000226D2E14E50>

  File "C:\Users\pedro\Documents\ERGONDATA\KMM\src\bots\jmendes\worker.py", line 36, in process_case
    process(
    └ <function process at 0x00000226D3947AC0>

  File "C:\Users\pedro\Documents\ERGONDATA\KMM\src\bots\jmendes\kmm_process.py", line 22, in process
    contract_number = kmm.emitting_contract_repomfretea(
                      │   └ <function KMMActions.emitting_contract_repomfretea at 0x00000226D3947910>
                      └ <kmm.services.kmm_actions.KMMActions object at 0x00000226D3EE5120>

> File "C:\Users\pedro\Documents\ERGONDATA\KMM\src\kmm\services\kmm_actions.py", line 438, in emitting_contract_repomfretea
    kmm_pass = password_generate(license_plate=license_plate[-2::], control_number=control_number)
               │                               │                                   └ 21
               │                               └ 'KRR7D11'
               └ <function password_generate at 0x00000226D386E560>

  File "C:\Users\pedro\Documents\ERGONDATA\KMM\src\kmm\helper\kmm_password_generator.py", line 9, in password_generate
    if int(license_plate) % 2 == 0:
           └ 'KRR7D11'

ValueError: invalid literal for int() with base 10: 'KRR7D11'
2026-01-08 10:23:26 | INFO | kmm.services.kmm_actions:login | Iniciando login | {'service': 'JMendes'}
2026-01-08 10:23:39 | INFO | kmm.services.kmm_actions:login | Fim do Login | {'service': 'JMendes'}
2026-01-08 10:23:39 | INFO | kmm.services.kmm_actions:quick_access | Acessando menu REPOMFRETEA via acesso rápido | {'service': 'JMendes'}
2026-01-08 10:23:47 | INFO | kmm.services.kmm_actions:quick_access | Fim do acesso rápido | {'service': 'JMendes'}
2026-01-08 10:25:33 | ERROR | __main__:process_case | Falha não mapeada. Erro 'KeyboardInterrupt' object is not callable | {}
Traceback (most recent call last):

  File "C:\Users\pedro\Documents\ERGONDATA\KMM\src\bots\jmendes\kmm_process.py", line 22, in process
    contract_number = kmm.emitting_contract_repomfretea(
                      │   └ <function KMMActions.emitting_contract_repomfretea at 0x000001762F7C67A0>
                      └ <kmm.services.kmm_actions.KMMActions object at 0x000001762FD690F0>

  File "C:\Users\pedro\Documents\ERGONDATA\KMM\src\kmm\services\kmm_actions.py", line 442, in emitting_contract_repomfretea
    self.driver.safe_click('id:btn_confirmar')
    │    │      └ <function KMMIEDriver.safe_click at 0x000001762F6E97E0>
    │    └ <kmm.ie_driver.ie_driver.KMMIEDriver object at 0x000001762FD68BE0>
    └ <kmm.services.kmm_actions.KMMActions object at 0x000001762FD690F0>

  File "C:\Users\pedro\Documents\ERGONDATA\KMM\src\kmm\services\kmm_actions.py", line 442, in emitting_contract_repomfretea
    self.driver.safe_click('id:btn_confirmar')
    │    │      └ <function KMMIEDriver.safe_click at 0x000001762F6E97E0>
    │    └ <kmm.ie_driver.ie_driver.KMMIEDriver object at 0x000001762FD68BE0>
    └ <kmm.services.kmm_actions.KMMActions object at 0x000001762FD690F0>

  File "_pydevd_bundle/pydevd_cython_win32_310_64.pyx", line 1186, in _pydevd_bundle.pydevd_cython_win32_310_64.SafeCallWrapper.__call__
  File "_pydevd_bundle/pydevd_cython_win32_310_64.pyx", line 627, in _pydevd_bundle.pydevd_cython_win32_310_64.PyDBFrame.trace_dispatch
  File "_pydevd_bundle/pydevd_cython_win32_310_64.pyx", line 937, in _pydevd_bundle.pydevd_cython_win32_310_64.PyDBFrame.trace_dispatch
  File "_pydevd_bundle/pydevd_cython_win32_310_64.pyx", line 928, in _pydevd_bundle.pydevd_cython_win32_310_64.PyDBFrame.trace_dispatch
  File "_pydevd_bundle/pydevd_cython_win32_310_64.pyx", line 585, in _pydevd_bundle.pydevd_cython_win32_310_64.PyDBFrame.do_wait_suspend

  File "C:\Program Files\JetBrains\PyCharm 2025.3\plugins\python-ce\helpers\pydev\pydevd.py", line 1195, in do_wait_suspend
    self._do_wait_suspend(thread, frame, event, arg, suspend_type, from_this_thread)
    │    │                │       │      │      │    │             └ []
    │    │                │       │      │      │    └ 'trace'
    │    │                │       │      │      └ None
    │    │                │       │      └ 'line'
    │    │                │       └ <frame at 0x000001762DD95D70, file 'C:\\Users\\pedro\\Documents\\ERGONDATA\\KMM\\src\\kmm\\services\\kmm_actions.py', line 47...
    │    │                └ <_MainThread(MainThread, started 3836)>
    │    └ <function PyDB._do_wait_suspend at 0x000001762EABDC60>
    └ <__main__.PyDB object at 0x000001762EC1D600>

  File "C:\Program Files\JetBrains\PyCharm 2025.3\plugins\python-ce\helpers\pydev\pydevd.py", line 1210, in _do_wait_suspend
    time.sleep(0.01)
    │    └ <built-in function sleep>
    └ <module 'time' (built-in)>

KeyboardInterrupt


During handling of the above exception, another exception occurred:


Traceback (most recent call last):

  File "C:\Program Files\JetBrains\PyCharm 2025.3\plugins\python-ce\helpers\pydev\pydevd.py", line 2391, in <module>
    main()
    └ <function main at 0x000001762EABF2E0>

  File "C:\Program Files\JetBrains\PyCharm 2025.3\plugins\python-ce\helpers\pydev\pydevd.py", line 2372, in main
    globals = debugger.run(setup['file'], None, None, is_module)
              │        │   │                          └ False
              │        │   └ {'port': 50920, 'vm_type': None, 'client': '127.0.0.1', 'server': False, 'DEBUG_RECORD_SOCKET_READS': False, 'multiproc': Fal...
              │        └ <function PyDB.run at 0x000001762EABE290>
              └ <__main__.PyDB object at 0x000001762EC1D600>

  File "C:\Program Files\JetBrains\PyCharm 2025.3\plugins\python-ce\helpers\pydev\pydevd.py", line 1640, in run
    return self._exec(is_module, entry_point_fn, module_name, file, globals, locals)
           │    │     │          │               │            │     │        └ {'__name__': '__main__', '__doc__': None, '__package__': '', '__loader__': <_frozen_importlib_external.SourceFileLoader objec...
           │    │     │          │               │            │     └ {'__name__': '__main__', '__doc__': None, '__package__': '', '__loader__': <_frozen_importlib_external.SourceFileLoader objec...
           │    │     │          │               │            └ 'C:\\Users\\pedro\\Documents\\ERGONDATA\\KMM\\src\\bots\\jmendes\\worker.py'
           │    │     │          │               └ None
           │    │     │          └ ''
           │    │     └ False
           │    └ <function PyDB._exec at 0x000001762EABE320>
           └ <__main__.PyDB object at 0x000001762EC1D600>

  File "C:\Program Files\JetBrains\PyCharm 2025.3\plugins\python-ce\helpers\pydev\pydevd.py", line 1647, in _exec
    pydev_imports.execfile(file, globals, locals)  # execute the script
    │             │        │     │        └ {'__name__': '__main__', '__doc__': None, '__package__': '', '__loader__': <_frozen_importlib_external.SourceFileLoader objec...
    │             │        │     └ {'__name__': '__main__', '__doc__': None, '__package__': '', '__loader__': <_frozen_importlib_external.SourceFileLoader objec...
    │             │        └ 'C:\\Users\\pedro\\Documents\\ERGONDATA\\KMM\\src\\bots\\jmendes\\worker.py'
    │             └ <function execfile at 0x000001762E9CE3B0>
    └ <module '_pydev_bundle.pydev_imports' from 'C:\\Program Files\\JetBrains\\PyCharm 2025.3\\plugins\\python-ce\\helpers\\pydev\...

  File "C:\Program Files\JetBrains\PyCharm 2025.3\plugins\python-ce\helpers\pydev\_pydev_imps\_pydev_execfile.py", line 18, in execfile
    exec(compile(contents+"\n", file, 'exec'), glob, loc)
                 │              │              │     └ {'__name__': '__main__', '__doc__': None, '__package__': '', '__loader__': <_frozen_importlib_external.SourceFileLoader objec...
                 │              │              └ {'__name__': '__main__', '__doc__': None, '__package__': '', '__loader__': <_frozen_importlib_external.SourceFileLoader objec...
                 │              └ 'C:\\Users\\pedro\\Documents\\ERGONDATA\\KMM\\src\\bots\\jmendes\\worker.py'
                 └ 'import json\nimport pika\nimport os\nfrom dotenv import load_dotenv\nfrom src.bots.jmendes.kmm_process import process\nfrom ...

  File "C:\Users\pedro\Documents\ERGONDATA\KMM\src\bots\jmendes\worker.py", line 133, in <module>
    process_case()
    └ <function process_case at 0x000001762EC90E50>

> File "C:\Users\pedro\Documents\ERGONDATA\KMM\src\bots\jmendes\worker.py", line 36, in process_case
    process(
    └ <function process at 0x000001762F7C6950>

  File "C:\Users\pedro\Documents\ERGONDATA\KMM\src\bots\jmendes\kmm_process.py", line 13, in process
    with KMMActions(service='JMendes') as kmm:
         │                                └ <kmm.services.kmm_actions.KMMActions object at 0x000001762FD690F0>
         └ <class 'kmm.services.kmm_actions.KMMActions'>

TypeError: 'KeyboardInterrupt' object is not callable
2026-01-08 10:35:40 | INFO | kmm.services.kmm_actions:login | Iniciando login | {'service': 'JMendes'}
2026-01-08 10:35:53 | INFO | kmm.services.kmm_actions:login | Fim do Login | {'service': 'JMendes'}
2026-01-08 10:35:53 | INFO | kmm.services.kmm_actions:quick_access | Acessando menu REPOMFRETEA via acesso rápido | {'service': 'JMendes'}
2026-01-08 10:36:00 | INFO | kmm.services.kmm_actions:quick_access | Fim do acesso rápido | {'service': 'JMendes'}
2026-01-08 10:36:52 | INFO | kmm.services.kmm_actions:quick_access | Acessando menu REPOMFRETED via acesso rápido | {'service': 'JMendes'}
2026-01-08 10:37:01 | INFO | kmm.services.kmm_actions:quick_access | Fim do acesso rápido | {'service': 'JMendes'}
2026-01-08 10:37:19 | INFO | kmm.services.kmm_actions:quick_access | Acessando menu LTREPOMFRETE via acesso rápido | {'service': 'JMendes'}
2026-01-08 10:37:28 | INFO | kmm.services.kmm_actions:quick_access | Fim do acesso rápido | {'service': 'JMendes'}
2026-01-08 10:41:16 | ERROR | __main__:process_case | Falha não mapeada. Erro 'KeyboardInterrupt' object is not callable | {}
Traceback (most recent call last):

  File "C:\Users\pedro\Documents\ERGONDATA\KMM\src\bots\jmendes\kmm_process.py", line 22, in process
    contract_number = kmm.emitting_contract_repomfretea(
                      │   └ <function KMMActions.emitting_contract_repomfretea at 0x0000028A3BB2A830>
                      └ <kmm.services.kmm_actions.KMMActions object at 0x0000028A3C0C5EA0>

  File "C:\Users\pedro\Documents\ERGONDATA\KMM\src\kmm\services\kmm_actions.py", line 441, in emitting_contract_repomfretea
    self.driver.safe_type('id:OBSERVACAO', '.')
    │    │      └ <function KMMIEDriver.safe_type at 0x0000028A3BA49990>
    │    └ <kmm.ie_driver.ie_driver.KMMIEDriver object at 0x0000028A3C0C72E0>
    └ <kmm.services.kmm_actions.KMMActions object at 0x0000028A3C0C5EA0>

  File "C:\Users\pedro\Documents\ERGONDATA\KMM\src\kmm\services\kmm_actions.py", line 441, in emitting_contract_repomfretea
    self.driver.safe_type('id:OBSERVACAO', '.')
    │    │      └ <function KMMIEDriver.safe_type at 0x0000028A3BA49990>
    │    └ <kmm.ie_driver.ie_driver.KMMIEDriver object at 0x0000028A3C0C72E0>
    └ <kmm.services.kmm_actions.KMMActions object at 0x0000028A3C0C5EA0>

  File "_pydevd_bundle/pydevd_cython_win32_310_64.pyx", line 1186, in _pydevd_bundle.pydevd_cython_win32_310_64.SafeCallWrapper.__call__
  File "_pydevd_bundle/pydevd_cython_win32_310_64.pyx", line 627, in _pydevd_bundle.pydevd_cython_win32_310_64.PyDBFrame.trace_dispatch
  File "_pydevd_bundle/pydevd_cython_win32_310_64.pyx", line 937, in _pydevd_bundle.pydevd_cython_win32_310_64.PyDBFrame.trace_dispatch
  File "_pydevd_bundle/pydevd_cython_win32_310_64.pyx", line 928, in _pydevd_bundle.pydevd_cython_win32_310_64.PyDBFrame.trace_dispatch
  File "_pydevd_bundle/pydevd_cython_win32_310_64.pyx", line 585, in _pydevd_bundle.pydevd_cython_win32_310_64.PyDBFrame.do_wait_suspend

  File "C:\Program Files\JetBrains\PyCharm 2025.3\plugins\python-ce\helpers\pydev\pydevd.py", line 1195, in do_wait_suspend
    self._do_wait_suspend(thread, frame, event, arg, suspend_type, from_this_thread)
    │    │                │       │      │      │    │             └ []
    │    │                │       │      │      │    └ 'trace'
    │    │                │       │      │      └ None
    │    │                │       │      └ 'line'
    │    │                │       └ <frame at 0x0000028A3A310760, file 'C:\\Users\\pedro\\Documents\\ERGONDATA\\KMM\\src\\kmm\\services\\kmm_actions.py', line 47...
    │    │                └ <_MainThread(MainThread, started 3696)>
    │    └ <function PyDB._do_wait_suspend at 0x0000028A3AE1DC60>
    └ <__main__.PyDB object at 0x0000028A3AF7D600>

  File "C:\Program Files\JetBrains\PyCharm 2025.3\plugins\python-ce\helpers\pydev\pydevd.py", line 1210, in _do_wait_suspend
    time.sleep(0.01)
    │    └ <built-in function sleep>
    └ <module 'time' (built-in)>

KeyboardInterrupt


During handling of the above exception, another exception occurred:


Traceback (most recent call last):

  File "C:\Program Files\JetBrains\PyCharm 2025.3\plugins\python-ce\helpers\pydev\pydevd.py", line 2391, in <module>
    main()
    └ <function main at 0x0000028A3AE1F2E0>

  File "C:\Program Files\JetBrains\PyCharm 2025.3\plugins\python-ce\helpers\pydev\pydevd.py", line 2372, in main
    globals = debugger.run(setup['file'], None, None, is_module)
              │        │   │                          └ False
              │        │   └ {'port': 51156, 'vm_type': None, 'client': '127.0.0.1', 'server': False, 'DEBUG_RECORD_SOCKET_READS': False, 'multiproc': Fal...
              │        └ <function PyDB.run at 0x0000028A3AE1E290>
              └ <__main__.PyDB object at 0x0000028A3AF7D600>

  File "C:\Program Files\JetBrains\PyCharm 2025.3\plugins\python-ce\helpers\pydev\pydevd.py", line 1640, in run
    return self._exec(is_module, entry_point_fn, module_name, file, globals, locals)
           │    │     │          │               │            │     │        └ {'__name__': '__main__', '__doc__': None, '__package__': '', '__loader__': <_frozen_importlib_external.SourceFileLoader objec...
           │    │     │          │               │            │     └ {'__name__': '__main__', '__doc__': None, '__package__': '', '__loader__': <_frozen_importlib_external.SourceFileLoader objec...
           │    │     │          │               │            └ 'C:\\Users\\pedro\\Documents\\ERGONDATA\\KMM\\src\\bots\\jmendes\\worker.py'
           │    │     │          │               └ None
           │    │     │          └ ''
           │    │     └ False
           │    └ <function PyDB._exec at 0x0000028A3AE1E320>
           └ <__main__.PyDB object at 0x0000028A3AF7D600>

  File "C:\Program Files\JetBrains\PyCharm 2025.3\plugins\python-ce\helpers\pydev\pydevd.py", line 1647, in _exec
    pydev_imports.execfile(file, globals, locals)  # execute the script
    │             │        │     │        └ {'__name__': '__main__', '__doc__': None, '__package__': '', '__loader__': <_frozen_importlib_external.SourceFileLoader objec...
    │             │        │     └ {'__name__': '__main__', '__doc__': None, '__package__': '', '__loader__': <_frozen_importlib_external.SourceFileLoader objec...
    │             │        └ 'C:\\Users\\pedro\\Documents\\ERGONDATA\\KMM\\src\\bots\\jmendes\\worker.py'
    │             └ <function execfile at 0x0000028A3AD2E3B0>
    └ <module '_pydev_bundle.pydev_imports' from 'C:\\Program Files\\JetBrains\\PyCharm 2025.3\\plugins\\python-ce\\helpers\\pydev\...

  File "C:\Program Files\JetBrains\PyCharm 2025.3\plugins\python-ce\helpers\pydev\_pydev_imps\_pydev_execfile.py", line 18, in execfile
    exec(compile(contents+"\n", file, 'exec'), glob, loc)
                 │              │              │     └ {'__name__': '__main__', '__doc__': None, '__package__': '', '__loader__': <_frozen_importlib_external.SourceFileLoader objec...
                 │              │              └ {'__name__': '__main__', '__doc__': None, '__package__': '', '__loader__': <_frozen_importlib_external.SourceFileLoader objec...
                 │              └ 'C:\\Users\\pedro\\Documents\\ERGONDATA\\KMM\\src\\bots\\jmendes\\worker.py'
                 └ 'import json\nimport pika\nimport os\nfrom dotenv import load_dotenv\nfrom src.bots.jmendes.kmm_process import process\nfrom ...

  File "C:\Users\pedro\Documents\ERGONDATA\KMM\src\bots\jmendes\worker.py", line 139, in <module>
    process_case()
    └ <function process_case at 0x0000028A3AFE89D0>

> File "C:\Users\pedro\Documents\ERGONDATA\KMM\src\bots\jmendes\worker.py", line 36, in process_case
    process(
    └ <function process at 0x0000028A3BB2B0A0>

  File "C:\Users\pedro\Documents\ERGONDATA\KMM\src\bots\jmendes\kmm_process.py", line 13, in process
    with KMMActions(service='JMendes') as kmm:
         │                                └ <kmm.services.kmm_actions.KMMActions object at 0x0000028A3C0C5EA0>
         └ <class 'kmm.services.kmm_actions.KMMActions'>

TypeError: 'KeyboardInterrupt' object is not callable
2026-01-08 10:51:06 | ERROR | __main__:run | Sem casos | {}
2026-01-08 11:18:27 | ERROR | __main__:<module> | Falha não mapeada. Erro (pyodbc.ProgrammingError) ('42000', "[42000] [Microsoft][ODBC Driver 17 for SQL Server][SQL Server]Incorrect syntax near '11'. (102) (SQLExecDirectW); [42000] [Microsoft][ODBC Driver 17 for SQL Server][SQL Server]Statement(s) could not be prepared. (8180)")
[SQL: 
            UPDATE Ergondata_Robo.dbo.complementar_jmendes
            SET STATUS_ = ?, ATUALIZADO_EM = 2026-01-08 11:18:09.143701
            WHERE ID = ?
        ]
[parameters: ('Processando', 3)]
(Background on this error at: https://sqlalche.me/e/20/f405) | {}
Traceback (most recent call last):

  File "C:\Users\pedro\Documents\ERGONDATA\KMM\.venv\lib\site-packages\sqlalchemy\engine\base.py", line 1967, in _exec_single_context
    self.dialect.do_execute(
    │    │       └ <function DefaultDialect.do_execute at 0x00000209E1593EB0>
    │    └ <sqlalchemy.dialects.mssql.pyodbc.MSDialect_pyodbc object at 0x00000209E1D3B370>
    └ <sqlalchemy.engine.base.Connection object at 0x00000209E1E25CC0>

  File "C:\Users\pedro\Documents\ERGONDATA\KMM\.venv\lib\site-packages\sqlalchemy\engine\default.py", line 952, in do_execute
    cursor.execute(statement, parameters)
    │      │       │          └ ('Processando', 3)
    │      │       └ '\n            UPDATE Ergondata_Robo.dbo.complementar_jmendes\n            SET STATUS_ = ?, ATUALIZADO_EM = 2026-01-08 11:18:...
    │      └ <method 'execute' of 'pyodbc.Cursor' objects>
    └ <pyodbc.Cursor object at 0x00000209E1DCEFB0>

pyodbc.ProgrammingError: ('42000', "[42000] [Microsoft][ODBC Driver 17 for SQL Server][SQL Server]Incorrect syntax near '11'. (102) (SQLExecDirectW); [42000] [Microsoft][ODBC Driver 17 for SQL Server][SQL Server]Statement(s) could not be prepared. (8180)")


The above exception was the direct cause of the following exception:


Traceback (most recent call last):

  File "C:\Program Files\JetBrains\PyCharm 2025.3\plugins\python-ce\helpers\pydev\pydevd.py", line 2391, in <module>
    main()
    └ <function main at 0x00000209E0B7F2E0>

  File "C:\Program Files\JetBrains\PyCharm 2025.3\plugins\python-ce\helpers\pydev\pydevd.py", line 2372, in main
    globals = debugger.run(setup['file'], None, None, is_module)
              │        │   │                          └ False
              │        │   └ {'port': 51596, 'vm_type': None, 'client': '127.0.0.1', 'server': False, 'DEBUG_RECORD_SOCKET_READS': False, 'multiproc': Fal...
              │        └ <function PyDB.run at 0x00000209E0B7E290>
              └ <__main__.PyDB object at 0x00000209E0CDD600>

  File "C:\Program Files\JetBrains\PyCharm 2025.3\plugins\python-ce\helpers\pydev\pydevd.py", line 1640, in run
    return self._exec(is_module, entry_point_fn, module_name, file, globals, locals)
           │    │     │          │               │            │     │        └ {'__name__': '__main__', '__doc__': None, '__package__': '', '__loader__': <_frozen_importlib_external.SourceFileLoader objec...
           │    │     │          │               │            │     └ {'__name__': '__main__', '__doc__': None, '__package__': '', '__loader__': <_frozen_importlib_external.SourceFileLoader objec...
           │    │     │          │               │            └ 'C:\\Users\\pedro\\Documents\\ERGONDATA\\KMM\\src\\bots\\jmendes\\worker.py'
           │    │     │          │               └ None
           │    │     │          └ ''
           │    │     └ False
           │    └ <function PyDB._exec at 0x00000209E0B7E320>
           └ <__main__.PyDB object at 0x00000209E0CDD600>

  File "C:\Program Files\JetBrains\PyCharm 2025.3\plugins\python-ce\helpers\pydev\pydevd.py", line 1647, in _exec
    pydev_imports.execfile(file, globals, locals)  # execute the script
    │             │        │     │        └ {'__name__': '__main__', '__doc__': None, '__package__': '', '__loader__': <_frozen_importlib_external.SourceFileLoader objec...
    │             │        │     └ {'__name__': '__main__', '__doc__': None, '__package__': '', '__loader__': <_frozen_importlib_external.SourceFileLoader objec...
    │             │        └ 'C:\\Users\\pedro\\Documents\\ERGONDATA\\KMM\\src\\bots\\jmendes\\worker.py'
    │             └ <function execfile at 0x00000209E0A8E3B0>
    └ <module '_pydev_bundle.pydev_imports' from 'C:\\Program Files\\JetBrains\\PyCharm 2025.3\\plugins\\python-ce\\helpers\\pydev\...

  File "C:\Program Files\JetBrains\PyCharm 2025.3\plugins\python-ce\helpers\pydev\_pydev_imps\_pydev_execfile.py", line 18, in execfile
    exec(compile(contents+"\n", file, 'exec'), glob, loc)
                 │              │              │     └ {'__name__': '__main__', '__doc__': None, '__package__': '', '__loader__': <_frozen_importlib_external.SourceFileLoader objec...
                 │              │              └ {'__name__': '__main__', '__doc__': None, '__package__': '', '__loader__': <_frozen_importlib_external.SourceFileLoader objec...
                 │              └ 'C:\\Users\\pedro\\Documents\\ERGONDATA\\KMM\\src\\bots\\jmendes\\worker.py'
                 └ 'import json\nimport pika\nimport os\nfrom dotenv import load_dotenv\nfrom src.bots.jmendes.kmm_process import process\nfrom ...

  File "C:\Users\pedro\Documents\ERGONDATA\KMM\src\bots\jmendes\worker.py", line 140, in <module>
    process_case()
    └ <function process_case at 0x00000209E0D48E50>

> File "C:\Users\pedro\Documents\ERGONDATA\KMM\src\bots\jmendes\worker.py", line 30, in process_case
    db.update(
    │  └ <function DB.update at 0x00000209E1D0AA70>
    └ <src.shared.db_handler.db_handler.DB object at 0x00000209E0DE6E00>

  File "C:\Users\pedro\Documents\ERGONDATA\KMM\src\shared\db_handler\db_handler.py", line 111, in update
    conn.execute(stmt, {"value": value, "id": id})
    │    │       │               │            └ 3
    │    │       │               └ 'Processando'
    │    │       └ <sqlalchemy.sql.elements.TextClause object at 0x00000209E1D3B220>
    │    └ <function Connection.execute at 0x00000209E150EA70>
    └ <sqlalchemy.engine.base.Connection object at 0x00000209E1E25CC0>

  File "C:\Users\pedro\Documents\ERGONDATA\KMM\.venv\lib\site-packages\sqlalchemy\engine\base.py", line 1419, in execute
    return meth(
           └ <bound method ClauseElement._execute_on_connection of <sqlalchemy.sql.elements.TextClause object at 0x00000209E1D3B220>>

  File "C:\Users\pedro\Documents\ERGONDATA\KMM\.venv\lib\site-packages\sqlalchemy\sql\elements.py", line 527, in _execute_on_connection
    return connection._execute_clauseelement(
           │          └ <function Connection._execute_clauseelement at 0x00000209E150ED40>
           └ <sqlalchemy.engine.base.Connection object at 0x00000209E1E25CC0>

  File "C:\Users\pedro\Documents\ERGONDATA\KMM\.venv\lib\site-packages\sqlalchemy\engine\base.py", line 1641, in _execute_clauseelement
    ret = self._execute_context(
          │    └ <function Connection._execute_context at 0x00000209E150EEF0>
          └ <sqlalchemy.engine.base.Connection object at 0x00000209E1E25CC0>

  File "C:\Users\pedro\Documents\ERGONDATA\KMM\.venv\lib\site-packages\sqlalchemy\engine\base.py", line 1846, in _execute_context
    return self._exec_single_context(
           │    └ <function Connection._exec_single_context at 0x00000209E150EF80>
           └ <sqlalchemy.engine.base.Connection object at 0x00000209E1E25CC0>

  File "C:\Users\pedro\Documents\ERGONDATA\KMM\.venv\lib\site-packages\sqlalchemy\engine\base.py", line 1986, in _exec_single_context
    self._handle_dbapi_exception(
    │    └ <function Connection._handle_dbapi_exception at 0x00000209E150F1C0>
    └ <sqlalchemy.engine.base.Connection object at 0x00000209E1E25CC0>

  File "C:\Users\pedro\Documents\ERGONDATA\KMM\.venv\lib\site-packages\sqlalchemy\engine\base.py", line 2363, in _handle_dbapi_exception
    raise sqlalchemy_exception.with_traceback(exc_info[2]) from e
          │                    │              │                 └ ProgrammingError('42000', "[42000] [Microsoft][ODBC Driver 17 for SQL Server][SQL Server]Incorrect syntax near '11'. (102) (S...
          │                    │              └ (<class 'pyodbc.ProgrammingError'>, ProgrammingError('42000', "[42000] [Microsoft][ODBC Driver 17 for SQL Server][SQL Server]...
          │                    └ <method 'with_traceback' of 'BaseException' objects>
          └ ProgrammingError('(pyodbc.ProgrammingError) (\'42000\', "[42000] [Microsoft][ODBC Driver 17 for SQL Server][SQL Server]Incorr...

  File "C:\Users\pedro\Documents\ERGONDATA\KMM\.venv\lib\site-packages\sqlalchemy\engine\base.py", line 1967, in _exec_single_context
    self.dialect.do_execute(
    │    │       └ <function DefaultDialect.do_execute at 0x00000209E1593EB0>
    │    └ <sqlalchemy.dialects.mssql.pyodbc.MSDialect_pyodbc object at 0x00000209E1D3B370>
    └ <sqlalchemy.engine.base.Connection object at 0x00000209E1E25CC0>

  File "C:\Users\pedro\Documents\ERGONDATA\KMM\.venv\lib\site-packages\sqlalchemy\engine\default.py", line 952, in do_execute
    cursor.execute(statement, parameters)
    │      │       │          └ ('Processando', 3)
    │      │       └ '\n            UPDATE Ergondata_Robo.dbo.complementar_jmendes\n            SET STATUS_ = ?, ATUALIZADO_EM = 2026-01-08 11:18:...
    │      └ <method 'execute' of 'pyodbc.Cursor' objects>
    └ <pyodbc.Cursor object at 0x00000209E1DCEFB0>

sqlalchemy.exc.ProgrammingError: (pyodbc.ProgrammingError) ('42000', "[42000] [Microsoft][ODBC Driver 17 for SQL Server][SQL Server]Incorrect syntax near '11'. (102) (SQLExecDirectW); [42000] [Microsoft][ODBC Driver 17 for SQL Server][SQL Server]Statement(s) could not be prepared. (8180)")
[SQL: 
            UPDATE Ergondata_Robo.dbo.complementar_jmendes
            SET STATUS_ = ?, ATUALIZADO_EM = 2026-01-08 11:18:09.143701
            WHERE ID = ?
        ]
[parameters: ('Processando', 3)]
(Background on this error at: https://sqlalche.me/e/20/f405)
2026-01-08 11:20:55 | ERROR | __main__:process_case | Falha não mapeada. Erro (pyodbc.ProgrammingError) ('42000', "[42000] [Microsoft][ODBC Driver 17 for SQL Server][SQL Server]Incorrect syntax near '`'. (102) (SQLExecDirectW); [42000] [Microsoft][ODBC Driver 17 for SQL Server][SQL Server]Statement(s) could not be prepared. (8180)")
[SQL: 
            UPDATE Ergondata_Robo.dbo.complementar_jmendes
            SET STATUS_ = ?, ATUALIZADO_EM = `2026-01-08 11:20:34.473426`
            WHERE ID = ?
        ]
[parameters: ('Processando', 3)]
(Background on this error at: https://sqlalche.me/e/20/f405) | {}
Traceback (most recent call last):

  File "C:\Users\pedro\Documents\ERGONDATA\KMM\.venv\lib\site-packages\sqlalchemy\engine\base.py", line 1967, in _exec_single_context
    self.dialect.do_execute(
    │    │       └ <function DefaultDialect.do_execute at 0x0000028FFF223D90>
    │    └ <sqlalchemy.dialects.mssql.pyodbc.MSDialect_pyodbc object at 0x0000028FFF9CB370>
    └ <sqlalchemy.engine.base.Connection object at 0x0000028FFFF37EE0>

  File "C:\Users\pedro\Documents\ERGONDATA\KMM\.venv\lib\site-packages\sqlalchemy\engine\default.py", line 952, in do_execute
    cursor.execute(statement, parameters)
    │      │       │          └ ('Processando', 3)
    │      │       └ '\n            UPDATE Ergondata_Robo.dbo.complementar_jmendes\n            SET STATUS_ = ?, ATUALIZADO_EM = `2026-01-08 11:20...
    │      └ <method 'execute' of 'pyodbc.Cursor' objects>
    └ <pyodbc.Cursor object at 0x0000028FFFEDFA30>

pyodbc.ProgrammingError: ('42000', "[42000] [Microsoft][ODBC Driver 17 for SQL Server][SQL Server]Incorrect syntax near '`'. (102) (SQLExecDirectW); [42000] [Microsoft][ODBC Driver 17 for SQL Server][SQL Server]Statement(s) could not be prepared. (8180)")


The above exception was the direct cause of the following exception:


Traceback (most recent call last):

  File "C:\Program Files\JetBrains\PyCharm 2025.3\plugins\python-ce\helpers\pydev\pydevd.py", line 2391, in <module>
    main()
    └ <function main at 0x0000028FFE80F2E0>

  File "C:\Program Files\JetBrains\PyCharm 2025.3\plugins\python-ce\helpers\pydev\pydevd.py", line 2372, in main
    globals = debugger.run(setup['file'], None, None, is_module)
              │        │   │                          └ False
              │        │   └ {'port': 51602, 'vm_type': None, 'client': '127.0.0.1', 'server': False, 'DEBUG_RECORD_SOCKET_READS': False, 'multiproc': Fal...
              │        └ <function PyDB.run at 0x0000028FFE80E290>
              └ <__main__.PyDB object at 0x0000028FFE96D600>

  File "C:\Program Files\JetBrains\PyCharm 2025.3\plugins\python-ce\helpers\pydev\pydevd.py", line 1640, in run
    return self._exec(is_module, entry_point_fn, module_name, file, globals, locals)
           │    │     │          │               │            │     │        └ {'__name__': '__main__', '__doc__': None, '__package__': '', '__loader__': <_frozen_importlib_external.SourceFileLoader objec...
           │    │     │          │               │            │     └ {'__name__': '__main__', '__doc__': None, '__package__': '', '__loader__': <_frozen_importlib_external.SourceFileLoader objec...
           │    │     │          │               │            └ 'C:\\Users\\pedro\\Documents\\ERGONDATA\\KMM\\src\\bots\\jmendes\\worker.py'
           │    │     │          │               └ None
           │    │     │          └ ''
           │    │     └ False
           │    └ <function PyDB._exec at 0x0000028FFE80E320>
           └ <__main__.PyDB object at 0x0000028FFE96D600>

  File "C:\Program Files\JetBrains\PyCharm 2025.3\plugins\python-ce\helpers\pydev\pydevd.py", line 1647, in _exec
    pydev_imports.execfile(file, globals, locals)  # execute the script
    │             │        │     │        └ {'__name__': '__main__', '__doc__': None, '__package__': '', '__loader__': <_frozen_importlib_external.SourceFileLoader objec...
    │             │        │     └ {'__name__': '__main__', '__doc__': None, '__package__': '', '__loader__': <_frozen_importlib_external.SourceFileLoader objec...
    │             │        └ 'C:\\Users\\pedro\\Documents\\ERGONDATA\\KMM\\src\\bots\\jmendes\\worker.py'
    │             └ <function execfile at 0x0000028FFE71E3B0>
    └ <module '_pydev_bundle.pydev_imports' from 'C:\\Program Files\\JetBrains\\PyCharm 2025.3\\plugins\\python-ce\\helpers\\pydev\...

  File "C:\Program Files\JetBrains\PyCharm 2025.3\plugins\python-ce\helpers\pydev\_pydev_imps\_pydev_execfile.py", line 18, in execfile
    exec(compile(contents+"\n", file, 'exec'), glob, loc)
                 │              │              │     └ {'__name__': '__main__', '__doc__': None, '__package__': '', '__loader__': <_frozen_importlib_external.SourceFileLoader objec...
                 │              │              └ {'__name__': '__main__', '__doc__': None, '__package__': '', '__loader__': <_frozen_importlib_external.SourceFileLoader objec...
                 │              └ 'C:\\Users\\pedro\\Documents\\ERGONDATA\\KMM\\src\\bots\\jmendes\\worker.py'
                 └ 'import json\nimport pika\nimport os\nfrom dotenv import load_dotenv\nfrom src.bots.jmendes.kmm_process import process\nfrom ...

  File "C:\Users\pedro\Documents\ERGONDATA\KMM\src\bots\jmendes\worker.py", line 140, in <module>
    process_case()
    └ <function process_case at 0x0000028FFE9E4E50>

> File "C:\Users\pedro\Documents\ERGONDATA\KMM\src\bots\jmendes\worker.py", line 30, in process_case
    db.update(
    │  └ <function DB.update at 0x0000028FFF996B90>
    └ <src.shared.db_handler.db_handler.DB object at 0x0000028FFE9F2830>

  File "C:\Users\pedro\Documents\ERGONDATA\KMM\src\shared\db_handler\db_handler.py", line 111, in update
    conn.execute(stmt, {"value": value, "data": now, "id": id})
    │    │       │               │              │          └ 3
    │    │       │               │              └ datetime.datetime(2026, 1, 8, 11, 20, 34, 473426)
    │    │       │               └ 'Processando'
    │    │       └ <sqlalchemy.sql.elements.TextClause object at 0x0000028FFFF34370>
    │    └ <function Connection.execute at 0x0000028FFF19E950>
    └ <sqlalchemy.engine.base.Connection object at 0x0000028FFFF37EE0>

  File "C:\Users\pedro\Documents\ERGONDATA\KMM\.venv\lib\site-packages\sqlalchemy\engine\base.py", line 1419, in execute
    return meth(
           └ <bound method ClauseElement._execute_on_connection of <sqlalchemy.sql.elements.TextClause object at 0x0000028FFFF34370>>

  File "C:\Users\pedro\Documents\ERGONDATA\KMM\.venv\lib\site-packages\sqlalchemy\sql\elements.py", line 527, in _execute_on_connection
    return connection._execute_clauseelement(
           │          └ <function Connection._execute_clauseelement at 0x0000028FFF19EC20>
           └ <sqlalchemy.engine.base.Connection object at 0x0000028FFFF37EE0>

  File "C:\Users\pedro\Documents\ERGONDATA\KMM\.venv\lib\site-packages\sqlalchemy\engine\base.py", line 1641, in _execute_clauseelement
    ret = self._execute_context(
          │    └ <function Connection._execute_context at 0x0000028FFF19EDD0>
          └ <sqlalchemy.engine.base.Connection object at 0x0000028FFFF37EE0>

  File "C:\Users\pedro\Documents\ERGONDATA\KMM\.venv\lib\site-packages\sqlalchemy\engine\base.py", line 1846, in _execute_context
    return self._exec_single_context(
           │    └ <function Connection._exec_single_context at 0x0000028FFF19EE60>
           └ <sqlalchemy.engine.base.Connection object at 0x0000028FFFF37EE0>

  File "C:\Users\pedro\Documents\ERGONDATA\KMM\.venv\lib\site-packages\sqlalchemy\engine\base.py", line 1986, in _exec_single_context
    self._handle_dbapi_exception(
    │    └ <function Connection._handle_dbapi_exception at 0x0000028FFF19F0A0>
    └ <sqlalchemy.engine.base.Connection object at 0x0000028FFFF37EE0>

  File "C:\Users\pedro\Documents\ERGONDATA\KMM\.venv\lib\site-packages\sqlalchemy\engine\base.py", line 2363, in _handle_dbapi_exception
    raise sqlalchemy_exception.with_traceback(exc_info[2]) from e
          │                    │              │                 └ ProgrammingError('42000', "[42000] [Microsoft][ODBC Driver 17 for SQL Server][SQL Server]Incorrect syntax near '`'. (102) (SQ...
          │                    │              └ (<class 'pyodbc.ProgrammingError'>, ProgrammingError('42000', "[42000] [Microsoft][ODBC Driver 17 for SQL Server][SQL Server]...
          │                    └ <method 'with_traceback' of 'BaseException' objects>
          └ ProgrammingError('(pyodbc.ProgrammingError) (\'42000\', "[42000] [Microsoft][ODBC Driver 17 for SQL Server][SQL Server]Incorr...

  File "C:\Users\pedro\Documents\ERGONDATA\KMM\.venv\lib\site-packages\sqlalchemy\engine\base.py", line 1967, in _exec_single_context
    self.dialect.do_execute(
    │    │       └ <function DefaultDialect.do_execute at 0x0000028FFF223D90>
    │    └ <sqlalchemy.dialects.mssql.pyodbc.MSDialect_pyodbc object at 0x0000028FFF9CB370>
    └ <sqlalchemy.engine.base.Connection object at 0x0000028FFFF37EE0>

  File "C:\Users\pedro\Documents\ERGONDATA\KMM\.venv\lib\site-packages\sqlalchemy\engine\default.py", line 952, in do_execute
    cursor.execute(statement, parameters)
    │      │       │          └ ('Processando', 3)
    │      │       └ '\n            UPDATE Ergondata_Robo.dbo.complementar_jmendes\n            SET STATUS_ = ?, ATUALIZADO_EM = `2026-01-08 11:20...
    │      └ <method 'execute' of 'pyodbc.Cursor' objects>
    └ <pyodbc.Cursor object at 0x0000028FFFEDFA30>

sqlalchemy.exc.ProgrammingError: (pyodbc.ProgrammingError) ('42000', "[42000] [Microsoft][ODBC Driver 17 for SQL Server][SQL Server]Incorrect syntax near '`'. (102) (SQLExecDirectW); [42000] [Microsoft][ODBC Driver 17 for SQL Server][SQL Server]Statement(s) could not be prepared. (8180)")
[SQL: 
            UPDATE Ergondata_Robo.dbo.complementar_jmendes
            SET STATUS_ = ?, ATUALIZADO_EM = `2026-01-08 11:20:34.473426`
            WHERE ID = ?
        ]
[parameters: ('Processando', 3)]
(Background on this error at: https://sqlalche.me/e/20/f405)
2026-01-08 11:21:12 | INFO | kmm.services.kmm_actions:login | Iniciando login | {'service': 'JMendes'}
2026-01-08 11:21:23 | INFO | kmm.services.kmm_actions:login | Fim do Login | {'service': 'JMendes'}
2026-01-08 11:21:23 | INFO | kmm.services.kmm_actions:quick_access | Acessando menu REPOMFRETEA via acesso rápido | {'service': 'JMendes'}
2026-01-08 11:21:31 | INFO | kmm.services.kmm_actions:quick_access | Fim do acesso rápido | {'service': 'JMendes'}
2026-01-08 11:22:45 | ERROR | __main__:process_case | Falha não mapeada. Erro 'KeyboardInterrupt' object is not callable | {}
Traceback (most recent call last):

  File "C:\Users\pedro\Documents\ERGONDATA\KMM\src\bots\jmendes\kmm_process.py", line 22, in process
    contract_number = kmm.emitting_contract_repomfretea(
                      │   └ <function KMMActions.emitting_contract_repomfretea at 0x000001AFE9D56830>
                      └ <kmm.services.kmm_actions.KMMActions object at 0x000001AFEA208820>

  File "C:\Users\pedro\Documents\ERGONDATA\KMM\src\kmm\services\kmm_actions.py", line 441, in emitting_contract_repomfretea
    self.driver.safe_type('id:OBSERVACAO', '.')
    │    │      └ <function KMMIEDriver.safe_type at 0x000001AFE9C79870>
    │    └ <kmm.ie_driver.ie_driver.KMMIEDriver object at 0x000001AFEA2F9A20>
    └ <kmm.services.kmm_actions.KMMActions object at 0x000001AFEA208820>

  File "C:\Users\pedro\Documents\ERGONDATA\KMM\src\kmm\services\kmm_actions.py", line 441, in emitting_contract_repomfretea
    self.driver.safe_type('id:OBSERVACAO', '.')
    │    │      └ <function KMMIEDriver.safe_type at 0x000001AFE9C79870>
    │    └ <kmm.ie_driver.ie_driver.KMMIEDriver object at 0x000001AFEA2F9A20>
    └ <kmm.services.kmm_actions.KMMActions object at 0x000001AFEA208820>

  File "_pydevd_bundle/pydevd_cython_win32_310_64.pyx", line 1186, in _pydevd_bundle.pydevd_cython_win32_310_64.SafeCallWrapper.__call__
  File "_pydevd_bundle/pydevd_cython_win32_310_64.pyx", line 627, in _pydevd_bundle.pydevd_cython_win32_310_64.PyDBFrame.trace_dispatch
  File "_pydevd_bundle/pydevd_cython_win32_310_64.pyx", line 937, in _pydevd_bundle.pydevd_cython_win32_310_64.PyDBFrame.trace_dispatch
  File "_pydevd_bundle/pydevd_cython_win32_310_64.pyx", line 928, in _pydevd_bundle.pydevd_cython_win32_310_64.PyDBFrame.trace_dispatch
  File "_pydevd_bundle/pydevd_cython_win32_310_64.pyx", line 585, in _pydevd_bundle.pydevd_cython_win32_310_64.PyDBFrame.do_wait_suspend

  File "C:\Program Files\JetBrains\PyCharm 2025.3\plugins\python-ce\helpers\pydev\pydevd.py", line 1195, in do_wait_suspend
    self._do_wait_suspend(thread, frame, event, arg, suspend_type, from_this_thread)
    │    │                │       │      │      │    │             └ []
    │    │                │       │      │      │    └ 'trace'
    │    │                │       │      │      └ None
    │    │                │       │      └ 'line'
    │    │                │       └ <frame at 0x000001AFE81B12E0, file 'C:\\Users\\pedro\\Documents\\ERGONDATA\\KMM\\src\\kmm\\services\\kmm_actions.py', line 47...
    │    │                └ <_MainThread(MainThread, started 5572)>
    │    └ <function PyDB._do_wait_suspend at 0x000001AFE904DC60>
    └ <__main__.PyDB object at 0x000001AFE91AD600>

  File "C:\Program Files\JetBrains\PyCharm 2025.3\plugins\python-ce\helpers\pydev\pydevd.py", line 1210, in _do_wait_suspend
    time.sleep(0.01)
    │    └ <built-in function sleep>
    └ <module 'time' (built-in)>

KeyboardInterrupt


During handling of the above exception, another exception occurred:


Traceback (most recent call last):

  File "C:\Program Files\JetBrains\PyCharm 2025.3\plugins\python-ce\helpers\pydev\pydevd.py", line 2391, in <module>
    main()
    └ <function main at 0x000001AFE904F2E0>

  File "C:\Program Files\JetBrains\PyCharm 2025.3\plugins\python-ce\helpers\pydev\pydevd.py", line 2372, in main
    globals = debugger.run(setup['file'], None, None, is_module)
              │        │   │                          └ False
              │        │   └ {'port': 51613, 'vm_type': None, 'client': '127.0.0.1', 'server': False, 'DEBUG_RECORD_SOCKET_READS': False, 'multiproc': Fal...
              │        └ <function PyDB.run at 0x000001AFE904E290>
              └ <__main__.PyDB object at 0x000001AFE91AD600>

  File "C:\Program Files\JetBrains\PyCharm 2025.3\plugins\python-ce\helpers\pydev\pydevd.py", line 1640, in run
    return self._exec(is_module, entry_point_fn, module_name, file, globals, locals)
           │    │     │          │               │            │     │        └ {'__name__': '__main__', '__doc__': None, '__package__': '', '__loader__': <_frozen_importlib_external.SourceFileLoader objec...
           │    │     │          │               │            │     └ {'__name__': '__main__', '__doc__': None, '__package__': '', '__loader__': <_frozen_importlib_external.SourceFileLoader objec...
           │    │     │          │               │            └ 'C:\\Users\\pedro\\Documents\\ERGONDATA\\KMM\\src\\bots\\jmendes\\worker.py'
           │    │     │          │               └ None
           │    │     │          └ ''
           │    │     └ False
           │    └ <function PyDB._exec at 0x000001AFE904E320>
           └ <__main__.PyDB object at 0x000001AFE91AD600>

  File "C:\Program Files\JetBrains\PyCharm 2025.3\plugins\python-ce\helpers\pydev\pydevd.py", line 1647, in _exec
    pydev_imports.execfile(file, globals, locals)  # execute the script
    │             │        │     │        └ {'__name__': '__main__', '__doc__': None, '__package__': '', '__loader__': <_frozen_importlib_external.SourceFileLoader objec...
    │             │        │     └ {'__name__': '__main__', '__doc__': None, '__package__': '', '__loader__': <_frozen_importlib_external.SourceFileLoader objec...
    │             │        └ 'C:\\Users\\pedro\\Documents\\ERGONDATA\\KMM\\src\\bots\\jmendes\\worker.py'
    │             └ <function execfile at 0x000001AFE8F5E3B0>
    └ <module '_pydev_bundle.pydev_imports' from 'C:\\Program Files\\JetBrains\\PyCharm 2025.3\\plugins\\python-ce\\helpers\\pydev\...

  File "C:\Program Files\JetBrains\PyCharm 2025.3\plugins\python-ce\helpers\pydev\_pydev_imps\_pydev_execfile.py", line 18, in execfile
    exec(compile(contents+"\n", file, 'exec'), glob, loc)
                 │              │              │     └ {'__name__': '__main__', '__doc__': None, '__package__': '', '__loader__': <_frozen_importlib_external.SourceFileLoader objec...
                 │              │              └ {'__name__': '__main__', '__doc__': None, '__package__': '', '__loader__': <_frozen_importlib_external.SourceFileLoader objec...
                 │              └ 'C:\\Users\\pedro\\Documents\\ERGONDATA\\KMM\\src\\bots\\jmendes\\worker.py'
                 └ 'import json\nimport pika\nimport os\nfrom dotenv import load_dotenv\nfrom src.bots.jmendes.kmm_process import process\nfrom ...

  File "C:\Users\pedro\Documents\ERGONDATA\KMM\src\bots\jmendes\worker.py", line 140, in <module>
    process_case()
    └ <function process_case at 0x000001AFE921CE50>

> File "C:\Users\pedro\Documents\ERGONDATA\KMM\src\bots\jmendes\worker.py", line 37, in process_case
    process(
    └ <function process at 0x000001AFE93A85E0>

  File "C:\Users\pedro\Documents\ERGONDATA\KMM\src\bots\jmendes\kmm_process.py", line 13, in process
    with KMMActions(service='JMendes') as kmm:
         │                                └ <kmm.services.kmm_actions.KMMActions object at 0x000001AFEA208820>
         └ <class 'kmm.services.kmm_actions.KMMActions'>

TypeError: 'KeyboardInterrupt' object is not callable
2026-01-08 11:26:43 | INFO | kmm.services.kmm_actions:login | Iniciando login | {'service': 'JMendes'}
2026-01-08 11:26:56 | INFO | kmm.services.kmm_actions:login | Fim do Login | {'service': 'JMendes'}
2026-01-08 11:26:56 | INFO | kmm.services.kmm_actions:quick_access | Acessando menu REPOMFRETEA via acesso rápido | {'service': 'JMendes'}
2026-01-08 11:27:03 | INFO | kmm.services.kmm_actions:quick_access | Fim do acesso rápido | {'service': 'JMendes'}
2026-01-08 11:28:44 | INFO | kmm.services.kmm_actions:login | Iniciando login | {'service': 'JMendes'}
2026-01-08 11:28:56 | INFO | kmm.services.kmm_actions:login | Fim do Login | {'service': 'JMendes'}
2026-01-08 11:28:56 | INFO | kmm.services.kmm_actions:quick_access | Acessando menu REPOMFRETEA via acesso rápido | {'service': 'JMendes'}
2026-01-08 11:29:04 | INFO | kmm.services.kmm_actions:quick_access | Fim do acesso rápido | {'service': 'JMendes'}
2026-01-08 11:30:31 | ERROR | kmm.services.kmm_actions:emitting_contract_repomfretea | Falha ao gerar o contrato, tentando novamente. Erro => Message: 
 | {'service': 'JMendes'}
Traceback (most recent call last):

  File "C:\Program Files\JetBrains\PyCharm 2025.3\plugins\python-ce\helpers\pydev\pydevd.py", line 2391, in <module>
    main()
    └ <function main at 0x000001F478EDF2E0>

  File "C:\Program Files\JetBrains\PyCharm 2025.3\plugins\python-ce\helpers\pydev\pydevd.py", line 2372, in main
    globals = debugger.run(setup['file'], None, None, is_module)
              │        │   │                          └ False
              │        │   └ {'port': 52132, 'vm_type': None, 'client': '127.0.0.1', 'server': False, 'DEBUG_RECORD_SOCKET_READS': False, 'multiproc': Fal...
              │        └ <function PyDB.run at 0x000001F478EDE290>
              └ <__main__.PyDB object at 0x000001F47903D600>

  File "C:\Program Files\JetBrains\PyCharm 2025.3\plugins\python-ce\helpers\pydev\pydevd.py", line 1640, in run
    return self._exec(is_module, entry_point_fn, module_name, file, globals, locals)
           │    │     │          │               │            │     │        └ {'__name__': '__main__', '__doc__': None, '__package__': '', '__loader__': <_frozen_importlib_external.SourceFileLoader objec...
           │    │     │          │               │            │     └ {'__name__': '__main__', '__doc__': None, '__package__': '', '__loader__': <_frozen_importlib_external.SourceFileLoader objec...
           │    │     │          │               │            └ 'C:\\Users\\pedro\\Documents\\ERGONDATA\\KMM\\src\\bots\\jmendes\\worker.py'
           │    │     │          │               └ None
           │    │     │          └ ''
           │    │     └ False
           │    └ <function PyDB._exec at 0x000001F478EDE320>
           └ <__main__.PyDB object at 0x000001F47903D600>

  File "C:\Program Files\JetBrains\PyCharm 2025.3\plugins\python-ce\helpers\pydev\pydevd.py", line 1647, in _exec
    pydev_imports.execfile(file, globals, locals)  # execute the script
    │             │        │     │        └ {'__name__': '__main__', '__doc__': None, '__package__': '', '__loader__': <_frozen_importlib_external.SourceFileLoader objec...
    │             │        │     └ {'__name__': '__main__', '__doc__': None, '__package__': '', '__loader__': <_frozen_importlib_external.SourceFileLoader objec...
    │             │        └ 'C:\\Users\\pedro\\Documents\\ERGONDATA\\KMM\\src\\bots\\jmendes\\worker.py'
    │             └ <function execfile at 0x000001F478DEE3B0>
    └ <module '_pydev_bundle.pydev_imports' from 'C:\\Program Files\\JetBrains\\PyCharm 2025.3\\plugins\\python-ce\\helpers\\pydev\...

  File "C:\Program Files\JetBrains\PyCharm 2025.3\plugins\python-ce\helpers\pydev\_pydev_imps\_pydev_execfile.py", line 18, in execfile
    exec(compile(contents+"\n", file, 'exec'), glob, loc)
                 │              │              │     └ {'__name__': '__main__', '__doc__': None, '__package__': '', '__loader__': <_frozen_importlib_external.SourceFileLoader objec...
                 │              │              └ {'__name__': '__main__', '__doc__': None, '__package__': '', '__loader__': <_frozen_importlib_external.SourceFileLoader objec...
                 │              └ 'C:\\Users\\pedro\\Documents\\ERGONDATA\\KMM\\src\\bots\\jmendes\\worker.py'
                 └ 'import json\nimport pika\nimport os\nfrom dotenv import load_dotenv\nfrom src.bots.jmendes.kmm_process import process\nfrom ...

  File "C:\Users\pedro\Documents\ERGONDATA\KMM\src\bots\jmendes\worker.py", line 140, in <module>
    process_case()
    └ <function process_case at 0x000001F4790ACD30>

  File "C:\Users\pedro\Documents\ERGONDATA\KMM\src\bots\jmendes\worker.py", line 37, in process_case
    process(
    └ <function process at 0x000001F4792344C0>

  File "C:\Users\pedro\Documents\ERGONDATA\KMM\src\bots\jmendes\kmm_process.py", line 22, in process
    contract_number = kmm.emitting_contract_repomfretea(
                      │   └ <function KMMActions.emitting_contract_repomfretea at 0x000001F479BEB7F0>
                      └ <kmm.services.kmm_actions.KMMActions object at 0x000001F47A089420>

> File "C:\Users\pedro\Documents\ERGONDATA\KMM\src\kmm\services\kmm_actions.py", line 442, in emitting_contract_repomfretea
    self.driver.safe_click('id:btn_confirmar')
    │    │      └ <function KMMIEDriver.safe_click at 0x000001F479B0D750>
    │    └ <kmm.ie_driver.ie_driver.KMMIEDriver object at 0x000001F47A185990>
    └ <kmm.services.kmm_actions.KMMActions object at 0x000001F47A089420>

  File "C:\Users\pedro\Documents\ERGONDATA\KMM\src\kmm\ie_driver\ie_driver.py", line 106, in wrapped
    return object.__getattribute__(self, "_call_with_watchdog")(name, attr, *args, **kwargs)
                                   │                            │     │      │       └ {}
                                   │                            │     │      └ ('id:btn_confirmar',)
                                   │                            │     └ <bound method KMMIEDriver.safe_click of <kmm.ie_driver.ie_driver.KMMIEDriver object at 0x000001F47A185990>>
                                   │                            └ 'safe_click'
                                   └ <kmm.ie_driver.ie_driver.KMMIEDriver object at 0x000001F47A185990>

  File "C:\Users\pedro\Documents\ERGONDATA\KMM\src\kmm\ie_driver\ie_driver.py", line 150, in _call_with_watchdog
    raise result_box["exc"]
          └ {'value': None, 'exc': TimeoutException('', None, None)}

  File "C:\Users\pedro\Documents\ERGONDATA\KMM\src\kmm\ie_driver\ie_driver.py", line 127, in runner
    result_box["value"] = fn(*args, **kwargs)
    │                     │   │       └ {}
    │                     │   └ ('id:btn_confirmar',)
    │                     └ <bound method KMMIEDriver.safe_click of <kmm.ie_driver.ie_driver.KMMIEDriver object at 0x000001F47A185990>>
    └ {'value': None, 'exc': TimeoutException('', None, None)}

  File "C:\Users\pedro\Documents\ERGONDATA\KMM\src\kmm\ie_driver\ie_driver.py", line 418, in safe_click
    self._with_retry(
    │    └ <function KMMIEDriver._with_retry at 0x000001F479B0DAB0>
    └ <kmm.ie_driver.ie_driver.KMMIEDriver object at 0x000001F47A185990>

  File "C:\Users\pedro\Documents\ERGONDATA\KMM\src\kmm\ie_driver\ie_driver.py", line 542, in _with_retry
    raise last_exc
          └ TimeoutException('', None, None)

  File "C:\Users\pedro\Documents\ERGONDATA\KMM\src\kmm\ie_driver\ie_driver.py", line 534, in _with_retry
    return fn()
           └ <function KMMIEDriver.safe_click.<locals>.<lambda> at 0x000001F47A558820>

  File "C:\Users\pedro\Documents\ERGONDATA\KMM\src\kmm\ie_driver\ie_driver.py", line 419, in <lambda>
    fn=lambda: self._click_once(locator, timeout, use_js_fallback),
               │    │           │        │        └ True
               │    │           │        └ None
               │    │           └ 'id:btn_confirmar'
               │    └ <function KMMIEDriver._click_once at 0x000001F479B0D7E0>
               └ <kmm.ie_driver.ie_driver.KMMIEDriver object at 0x000001F47A185990>

  File "C:\Users\pedro\Documents\ERGONDATA\KMM\src\kmm\ie_driver\ie_driver.py", line 427, in _click_once
    el = self.wait_clickable(locator, timeout=timeout)
         │    │              │                └ None
         │    │              └ 'id:btn_confirmar'
         │    └ <function KMMIEDriver.wait_clickable at 0x000001F479B0D480>
         └ <kmm.ie_driver.ie_driver.KMMIEDriver object at 0x000001F47A185990>

  File "C:\Users\pedro\Documents\ERGONDATA\KMM\src\kmm\ie_driver\ie_driver.py", line 106, in wrapped
    return object.__getattribute__(self, "_call_with_watchdog")(name, attr, *args, **kwargs)
                                   │                            │     │      │       └ {'timeout': None}
                                   │                            │     │      └ ('id:btn_confirmar',)
                                   │                            │     └ <bound method KMMIEDriver.wait_clickable of <kmm.ie_driver.ie_driver.KMMIEDriver object at 0x000001F47A185990>>
                                   │                            └ 'wait_clickable'
                                   └ <kmm.ie_driver.ie_driver.KMMIEDriver object at 0x000001F47A185990>

  File "C:\Users\pedro\Documents\ERGONDATA\KMM\src\kmm\ie_driver\ie_driver.py", line 150, in _call_with_watchdog
    raise result_box["exc"]
          └ {'value': None, 'exc': TimeoutException('', None, None)}

  File "C:\Users\pedro\Documents\ERGONDATA\KMM\src\kmm\ie_driver\ie_driver.py", line 127, in runner
    result_box["value"] = fn(*args, **kwargs)
    │                     │   │       └ {'timeout': None}
    │                     │   └ ('id:btn_confirmar',)
    │                     └ <bound method KMMIEDriver.wait_clickable of <kmm.ie_driver.ie_driver.KMMIEDriver object at 0x000001F47A185990>>
    └ {'value': None, 'exc': TimeoutException('', None, None)}

  File "C:\Users\pedro\Documents\ERGONDATA\KMM\src\kmm\ie_driver\ie_driver.py", line 364, in wait_clickable
    element = wait.until(EC.element_to_be_clickable((self._by(by), value)))
              │    │     │  │                        │    │   │    └ 'btn_confirmar'
              │    │     │  │                        │    │   └ 'id'
              │    │     │  │                        │    └ <function KMMIEDriver._by at 0x000001F479B0D2D0>
              │    │     │  │                        └ <kmm.ie_driver.ie_driver.KMMIEDriver object at 0x000001F47A185990>
              │    │     │  └ <class 'selenium.webdriver.support.expected_conditions.element_to_be_clickable'>
              │    │     └ <module 'selenium.webdriver.support.expected_conditions' from 'C:\\Users\\pedro\\Documents\\ERGONDATA\\KMM\\.venv\\lib\\site-...
              │    └ <function WebDriverWait.until at 0x000001F479AAE0E0>
              └ <selenium.webdriver.support.wait.WebDriverWait (session="8e72ca00-01f0-4eef-a024-1d497f742833")>

  File "C:\Users\pedro\Documents\ERGONDATA\KMM\.venv\lib\site-packages\selenium\webdriver\support\wait.py", line 80, in until
    raise TimeoutException(message, screen, stacktrace)
          │                │        │       └ None
          │                │        └ None
          │                └ ''
          └ <class 'selenium.common.exceptions.TimeoutException'>

selenium.common.exceptions.TimeoutException: Message: 

2026-01-08 11:47:10 | ERROR | __main__:process_case | Falha não mapeada. Erro 'KeyboardInterrupt' object is not callable | {}
Traceback (most recent call last):

  File "C:\Users\pedro\Documents\ERGONDATA\KMM\src\kmm\services\kmm_actions.py", line 442, in emitting_contract_repomfretea
    self.driver.safe_click('id:btn_confirmar')
    │    │      └ <function KMMIEDriver.safe_click at 0x000001F479B0D750>
    │    └ <kmm.ie_driver.ie_driver.KMMIEDriver object at 0x000001F47A185990>
    └ <kmm.services.kmm_actions.KMMActions object at 0x000001F47A089420>

  File "C:\Users\pedro\Documents\ERGONDATA\KMM\src\kmm\ie_driver\ie_driver.py", line 106, in wrapped
    return object.__getattribute__(self, "_call_with_watchdog")(name, attr, *args, **kwargs)
                                   │                            │     │      │       └ {}
                                   │                            │     │      └ ('id:btn_confirmar',)
                                   │                            │     └ <bound method KMMIEDriver.safe_click of <kmm.ie_driver.ie_driver.KMMIEDriver object at 0x000001F47A185990>>
                                   │                            └ 'safe_click'
                                   └ <kmm.ie_driver.ie_driver.KMMIEDriver object at 0x000001F47A185990>

  File "C:\Users\pedro\Documents\ERGONDATA\KMM\src\kmm\ie_driver\ie_driver.py", line 150, in _call_with_watchdog
    raise result_box["exc"]
          └ {'value': None, 'exc': TimeoutException('', None, None)}

  File "C:\Users\pedro\Documents\ERGONDATA\KMM\src\kmm\ie_driver\ie_driver.py", line 127, in runner
    result_box["value"] = fn(*args, **kwargs)
    │                     │   │       └ {}
    │                     │   └ ('id:btn_confirmar',)
    │                     └ <bound method KMMIEDriver.safe_click of <kmm.ie_driver.ie_driver.KMMIEDriver object at 0x000001F47A185990>>
    └ {'value': None, 'exc': TimeoutException('', None, None)}

  File "C:\Users\pedro\Documents\ERGONDATA\KMM\src\kmm\ie_driver\ie_driver.py", line 418, in safe_click
    self._with_retry(
    │    └ <function KMMIEDriver._with_retry at 0x000001F479B0DAB0>
    └ <kmm.ie_driver.ie_driver.KMMIEDriver object at 0x000001F47A185990>

  File "C:\Users\pedro\Documents\ERGONDATA\KMM\src\kmm\ie_driver\ie_driver.py", line 542, in _with_retry
    raise last_exc
          └ TimeoutException('', None, None)

  File "C:\Users\pedro\Documents\ERGONDATA\KMM\src\kmm\ie_driver\ie_driver.py", line 534, in _with_retry
    return fn()
           └ <function KMMIEDriver.safe_click.<locals>.<lambda> at 0x000001F47A558820>

  File "C:\Users\pedro\Documents\ERGONDATA\KMM\src\kmm\ie_driver\ie_driver.py", line 419, in <lambda>
    fn=lambda: self._click_once(locator, timeout, use_js_fallback),
               │    │           │        │        └ True
               │    │           │        └ None
               │    │           └ 'id:btn_confirmar'
               │    └ <function KMMIEDriver._click_once at 0x000001F479B0D7E0>
               └ <kmm.ie_driver.ie_driver.KMMIEDriver object at 0x000001F47A185990>

  File "C:\Users\pedro\Documents\ERGONDATA\KMM\src\kmm\ie_driver\ie_driver.py", line 427, in _click_once
    el = self.wait_clickable(locator, timeout=timeout)
         │    │              │                └ None
         │    │              └ 'id:btn_confirmar'
         │    └ <function KMMIEDriver.wait_clickable at 0x000001F479B0D480>
         └ <kmm.ie_driver.ie_driver.KMMIEDriver object at 0x000001F47A185990>

  File "C:\Users\pedro\Documents\ERGONDATA\KMM\src\kmm\ie_driver\ie_driver.py", line 106, in wrapped
    return object.__getattribute__(self, "_call_with_watchdog")(name, attr, *args, **kwargs)
                                   │                            │     │      │       └ {'timeout': None}
                                   │                            │     │      └ ('id:btn_confirmar',)
                                   │                            │     └ <bound method KMMIEDriver.wait_clickable of <kmm.ie_driver.ie_driver.KMMIEDriver object at 0x000001F47A185990>>
                                   │                            └ 'wait_clickable'
                                   └ <kmm.ie_driver.ie_driver.KMMIEDriver object at 0x000001F47A185990>

  File "C:\Users\pedro\Documents\ERGONDATA\KMM\src\kmm\ie_driver\ie_driver.py", line 150, in _call_with_watchdog
    raise result_box["exc"]
          └ {'value': None, 'exc': TimeoutException('', None, None)}

  File "C:\Users\pedro\Documents\ERGONDATA\KMM\src\kmm\ie_driver\ie_driver.py", line 127, in runner
    result_box["value"] = fn(*args, **kwargs)
    │                     │   │       └ {'timeout': None}
    │                     │   └ ('id:btn_confirmar',)
    │                     └ <bound method KMMIEDriver.wait_clickable of <kmm.ie_driver.ie_driver.KMMIEDriver object at 0x000001F47A185990>>
    └ {'value': None, 'exc': TimeoutException('', None, None)}

  File "C:\Users\pedro\Documents\ERGONDATA\KMM\src\kmm\ie_driver\ie_driver.py", line 364, in wait_clickable
    element = wait.until(EC.element_to_be_clickable((self._by(by), value)))
              │    │     │  │                        │    │   │    └ 'btn_confirmar'
              │    │     │  │                        │    │   └ 'id'
              │    │     │  │                        │    └ <function KMMIEDriver._by at 0x000001F479B0D2D0>
              │    │     │  │                        └ <kmm.ie_driver.ie_driver.KMMIEDriver object at 0x000001F47A185990>
              │    │     │  └ <class 'selenium.webdriver.support.expected_conditions.element_to_be_clickable'>
              │    │     └ <module 'selenium.webdriver.support.expected_conditions' from 'C:\\Users\\pedro\\Documents\\ERGONDATA\\KMM\\.venv\\lib\\site-...
              │    └ <function WebDriverWait.until at 0x000001F479AAE0E0>
              └ <selenium.webdriver.support.wait.WebDriverWait (session="8e72ca00-01f0-4eef-a024-1d497f742833")>

  File "C:\Users\pedro\Documents\ERGONDATA\KMM\.venv\lib\site-packages\selenium\webdriver\support\wait.py", line 80, in until
    raise TimeoutException(message, screen, stacktrace)
          │                │        │       └ None
          │                │        └ None
          │                └ ''
          └ <class 'selenium.common.exceptions.TimeoutException'>

selenium.common.exceptions.TimeoutException: Message: 



During handling of the above exception, another exception occurred:


Traceback (most recent call last):

  File "C:\Users\pedro\Documents\ERGONDATA\KMM\src\bots\jmendes\kmm_process.py", line 22, in process
    contract_number = kmm.emitting_contract_repomfretea(
                      │   └ <function KMMActions.emitting_contract_repomfretea at 0x000001F479BEB7F0>
                      └ <kmm.services.kmm_actions.KMMActions object at 0x000001F47A089420>

  File "C:\Users\pedro\Documents\ERGONDATA\KMM\src\kmm\services\kmm_actions.py", line 467, in emitting_contract_repomfretea
    self.driver.switch_to_window(home_window=True)
    │    │      └ <function KMMIEDriver.switch_to_window at 0x000001F479B0DC60>
    │    └ <kmm.ie_driver.ie_driver.KMMIEDriver object at 0x000001F47A185990>
    └ <kmm.services.kmm_actions.KMMActions object at 0x000001F47A089420>

  File "C:\Users\pedro\Documents\ERGONDATA\KMM\src\kmm\services\kmm_actions.py", line 467, in emitting_contract_repomfretea
    self.driver.switch_to_window(home_window=True)
    │    │      └ <function KMMIEDriver.switch_to_window at 0x000001F479B0DC60>
    │    └ <kmm.ie_driver.ie_driver.KMMIEDriver object at 0x000001F47A185990>
    └ <kmm.services.kmm_actions.KMMActions object at 0x000001F47A089420>

  File "_pydevd_bundle/pydevd_cython_win32_310_64.pyx", line 1186, in _pydevd_bundle.pydevd_cython_win32_310_64.SafeCallWrapper.__call__
  File "_pydevd_bundle/pydevd_cython_win32_310_64.pyx", line 627, in _pydevd_bundle.pydevd_cython_win32_310_64.PyDBFrame.trace_dispatch
  File "_pydevd_bundle/pydevd_cython_win32_310_64.pyx", line 937, in _pydevd_bundle.pydevd_cython_win32_310_64.PyDBFrame.trace_dispatch
  File "_pydevd_bundle/pydevd_cython_win32_310_64.pyx", line 928, in _pydevd_bundle.pydevd_cython_win32_310_64.PyDBFrame.trace_dispatch
  File "_pydevd_bundle/pydevd_cython_win32_310_64.pyx", line 585, in _pydevd_bundle.pydevd_cython_win32_310_64.PyDBFrame.do_wait_suspend

  File "C:\Program Files\JetBrains\PyCharm 2025.3\plugins\python-ce\helpers\pydev\pydevd.py", line 1195, in do_wait_suspend
    self._do_wait_suspend(thread, frame, event, arg, suspend_type, from_this_thread)
    │    │                │       │      │      │    │             └ []
    │    │                │       │      │      │    └ 'trace'
    │    │                │       │      │      └ None
    │    │                │       │      └ 'line'
    │    │                │       └ <frame at 0x000001F4782625F0, file 'C:\\Users\\pedro\\Documents\\ERGONDATA\\KMM\\src\\kmm\\services\\kmm_actions.py', line 47...
    │    │                └ <_MainThread(MainThread, started 2760)>
    │    └ <function PyDB._do_wait_suspend at 0x000001F478EDDC60>
    └ <__main__.PyDB object at 0x000001F47903D600>

  File "C:\Program Files\JetBrains\PyCharm 2025.3\plugins\python-ce\helpers\pydev\pydevd.py", line 1210, in _do_wait_suspend
    time.sleep(0.01)
    │    └ <built-in function sleep>
    └ <module 'time' (built-in)>

KeyboardInterrupt


During handling of the above exception, another exception occurred:


Traceback (most recent call last):

  File "C:\Program Files\JetBrains\PyCharm 2025.3\plugins\python-ce\helpers\pydev\pydevd.py", line 2391, in <module>
    main()
    └ <function main at 0x000001F478EDF2E0>

  File "C:\Program Files\JetBrains\PyCharm 2025.3\plugins\python-ce\helpers\pydev\pydevd.py", line 2372, in main
    globals = debugger.run(setup['file'], None, None, is_module)
              │        │   │                          └ False
              │        │   └ {'port': 52132, 'vm_type': None, 'client': '127.0.0.1', 'server': False, 'DEBUG_RECORD_SOCKET_READS': False, 'multiproc': Fal...
              │        └ <function PyDB.run at 0x000001F478EDE290>
              └ <__main__.PyDB object at 0x000001F47903D600>

  File "C:\Program Files\JetBrains\PyCharm 2025.3\plugins\python-ce\helpers\pydev\pydevd.py", line 1640, in run
    return self._exec(is_module, entry_point_fn, module_name, file, globals, locals)
           │    │     │          │               │            │     │        └ {'__name__': '__main__', '__doc__': None, '__package__': '', '__loader__': <_frozen_importlib_external.SourceFileLoader objec...
           │    │     │          │               │            │     └ {'__name__': '__main__', '__doc__': None, '__package__': '', '__loader__': <_frozen_importlib_external.SourceFileLoader objec...
           │    │     │          │               │            └ 'C:\\Users\\pedro\\Documents\\ERGONDATA\\KMM\\src\\bots\\jmendes\\worker.py'
           │    │     │          │               └ None
           │    │     │          └ ''
           │    │     └ False
           │    └ <function PyDB._exec at 0x000001F478EDE320>
           └ <__main__.PyDB object at 0x000001F47903D600>

  File "C:\Program Files\JetBrains\PyCharm 2025.3\plugins\python-ce\helpers\pydev\pydevd.py", line 1647, in _exec
    pydev_imports.execfile(file, globals, locals)  # execute the script
    │             │        │     │        └ {'__name__': '__main__', '__doc__': None, '__package__': '', '__loader__': <_frozen_importlib_external.SourceFileLoader objec...
    │             │        │     └ {'__name__': '__main__', '__doc__': None, '__package__': '', '__loader__': <_frozen_importlib_external.SourceFileLoader objec...
    │             │        └ 'C:\\Users\\pedro\\Documents\\ERGONDATA\\KMM\\src\\bots\\jmendes\\worker.py'
    │             └ <function execfile at 0x000001F478DEE3B0>
    └ <module '_pydev_bundle.pydev_imports' from 'C:\\Program Files\\JetBrains\\PyCharm 2025.3\\plugins\\python-ce\\helpers\\pydev\...

  File "C:\Program Files\JetBrains\PyCharm 2025.3\plugins\python-ce\helpers\pydev\_pydev_imps\_pydev_execfile.py", line 18, in execfile
    exec(compile(contents+"\n", file, 'exec'), glob, loc)
                 │              │              │     └ {'__name__': '__main__', '__doc__': None, '__package__': '', '__loader__': <_frozen_importlib_external.SourceFileLoader objec...
                 │              │              └ {'__name__': '__main__', '__doc__': None, '__package__': '', '__loader__': <_frozen_importlib_external.SourceFileLoader objec...
                 │              └ 'C:\\Users\\pedro\\Documents\\ERGONDATA\\KMM\\src\\bots\\jmendes\\worker.py'
                 └ 'import json\nimport pika\nimport os\nfrom dotenv import load_dotenv\nfrom src.bots.jmendes.kmm_process import process\nfrom ...

  File "C:\Users\pedro\Documents\ERGONDATA\KMM\src\bots\jmendes\worker.py", line 140, in <module>
    process_case()
    └ <function process_case at 0x000001F4790ACD30>

> File "C:\Users\pedro\Documents\ERGONDATA\KMM\src\bots\jmendes\worker.py", line 37, in process_case
    process(
    └ <function process at 0x000001F4792344C0>

  File "C:\Users\pedro\Documents\ERGONDATA\KMM\src\bots\jmendes\kmm_process.py", line 13, in process
    with KMMActions(service='JMendes') as kmm:
         │                                └ <kmm.services.kmm_actions.KMMActions object at 0x000001F47A089420>
         └ <class 'kmm.services.kmm_actions.KMMActions'>

TypeError: 'KeyboardInterrupt' object is not callable
2026-01-08 12:27:39 | INFO | kmm.services.kmm_actions:login | Iniciando login | {'service': 'JMendes'}
2026-01-08 12:27:52 | INFO | kmm.services.kmm_actions:login | Fim do Login | {'service': 'JMendes'}
2026-01-08 12:29:34 | INFO | kmm.services.kmm_actions:login | Iniciando login | {'service': 'JMendes'}
2026-01-08 12:29:46 | INFO | kmm.services.kmm_actions:login | Fim do Login | {'service': 'JMendes'}
2026-01-08 12:30:10 | ERROR | __main__:process_case | Falha não mapeada. Erro Falha ão mapeada ao lotar o usuário: automacao.jmn | {}
Traceback (most recent call last):

  File "C:\Users\pedro\Documents\ERGONDATA\KMM\src\kmm\services\kmm_actions.py", line 128, in _load_user_profile
    self.driver.switch_to_frame(principal=False)
    │    │      └ <function KMMIEDriver.switch_to_frame at 0x0000027DB9DCD900>
    │    └ <kmm.ie_driver.ie_driver.KMMIEDriver object at 0x0000027DBA445AE0>
    └ <kmm.services.kmm_actions.KMMActions object at 0x0000027DBA349420>

  File "C:\Users\pedro\Documents\ERGONDATA\KMM\src\kmm\ie_driver\ie_driver.py", line 106, in wrapped
    return object.__getattribute__(self, "_call_with_watchdog")(name, attr, *args, **kwargs)
                                   │                            │     │      │       └ {'principal': False}
                                   │                            │     │      └ ()
                                   │                            │     └ <bound method KMMIEDriver.switch_to_frame of <kmm.ie_driver.ie_driver.KMMIEDriver object at 0x0000027DBA445AE0>>
                                   │                            └ 'switch_to_frame'
                                   └ <kmm.ie_driver.ie_driver.KMMIEDriver object at 0x0000027DBA445AE0>

  File "C:\Users\pedro\Documents\ERGONDATA\KMM\src\kmm\ie_driver\ie_driver.py", line 150, in _call_with_watchdog
    raise result_box["exc"]
          └ {'value': None, 'exc': TimeoutException('', None, None)}

  File "C:\Users\pedro\Documents\ERGONDATA\KMM\src\kmm\ie_driver\ie_driver.py", line 127, in runner
    result_box["value"] = fn(*args, **kwargs)
    │                     │   │       └ {'principal': False}
    │                     │   └ ()
    │                     └ <bound method KMMIEDriver.switch_to_frame of <kmm.ie_driver.ie_driver.KMMIEDriver object at 0x0000027DBA445AE0>>
    └ {'value': None, 'exc': TimeoutException('', None, None)}

  File "C:\Users\pedro\Documents\ERGONDATA\KMM\src\kmm\ie_driver\ie_driver.py", line 567, in switch_to_frame
    self.wait_frame(locator='name:iconteudo', timeout=timeout)
    │    │                                            └ None
    │    └ <function KMMIEDriver.wait_frame at 0x0000027DB9DCD240>
    └ <kmm.ie_driver.ie_driver.KMMIEDriver object at 0x0000027DBA445AE0>

  File "C:\Users\pedro\Documents\ERGONDATA\KMM\src\kmm\ie_driver\ie_driver.py", line 106, in wrapped
    return object.__getattribute__(self, "_call_with_watchdog")(name, attr, *args, **kwargs)
                                   │                            │     │      │       └ {'locator': 'name:iconteudo', 'timeout': None}
                                   │                            │     │      └ ()
                                   │                            │     └ <bound method KMMIEDriver.wait_frame of <kmm.ie_driver.ie_driver.KMMIEDriver object at 0x0000027DBA445AE0>>
                                   │                            └ 'wait_frame'
                                   └ <kmm.ie_driver.ie_driver.KMMIEDriver object at 0x0000027DBA445AE0>

  File "C:\Users\pedro\Documents\ERGONDATA\KMM\src\kmm\ie_driver\ie_driver.py", line 150, in _call_with_watchdog
    raise result_box["exc"]
          └ {'value': None, 'exc': TimeoutException('', None, None)}

  File "C:\Users\pedro\Documents\ERGONDATA\KMM\src\kmm\ie_driver\ie_driver.py", line 127, in runner
    result_box["value"] = fn(*args, **kwargs)
    │                     │   │       └ {'locator': 'name:iconteudo', 'timeout': None}
    │                     │   └ ()
    │                     └ <bound method KMMIEDriver.wait_frame of <kmm.ie_driver.ie_driver.KMMIEDriver object at 0x0000027DBA445AE0>>
    └ {'value': None, 'exc': TimeoutException('', None, None)}

  File "C:\Users\pedro\Documents\ERGONDATA\KMM\src\kmm\ie_driver\ie_driver.py", line 372, in wait_frame
    element = wait.until(EC.frame_to_be_available_and_switch_to_it((self._by(by), value)))
              │    │     │  │                                       │    │   │    └ 'iconteudo'
              │    │     │  │                                       │    │   └ 'name'
              │    │     │  │                                       │    └ <function KMMIEDriver._by at 0x0000027DB9DCD000>
              │    │     │  │                                       └ <kmm.ie_driver.ie_driver.KMMIEDriver object at 0x0000027DBA445AE0>
              │    │     │  └ <class 'selenium.webdriver.support.expected_conditions.frame_to_be_available_and_switch_to_it'>
              │    │     └ <module 'selenium.webdriver.support.expected_conditions' from 'C:\\Users\\pedro\\Documents\\ERGONDATA\\KMM\\.venv\\lib\\site-...
              │    └ <function WebDriverWait.until at 0x0000027DB9D6DE10>
              └ <selenium.webdriver.support.wait.WebDriverWait (session="b62f6a51-f632-45d5-9d60-ab4e27aedea5")>

  File "C:\Users\pedro\Documents\ERGONDATA\KMM\.venv\lib\site-packages\selenium\webdriver\support\wait.py", line 80, in until
    raise TimeoutException(message, screen, stacktrace)
          │                │        │       └ None
          │                │        └ None
          │                └ ''
          └ <class 'selenium.common.exceptions.TimeoutException'>

selenium.common.exceptions.TimeoutException: Message: 



The above exception was the direct cause of the following exception:


Traceback (most recent call last):

  File "C:\Program Files\JetBrains\PyCharm 2025.3\plugins\python-ce\helpers\pydev\pydevd.py", line 2391, in <module>
    main()
    └ <function main at 0x0000027DB919F2E0>

  File "C:\Program Files\JetBrains\PyCharm 2025.3\plugins\python-ce\helpers\pydev\pydevd.py", line 2372, in main
    globals = debugger.run(setup['file'], None, None, is_module)
              │        │   │                          └ False
              │        │   └ {'port': 52712, 'vm_type': None, 'client': '127.0.0.1', 'server': False, 'DEBUG_RECORD_SOCKET_READS': False, 'multiproc': Fal...
              │        └ <function PyDB.run at 0x0000027DB919E290>
              └ <__main__.PyDB object at 0x0000027DB92FD600>

  File "C:\Program Files\JetBrains\PyCharm 2025.3\plugins\python-ce\helpers\pydev\pydevd.py", line 1640, in run
    return self._exec(is_module, entry_point_fn, module_name, file, globals, locals)
           │    │     │          │               │            │     │        └ {'__name__': '__main__', '__doc__': None, '__package__': '', '__loader__': <_frozen_importlib_external.SourceFileLoader objec...
           │    │     │          │               │            │     └ {'__name__': '__main__', '__doc__': None, '__package__': '', '__loader__': <_frozen_importlib_external.SourceFileLoader objec...
           │    │     │          │               │            └ 'C:\\Users\\pedro\\Documents\\ERGONDATA\\KMM\\src\\bots\\jmendes\\worker.py'
           │    │     │          │               └ None
           │    │     │          └ ''
           │    │     └ False
           │    └ <function PyDB._exec at 0x0000027DB919E320>
           └ <__main__.PyDB object at 0x0000027DB92FD600>

  File "C:\Program Files\JetBrains\PyCharm 2025.3\plugins\python-ce\helpers\pydev\pydevd.py", line 1647, in _exec
    pydev_imports.execfile(file, globals, locals)  # execute the script
    │             │        │     │        └ {'__name__': '__main__', '__doc__': None, '__package__': '', '__loader__': <_frozen_importlib_external.SourceFileLoader objec...
    │             │        │     └ {'__name__': '__main__', '__doc__': None, '__package__': '', '__loader__': <_frozen_importlib_external.SourceFileLoader objec...
    │             │        └ 'C:\\Users\\pedro\\Documents\\ERGONDATA\\KMM\\src\\bots\\jmendes\\worker.py'
    │             └ <function execfile at 0x0000027DB90CE3B0>
    └ <module '_pydev_bundle.pydev_imports' from 'C:\\Program Files\\JetBrains\\PyCharm 2025.3\\plugins\\python-ce\\helpers\\pydev\...

  File "C:\Program Files\JetBrains\PyCharm 2025.3\plugins\python-ce\helpers\pydev\_pydev_imps\_pydev_execfile.py", line 18, in execfile
    exec(compile(contents+"\n", file, 'exec'), glob, loc)
                 │              │              │     └ {'__name__': '__main__', '__doc__': None, '__package__': '', '__loader__': <_frozen_importlib_external.SourceFileLoader objec...
                 │              │              └ {'__name__': '__main__', '__doc__': None, '__package__': '', '__loader__': <_frozen_importlib_external.SourceFileLoader objec...
                 │              └ 'C:\\Users\\pedro\\Documents\\ERGONDATA\\KMM\\src\\bots\\jmendes\\worker.py'
                 └ 'import json\nimport pika\nimport os\nfrom dotenv import load_dotenv\nfrom src.bots.jmendes.kmm_process import process\nfrom ...

  File "C:\Users\pedro\Documents\ERGONDATA\KMM\src\bots\jmendes\worker.py", line 140, in <module>
    process_case()
    └ <function process_case at 0x0000027DB9374D30>

> File "C:\Users\pedro\Documents\ERGONDATA\KMM\src\bots\jmendes\worker.py", line 37, in process_case
    process(
    └ <function process at 0x0000027DB95001F0>

  File "C:\Users\pedro\Documents\ERGONDATA\KMM\src\bots\jmendes\kmm_process.py", line 22, in process
    kmm.jmendes_load_user_profile(
    │   └ <function KMMActions.jmendes_load_user_profile at 0x0000027DB9EB1480>
    └ <kmm.services.kmm_actions.KMMActions object at 0x0000027DBA349420>

  File "C:\Users\pedro\Documents\ERGONDATA\KMM\src\kmm\services\kmm_actions.py", line 124, in jmendes_load_user_profile
    self._load_user_profile(user, value)
    │    │                  │     └ 'FRETO LOG - MG'
    │    │                  └ 'automacao.jmn'
    │    └ <function KMMActions._load_user_profile at 0x0000027DB9EB13F0>
    └ <kmm.services.kmm_actions.KMMActions object at 0x0000027DBA349420>

  File "C:\Users\pedro\Documents\ERGONDATA\KMM\src\kmm\services\kmm_actions.py", line 142, in _load_user_profile
    raise Exception(f"Falha ão mapeada ao lotar o usuário: {user}") from e

Exception: Falha ão mapeada ao lotar o usuário: automacao.jmn
2026-01-08 12:31:00 | INFO | kmm.services.kmm_actions:login | Iniciando login | {'service': 'JMendes'}
2026-01-08 12:31:13 | INFO | kmm.services.kmm_actions:login | Fim do Login | {'service': 'JMendes'}
2026-01-08 12:31:49 | ERROR | __main__:process_case | Falha não mapeada. Erro Falha ão mapeada ao lotar o usuário: automacao.jmn | {}
Traceback (most recent call last):

  File "C:\Users\pedro\Documents\ERGONDATA\KMM\src\kmm\services\kmm_actions.py", line 128, in _load_user_profile
    self.driver.switch_to_frame(principal=False)
    │    │      └ <function KMMIEDriver.switch_to_frame at 0x00000268DF09DA20>
    │    └ <kmm.ie_driver.ie_driver.KMMIEDriver object at 0x00000268DF710BE0>
    └ <kmm.services.kmm_actions.KMMActions object at 0x00000268DF619420>

  File "C:\Users\pedro\Documents\ERGONDATA\KMM\src\kmm\ie_driver\ie_driver.py", line 106, in wrapped
    return object.__getattribute__(self, "_call_with_watchdog")(name, attr, *args, **kwargs)
                                   │                            │     │      │       └ {'principal': False}
                                   │                            │     │      └ ()
                                   │                            │     └ <bound method KMMIEDriver.switch_to_frame of <kmm.ie_driver.ie_driver.KMMIEDriver object at 0x00000268DF710BE0>>
                                   │                            └ 'switch_to_frame'
                                   └ <kmm.ie_driver.ie_driver.KMMIEDriver object at 0x00000268DF710BE0>

  File "C:\Users\pedro\Documents\ERGONDATA\KMM\src\kmm\ie_driver\ie_driver.py", line 150, in _call_with_watchdog
    raise result_box["exc"]
          └ {'value': None, 'exc': TimeoutException('', None, None)}

  File "C:\Users\pedro\Documents\ERGONDATA\KMM\src\kmm\ie_driver\ie_driver.py", line 127, in runner
    result_box["value"] = fn(*args, **kwargs)
    │                     │   │       └ {'principal': False}
    │                     │   └ ()
    │                     └ <bound method KMMIEDriver.switch_to_frame of <kmm.ie_driver.ie_driver.KMMIEDriver object at 0x00000268DF710BE0>>
    └ {'value': None, 'exc': TimeoutException('', None, None)}

  File "C:\Users\pedro\Documents\ERGONDATA\KMM\src\kmm\ie_driver\ie_driver.py", line 567, in switch_to_frame
    self.wait_frame(locator='name:iconteudo', timeout=timeout)
    │    │                                            └ None
    │    └ <function KMMIEDriver.wait_frame at 0x00000268DF09D360>
    └ <kmm.ie_driver.ie_driver.KMMIEDriver object at 0x00000268DF710BE0>

  File "C:\Users\pedro\Documents\ERGONDATA\KMM\src\kmm\ie_driver\ie_driver.py", line 106, in wrapped
    return object.__getattribute__(self, "_call_with_watchdog")(name, attr, *args, **kwargs)
                                   │                            │     │      │       └ {'locator': 'name:iconteudo', 'timeout': None}
                                   │                            │     │      └ ()
                                   │                            │     └ <bound method KMMIEDriver.wait_frame of <kmm.ie_driver.ie_driver.KMMIEDriver object at 0x00000268DF710BE0>>
                                   │                            └ 'wait_frame'
                                   └ <kmm.ie_driver.ie_driver.KMMIEDriver object at 0x00000268DF710BE0>

  File "C:\Users\pedro\Documents\ERGONDATA\KMM\src\kmm\ie_driver\ie_driver.py", line 150, in _call_with_watchdog
    raise result_box["exc"]
          └ {'value': None, 'exc': TimeoutException('', None, None)}

  File "C:\Users\pedro\Documents\ERGONDATA\KMM\src\kmm\ie_driver\ie_driver.py", line 127, in runner
    result_box["value"] = fn(*args, **kwargs)
    │                     │   │       └ {'locator': 'name:iconteudo', 'timeout': None}
    │                     │   └ ()
    │                     └ <bound method KMMIEDriver.wait_frame of <kmm.ie_driver.ie_driver.KMMIEDriver object at 0x00000268DF710BE0>>
    └ {'value': None, 'exc': TimeoutException('', None, None)}

  File "C:\Users\pedro\Documents\ERGONDATA\KMM\src\kmm\ie_driver\ie_driver.py", line 372, in wait_frame
    element = wait.until(EC.frame_to_be_available_and_switch_to_it((self._by(by), value)))
              │    │     │  │                                       │    │   │    └ 'iconteudo'
              │    │     │  │                                       │    │   └ 'name'
              │    │     │  │                                       │    └ <function KMMIEDriver._by at 0x00000268DF09D120>
              │    │     │  │                                       └ <kmm.ie_driver.ie_driver.KMMIEDriver object at 0x00000268DF710BE0>
              │    │     │  └ <class 'selenium.webdriver.support.expected_conditions.frame_to_be_available_and_switch_to_it'>
              │    │     └ <module 'selenium.webdriver.support.expected_conditions' from 'C:\\Users\\pedro\\Documents\\ERGONDATA\\KMM\\.venv\\lib\\site-...
              │    └ <function WebDriverWait.until at 0x00000268DF03DF30>
              └ <selenium.webdriver.support.wait.WebDriverWait (session="d8f3085f-cbbd-4138-8c18-75594a43e665")>

  File "C:\Users\pedro\Documents\ERGONDATA\KMM\.venv\lib\site-packages\selenium\webdriver\support\wait.py", line 80, in until
    raise TimeoutException(message, screen, stacktrace)
          │                │        │       └ None
          │                │        └ None
          │                └ ''
          └ <class 'selenium.common.exceptions.TimeoutException'>

selenium.common.exceptions.TimeoutException: Message: 



The above exception was the direct cause of the following exception:


Traceback (most recent call last):

  File "C:\Program Files\JetBrains\PyCharm 2025.3\plugins\python-ce\helpers\pydev\pydevd.py", line 2391, in <module>
    main()
    └ <function main at 0x00000268DE46F2E0>

  File "C:\Program Files\JetBrains\PyCharm 2025.3\plugins\python-ce\helpers\pydev\pydevd.py", line 2372, in main
    globals = debugger.run(setup['file'], None, None, is_module)
              │        │   │                          └ False
              │        │   └ {'port': 52796, 'vm_type': None, 'client': '127.0.0.1', 'server': False, 'DEBUG_RECORD_SOCKET_READS': False, 'multiproc': Fal...
              │        └ <function PyDB.run at 0x00000268DE46E290>
              └ <__main__.PyDB object at 0x00000268DE5CD600>

  File "C:\Program Files\JetBrains\PyCharm 2025.3\plugins\python-ce\helpers\pydev\pydevd.py", line 1640, in run
    return self._exec(is_module, entry_point_fn, module_name, file, globals, locals)
           │    │     │          │               │            │     │        └ {'__name__': '__main__', '__doc__': None, '__package__': '', '__loader__': <_frozen_importlib_external.SourceFileLoader objec...
           │    │     │          │               │            │     └ {'__name__': '__main__', '__doc__': None, '__package__': '', '__loader__': <_frozen_importlib_external.SourceFileLoader objec...
           │    │     │          │               │            └ 'C:\\Users\\pedro\\Documents\\ERGONDATA\\KMM\\src\\bots\\jmendes\\worker.py'
           │    │     │          │               └ None
           │    │     │          └ ''
           │    │     └ False
           │    └ <function PyDB._exec at 0x00000268DE46E320>
           └ <__main__.PyDB object at 0x00000268DE5CD600>

  File "C:\Program Files\JetBrains\PyCharm 2025.3\plugins\python-ce\helpers\pydev\pydevd.py", line 1647, in _exec
    pydev_imports.execfile(file, globals, locals)  # execute the script
    │             │        │     │        └ {'__name__': '__main__', '__doc__': None, '__package__': '', '__loader__': <_frozen_importlib_external.SourceFileLoader objec...
    │             │        │     └ {'__name__': '__main__', '__doc__': None, '__package__': '', '__loader__': <_frozen_importlib_external.SourceFileLoader objec...
    │             │        └ 'C:\\Users\\pedro\\Documents\\ERGONDATA\\KMM\\src\\bots\\jmendes\\worker.py'
    │             └ <function execfile at 0x00000268DE37E3B0>
    └ <module '_pydev_bundle.pydev_imports' from 'C:\\Program Files\\JetBrains\\PyCharm 2025.3\\plugins\\python-ce\\helpers\\pydev\...

  File "C:\Program Files\JetBrains\PyCharm 2025.3\plugins\python-ce\helpers\pydev\_pydev_imps\_pydev_execfile.py", line 18, in execfile
    exec(compile(contents+"\n", file, 'exec'), glob, loc)
                 │              │              │     └ {'__name__': '__main__', '__doc__': None, '__package__': '', '__loader__': <_frozen_importlib_external.SourceFileLoader objec...
                 │              │              └ {'__name__': '__main__', '__doc__': None, '__package__': '', '__loader__': <_frozen_importlib_external.SourceFileLoader objec...
                 │              └ 'C:\\Users\\pedro\\Documents\\ERGONDATA\\KMM\\src\\bots\\jmendes\\worker.py'
                 └ 'import json\nimport pika\nimport os\nfrom dotenv import load_dotenv\nfrom src.bots.jmendes.kmm_process import process\nfrom ...

  File "C:\Users\pedro\Documents\ERGONDATA\KMM\src\bots\jmendes\worker.py", line 140, in <module>
    process_case()
    └ <function process_case at 0x00000268DE640D30>

> File "C:\Users\pedro\Documents\ERGONDATA\KMM\src\bots\jmendes\worker.py", line 37, in process_case
    process(
    └ <function process at 0x00000268DE7C44C0>

  File "C:\Users\pedro\Documents\ERGONDATA\KMM\src\bots\jmendes\kmm_process.py", line 22, in process
    kmm.jmendes_load_user_profile(
    │   └ <function KMMActions.jmendes_load_user_profile at 0x00000268DF17B490>
    └ <kmm.services.kmm_actions.KMMActions object at 0x00000268DF619420>

  File "C:\Users\pedro\Documents\ERGONDATA\KMM\src\kmm\services\kmm_actions.py", line 124, in jmendes_load_user_profile
    self._load_user_profile(user, value)
    │    │                  │     └ 'FRETO LOG - MG'
    │    │                  └ 'automacao.jmn'
    │    └ <function KMMActions._load_user_profile at 0x00000268DF17B520>
    └ <kmm.services.kmm_actions.KMMActions object at 0x00000268DF619420>

  File "C:\Users\pedro\Documents\ERGONDATA\KMM\src\kmm\services\kmm_actions.py", line 142, in _load_user_profile
    raise Exception(f"Falha ão mapeada ao lotar o usuário: {user}") from e

Exception: Falha ão mapeada ao lotar o usuário: automacao.jmn
2026-01-08 12:32:56 | INFO | kmm.services.kmm_actions:login | Iniciando login | {'service': 'JMendes'}
2026-01-08 12:33:08 | INFO | kmm.services.kmm_actions:login | Fim do Login | {'service': 'JMendes'}
2026-01-08 12:33:09 | INFO | kmm.services.kmm_actions:quick_access | Acessando menu lot via acesso rápido | {'service': 'JMendes'}
2026-01-08 12:33:16 | INFO | kmm.services.kmm_actions:quick_access | Fim do acesso rápido | {'service': 'JMendes'}
2026-01-08 12:33:30 | ERROR | __main__:process_case | Falha não mapeada. Erro Falha ão mapeada ao lotar o usuário: automacao.jmn | {}
Traceback (most recent call last):

  File "C:\Users\pedro\Documents\ERGONDATA\KMM\src\kmm\services\kmm_actions.py", line 130, in _load_user_profile
    self.driver.select_by_value("id:USUARIO", user)
    │    │      │                             └ 'automacao.jmn'
    │    │      └ <function KMMIEDriver.select_by_value at 0x00000197B49FDC60>
    │    └ <kmm.ie_driver.ie_driver.KMMIEDriver object at 0x00000197B5078BE0>
    └ <kmm.services.kmm_actions.KMMActions object at 0x00000197B4F7D420>

  File "C:\Users\pedro\Documents\ERGONDATA\KMM\src\kmm\ie_driver\ie_driver.py", line 106, in wrapped
    return object.__getattribute__(self, "_call_with_watchdog")(name, attr, *args, **kwargs)
                                   │                            │     │      │       └ {}
                                   │                            │     │      └ ('id:USUARIO', 'automacao.jmn')
                                   │                            │     └ <bound method KMMIEDriver.select_by_value of <kmm.ie_driver.ie_driver.KMMIEDriver object at 0x00000197B5078BE0>>
                                   │                            └ 'select_by_value'
                                   └ <kmm.ie_driver.ie_driver.KMMIEDriver object at 0x00000197B5078BE0>

  File "C:\Users\pedro\Documents\ERGONDATA\KMM\src\kmm\ie_driver\ie_driver.py", line 150, in _call_with_watchdog
    raise result_box["exc"]
          └ {'value': None, 'exc': NoSuchElementException('Cannot locate option with value: automacao.jmn')}

  File "C:\Users\pedro\Documents\ERGONDATA\KMM\src\kmm\ie_driver\ie_driver.py", line 127, in runner
    result_box["value"] = fn(*args, **kwargs)
    │                     │   │       └ {}
    │                     │   └ ('id:USUARIO', 'automacao.jmn')
    │                     └ <bound method KMMIEDriver.select_by_value of <kmm.ie_driver.ie_driver.KMMIEDriver object at 0x00000197B5078BE0>>
    └ {'value': None, 'exc': NoSuchElementException('Cannot locate option with value: automacao.jmn')}

  File "C:\Users\pedro\Documents\ERGONDATA\KMM\src\kmm\ie_driver\ie_driver.py", line 609, in select_by_value
    Select(el).select_by_value(value=value)
    │      │                         └ 'automacao.jmn'
    │      └ <selenium.webdriver.remote.webelement.WebElement (session="f6ed3227-eed1-47f0-b20f-1054f910838c", element="a167218a-5a39-488f...
    └ <class 'selenium.webdriver.support.select.Select'>

  File "C:\Users\pedro\Documents\ERGONDATA\KMM\.venv\lib\site-packages\selenium\webdriver\support\select.py", line 87, in select_by_value
    raise NoSuchElementException("Cannot locate option with value: %s" % value)
          │                                                              └ 'automacao.jmn'
          └ <class 'selenium.common.exceptions.NoSuchElementException'>

selenium.common.exceptions.NoSuchElementException: Message: Cannot locate option with value: automacao.jmn



The above exception was the direct cause of the following exception:


Traceback (most recent call last):

  File "C:\Program Files\JetBrains\PyCharm 2025.3\plugins\python-ce\helpers\pydev\pydevd.py", line 2391, in <module>
    main()
    └ <function main at 0x00000197B3DCF2E0>

  File "C:\Program Files\JetBrains\PyCharm 2025.3\plugins\python-ce\helpers\pydev\pydevd.py", line 2372, in main
    globals = debugger.run(setup['file'], None, None, is_module)
              │        │   │                          └ False
              │        │   └ {'port': 52880, 'vm_type': None, 'client': '127.0.0.1', 'server': False, 'DEBUG_RECORD_SOCKET_READS': False, 'multiproc': Fal...
              │        └ <function PyDB.run at 0x00000197B3DCE290>
              └ <__main__.PyDB object at 0x00000197B3F2D600>

  File "C:\Program Files\JetBrains\PyCharm 2025.3\plugins\python-ce\helpers\pydev\pydevd.py", line 1640, in run
    return self._exec(is_module, entry_point_fn, module_name, file, globals, locals)
           │    │     │          │               │            │     │        └ {'__name__': '__main__', '__doc__': None, '__package__': '', '__loader__': <_frozen_importlib_external.SourceFileLoader objec...
           │    │     │          │               │            │     └ {'__name__': '__main__', '__doc__': None, '__package__': '', '__loader__': <_frozen_importlib_external.SourceFileLoader objec...
           │    │     │          │               │            └ 'C:\\Users\\pedro\\Documents\\ERGONDATA\\KMM\\src\\bots\\jmendes\\worker.py'
           │    │     │          │               └ None
           │    │     │          └ ''
           │    │     └ False
           │    └ <function PyDB._exec at 0x00000197B3DCE320>
           └ <__main__.PyDB object at 0x00000197B3F2D600>

  File "C:\Program Files\JetBrains\PyCharm 2025.3\plugins\python-ce\helpers\pydev\pydevd.py", line 1647, in _exec
    pydev_imports.execfile(file, globals, locals)  # execute the script
    │             │        │     │        └ {'__name__': '__main__', '__doc__': None, '__package__': '', '__loader__': <_frozen_importlib_external.SourceFileLoader objec...
    │             │        │     └ {'__name__': '__main__', '__doc__': None, '__package__': '', '__loader__': <_frozen_importlib_external.SourceFileLoader objec...
    │             │        └ 'C:\\Users\\pedro\\Documents\\ERGONDATA\\KMM\\src\\bots\\jmendes\\worker.py'
    │             └ <function execfile at 0x00000197B3CDE3B0>
    └ <module '_pydev_bundle.pydev_imports' from 'C:\\Program Files\\JetBrains\\PyCharm 2025.3\\plugins\\python-ce\\helpers\\pydev\...

  File "C:\Program Files\JetBrains\PyCharm 2025.3\plugins\python-ce\helpers\pydev\_pydev_imps\_pydev_execfile.py", line 18, in execfile
    exec(compile(contents+"\n", file, 'exec'), glob, loc)
                 │              │              │     └ {'__name__': '__main__', '__doc__': None, '__package__': '', '__loader__': <_frozen_importlib_external.SourceFileLoader objec...
                 │              │              └ {'__name__': '__main__', '__doc__': None, '__package__': '', '__loader__': <_frozen_importlib_external.SourceFileLoader objec...
                 │              └ 'C:\\Users\\pedro\\Documents\\ERGONDATA\\KMM\\src\\bots\\jmendes\\worker.py'
                 └ 'import json\nimport pika\nimport os\nfrom dotenv import load_dotenv\nfrom src.bots.jmendes.kmm_process import process\nfrom ...

  File "C:\Users\pedro\Documents\ERGONDATA\KMM\src\bots\jmendes\worker.py", line 140, in <module>
    process_case()
    └ <function process_case at 0x00000197B3F9CD30>

> File "C:\Users\pedro\Documents\ERGONDATA\KMM\src\bots\jmendes\worker.py", line 37, in process_case
    process(
    └ <function process at 0x00000197B41244C0>

  File "C:\Users\pedro\Documents\ERGONDATA\KMM\src\bots\jmendes\kmm_process.py", line 22, in process
    kmm.jmendes_load_user_profile(
    │   └ <function KMMActions.jmendes_load_user_profile at 0x00000197B4ADF5B0>
    └ <kmm.services.kmm_actions.KMMActions object at 0x00000197B4F7D420>

  File "C:\Users\pedro\Documents\ERGONDATA\KMM\src\kmm\services\kmm_actions.py", line 124, in jmendes_load_user_profile
    self._load_user_profile(user, value)
    │    │                  │     └ 'FRETO LOG - MG'
    │    │                  └ 'automacao.jmn'
    │    └ <function KMMActions._load_user_profile at 0x00000197B4ADF640>
    └ <kmm.services.kmm_actions.KMMActions object at 0x00000197B4F7D420>

  File "C:\Users\pedro\Documents\ERGONDATA\KMM\src\kmm\services\kmm_actions.py", line 143, in _load_user_profile
    raise Exception(f"Falha ão mapeada ao lotar o usuário: {user}") from e

Exception: Falha ão mapeada ao lotar o usuário: automacao.jmn
2026-01-08 12:34:26 | INFO | kmm.services.kmm_actions:login | Iniciando login | {'service': 'JMendes'}
2026-01-08 12:34:38 | INFO | kmm.services.kmm_actions:login | Fim do Login | {'service': 'JMendes'}
2026-01-08 12:34:38 | INFO | kmm.services.kmm_actions:quick_access | Acessando menu lot via acesso rápido | {'service': 'JMendes'}
2026-01-08 12:34:46 | INFO | kmm.services.kmm_actions:quick_access | Fim do acesso rápido | {'service': 'JMendes'}
2026-01-08 12:36:22 | INFO | kmm.services.kmm_actions:login | Iniciando login | {'service': 'JMendes'}
2026-01-08 12:36:35 | INFO | kmm.services.kmm_actions:login | Fim do Login | {'service': 'JMendes'}
2026-01-08 12:36:35 | INFO | kmm.services.kmm_actions:quick_access | Acessando menu lot via acesso rápido | {'service': 'JMendes'}
2026-01-08 12:36:43 | INFO | kmm.services.kmm_actions:quick_access | Fim do acesso rápido | {'service': 'JMendes'}
2026-01-08 12:36:55 | INFO | kmm.services.kmm_actions:quick_access | Acessando menu lot via acesso rápido | {'service': 'JMendes'}
2026-01-08 12:37:03 | INFO | kmm.services.kmm_actions:quick_access | Fim do acesso rápido | {'service': 'JMendes'}
2026-01-08 12:37:09 | INFO | kmm.services.kmm_actions:quick_access | Acessando menu lot via acesso rápido | {'service': 'JMendes'}
2026-01-08 12:37:17 | INFO | kmm.services.kmm_actions:quick_access | Fim do acesso rápido | {'service': 'JMendes'}
2026-01-08 12:37:28 | INFO | kmm.services.kmm_actions:quick_access | Acessando menu lot via acesso rápido | {'service': 'JMendes'}
2026-01-08 12:37:36 | INFO | kmm.services.kmm_actions:quick_access | Fim do acesso rápido | {'service': 'JMendes'}
2026-01-08 12:50:37 | ERROR | __main__:run | Erro na obtenção dos dados da NF. ERRO: 'BelgoPortal' object has no attribute 'secret_belgo' | {}
Traceback (most recent call last):

  File "C:\Program Files\JetBrains\PyCharm 2025.3\plugins\python-ce\helpers\pydev\pydevd.py", line 2391, in <module>
    main()
    └ <function main at 0x000002D4C391F2E0>

  File "C:\Program Files\JetBrains\PyCharm 2025.3\plugins\python-ce\helpers\pydev\pydevd.py", line 2372, in main
    globals = debugger.run(setup['file'], None, None, is_module)
              │        │   │                          └ False
              │        │   └ {'port': 53412, 'vm_type': None, 'client': '127.0.0.1', 'server': False, 'DEBUG_RECORD_SOCKET_READS': False, 'multiproc': Fal...
              │        └ <function PyDB.run at 0x000002D4C391E290>
              └ <__main__.PyDB object at 0x000002D4C3A7D600>

  File "C:\Program Files\JetBrains\PyCharm 2025.3\plugins\python-ce\helpers\pydev\pydevd.py", line 1640, in run
    return self._exec(is_module, entry_point_fn, module_name, file, globals, locals)
           │    │     │          │               │            │     │        └ {'__name__': '__main__', '__doc__': None, '__package__': '', '__loader__': <_frozen_importlib_external.SourceFileLoader objec...
           │    │     │          │               │            │     └ {'__name__': '__main__', '__doc__': None, '__package__': '', '__loader__': <_frozen_importlib_external.SourceFileLoader objec...
           │    │     │          │               │            └ 'C:\\Users\\pedro\\Documents\\ERGONDATA\\KMM\\src\\bots\\belgo\\bba_portal.py'
           │    │     │          │               └ None
           │    │     │          └ ''
           │    │     └ False
           │    └ <function PyDB._exec at 0x000002D4C391E320>
           └ <__main__.PyDB object at 0x000002D4C3A7D600>

  File "C:\Program Files\JetBrains\PyCharm 2025.3\plugins\python-ce\helpers\pydev\pydevd.py", line 1647, in _exec
    pydev_imports.execfile(file, globals, locals)  # execute the script
    │             │        │     │        └ {'__name__': '__main__', '__doc__': None, '__package__': '', '__loader__': <_frozen_importlib_external.SourceFileLoader objec...
    │             │        │     └ {'__name__': '__main__', '__doc__': None, '__package__': '', '__loader__': <_frozen_importlib_external.SourceFileLoader objec...
    │             │        └ 'C:\\Users\\pedro\\Documents\\ERGONDATA\\KMM\\src\\bots\\belgo\\bba_portal.py'
    │             └ <function execfile at 0x000002D4C382E3B0>
    └ <module '_pydev_bundle.pydev_imports' from 'C:\\Program Files\\JetBrains\\PyCharm 2025.3\\plugins\\python-ce\\helpers\\pydev\...

  File "C:\Program Files\JetBrains\PyCharm 2025.3\plugins\python-ce\helpers\pydev\_pydev_imps\_pydev_execfile.py", line 18, in execfile
    exec(compile(contents+"\n", file, 'exec'), glob, loc)
                 │              │              │     └ {'__name__': '__main__', '__doc__': None, '__package__': '', '__loader__': <_frozen_importlib_external.SourceFileLoader objec...
                 │              │              └ {'__name__': '__main__', '__doc__': None, '__package__': '', '__loader__': <_frozen_importlib_external.SourceFileLoader objec...
                 │              └ 'C:\\Users\\pedro\\Documents\\ERGONDATA\\KMM\\src\\bots\\belgo\\bba_portal.py'
                 └ 'from selenium import webdriver\nfrom webdriver_manager.chrome import ChromeDriverManager\nfrom selenium.webdriver.chrome.opt...

  File "C:\Users\pedro\Documents\ERGONDATA\KMM\src\bots\belgo\bba_portal.py", line 694, in <module>
    BelgoPortal([]).run()
    └ <class '__main__.BelgoPortal'>

> File "C:\Users\pedro\Documents\ERGONDATA\KMM\src\bots\belgo\bba_portal.py", line 676, in run
    self.config()
    │    └ <function BelgoPortal.config at 0x000002D4C40DC0D0>
    └ <__main__.BelgoPortal object at 0x000002D4C4082290>

  File "C:\Users\pedro\Documents\ERGONDATA\KMM\src\bots\belgo\bba_portal.py", line 56, in config
    self.br["user[email]"] = self.secret_belgo["username"]
    │    │                   └ <__main__.BelgoPortal object at 0x000002D4C4082290>
    │    └ <mechanize._mechanize.Browser object at 0x000002D4C4083580>
    └ <__main__.BelgoPortal object at 0x000002D4C4082290>

AttributeError: 'BelgoPortal' object has no attribute 'secret_belgo'
2026-01-08 12:53:09 | INFO | __main__:open | Acessando o portal BBA | {}
2026-01-08 12:58:30 | ERROR | __main__:run | Erro na obtenção dos dados da NF. ERRO: name 'browser_lib' is not defined | {}
Traceback (most recent call last):

  File "C:\Users\pedro\Documents\ERGONDATA\KMM\src\bots\belgo\bba_portal.py", line 71, in open
    browser_lib.click_button("OK")

  File "C:\Users\pedro\Documents\ERGONDATA\KMM\src\bots\belgo\bba_portal.py", line 71, in open
    browser_lib.click_button("OK")

  File "_pydevd_bundle/pydevd_cython_win32_310_64.pyx", line 1590, in _pydevd_bundle.pydevd_cython_win32_310_64.ThreadTracer.__call__
  File "_pydevd_bundle/pydevd_cython_win32_310_64.pyx", line 937, in _pydevd_bundle.pydevd_cython_win32_310_64.PyDBFrame.trace_dispatch
  File "_pydevd_bundle/pydevd_cython_win32_310_64.pyx", line 928, in _pydevd_bundle.pydevd_cython_win32_310_64.PyDBFrame.trace_dispatch
  File "_pydevd_bundle/pydevd_cython_win32_310_64.pyx", line 585, in _pydevd_bundle.pydevd_cython_win32_310_64.PyDBFrame.do_wait_suspend

  File "C:\Program Files\JetBrains\PyCharm 2025.3\plugins\python-ce\helpers\pydev\pydevd.py", line 1195, in do_wait_suspend
    self._do_wait_suspend(thread, frame, event, arg, suspend_type, from_this_thread)
    │    │                │       │      │      │    │             └ []
    │    │                │       │      │      │    └ 'frame_eval'
    │    │                │       │      │      └ None
    │    │                │       │      └ 'line'
    │    │                │       └ <frame at 0x0000025B73B5E6C0, file 'C:\\Users\\pedro\\Documents\\ERGONDATA\\KMM\\src\\bots\\belgo\\bba_portal.py', line 73, c...
    │    │                └ <_MainThread(MainThread, started 608)>
    │    └ <function PyDB._do_wait_suspend at 0x0000025B7338DC60>
    └ <__main__.PyDB object at 0x0000025B734ED600>

  File "C:\Program Files\JetBrains\PyCharm 2025.3\plugins\python-ce\helpers\pydev\pydevd.py", line 1210, in _do_wait_suspend
    time.sleep(0.01)
    │    └ <built-in function sleep>
    └ <module 'time' (built-in)>

KeyboardInterrupt


During handling of the above exception, another exception occurred:


Traceback (most recent call last):

  File "C:\Program Files\JetBrains\PyCharm 2025.3\plugins\python-ce\helpers\pydev\pydevd.py", line 2391, in <module>
    main()
    └ <function main at 0x0000025B7338F2E0>

  File "C:\Program Files\JetBrains\PyCharm 2025.3\plugins\python-ce\helpers\pydev\pydevd.py", line 2372, in main
    globals = debugger.run(setup['file'], None, None, is_module)
              │        │   │                          └ False
              │        │   └ {'port': 53450, 'vm_type': None, 'client': '127.0.0.1', 'server': False, 'DEBUG_RECORD_SOCKET_READS': False, 'multiproc': Fal...
              │        └ <function PyDB.run at 0x0000025B7338E290>
              └ <__main__.PyDB object at 0x0000025B734ED600>

  File "C:\Program Files\JetBrains\PyCharm 2025.3\plugins\python-ce\helpers\pydev\pydevd.py", line 1640, in run
    return self._exec(is_module, entry_point_fn, module_name, file, globals, locals)
           │    │     │          │               │            │     │        └ {'__name__': '__main__', '__doc__': None, '__package__': '', '__loader__': <_frozen_importlib_external.SourceFileLoader objec...
           │    │     │          │               │            │     └ {'__name__': '__main__', '__doc__': None, '__package__': '', '__loader__': <_frozen_importlib_external.SourceFileLoader objec...
           │    │     │          │               │            └ 'C:\\Users\\pedro\\Documents\\ERGONDATA\\KMM\\src\\bots\\belgo\\bba_portal.py'
           │    │     │          │               └ None
           │    │     │          └ ''
           │    │     └ False
           │    └ <function PyDB._exec at 0x0000025B7338E320>
           └ <__main__.PyDB object at 0x0000025B734ED600>

  File "C:\Program Files\JetBrains\PyCharm 2025.3\plugins\python-ce\helpers\pydev\pydevd.py", line 1647, in _exec
    pydev_imports.execfile(file, globals, locals)  # execute the script
    │             │        │     │        └ {'__name__': '__main__', '__doc__': None, '__package__': '', '__loader__': <_frozen_importlib_external.SourceFileLoader objec...
    │             │        │     └ {'__name__': '__main__', '__doc__': None, '__package__': '', '__loader__': <_frozen_importlib_external.SourceFileLoader objec...
    │             │        └ 'C:\\Users\\pedro\\Documents\\ERGONDATA\\KMM\\src\\bots\\belgo\\bba_portal.py'
    │             └ <function execfile at 0x0000025B7329E3B0>
    └ <module '_pydev_bundle.pydev_imports' from 'C:\\Program Files\\JetBrains\\PyCharm 2025.3\\plugins\\python-ce\\helpers\\pydev\...

  File "C:\Program Files\JetBrains\PyCharm 2025.3\plugins\python-ce\helpers\pydev\_pydev_imps\_pydev_execfile.py", line 18, in execfile
    exec(compile(contents+"\n", file, 'exec'), glob, loc)
                 │              │              │     └ {'__name__': '__main__', '__doc__': None, '__package__': '', '__loader__': <_frozen_importlib_external.SourceFileLoader objec...
                 │              │              └ {'__name__': '__main__', '__doc__': None, '__package__': '', '__loader__': <_frozen_importlib_external.SourceFileLoader objec...
                 │              └ 'C:\\Users\\pedro\\Documents\\ERGONDATA\\KMM\\src\\bots\\belgo\\bba_portal.py'
                 └ 'from selenium import webdriver\nfrom webdriver_manager.chrome import ChromeDriverManager\nfrom selenium.webdriver.chrome.opt...

  File "C:\Users\pedro\Documents\ERGONDATA\KMM\src\bots\belgo\bba_portal.py", line 694, in <module>
    BelgoPortal([]).run()
    └ <class '__main__.BelgoPortal'>

> File "C:\Users\pedro\Documents\ERGONDATA\KMM\src\bots\belgo\bba_portal.py", line 677, in run
    self.open()
    │    └ <function BelgoPortal.open at 0x0000025B73B4C3A0>
    └ <__main__.BelgoPortal object at 0x0000025B73AEE290>

  File "C:\Users\pedro\Documents\ERGONDATA\KMM\src\bots\belgo\bba_portal.py", line 73, in open
    browser_lib.click_element("css:button.btn:nth-child(3)")

NameError: name 'browser_lib' is not defined
2026-01-08 14:05:51 | INFO | __main__:open | Acessando o portal BBA | {}
2026-01-08 14:15:31 | ERROR | __main__:run | Erro na obtenção dos dados da NF. ERRO: name 'browser_lib' is not defined | {}
Traceback (most recent call last):

  File "C:\Users\pedro\Documents\ERGONDATA\KMM\src\bots\belgo\bba_portal.py", line 71, in open

  File "C:\Users\pedro\Documents\ERGONDATA\KMM\src\bots\belgo\bba_portal.py", line 71, in open

  File "_pydevd_bundle/pydevd_cython_win32_310_64.pyx", line 1186, in _pydevd_bundle.pydevd_cython_win32_310_64.SafeCallWrapper.__call__
  File "_pydevd_bundle/pydevd_cython_win32_310_64.pyx", line 627, in _pydevd_bundle.pydevd_cython_win32_310_64.PyDBFrame.trace_dispatch
  File "_pydevd_bundle/pydevd_cython_win32_310_64.pyx", line 937, in _pydevd_bundle.pydevd_cython_win32_310_64.PyDBFrame.trace_dispatch
  File "_pydevd_bundle/pydevd_cython_win32_310_64.pyx", line 928, in _pydevd_bundle.pydevd_cython_win32_310_64.PyDBFrame.trace_dispatch
  File "_pydevd_bundle/pydevd_cython_win32_310_64.pyx", line 585, in _pydevd_bundle.pydevd_cython_win32_310_64.PyDBFrame.do_wait_suspend

  File "C:\Program Files\JetBrains\PyCharm 2025.3\plugins\python-ce\helpers\pydev\pydevd.py", line 1195, in do_wait_suspend
    self._do_wait_suspend(thread, frame, event, arg, suspend_type, from_this_thread)
    │    │                │       │      │      │    │             └ []
    │    │                │       │      │      │    └ 'trace'
    │    │                │       │      │      └ None
    │    │                │       │      └ 'line'
    │    │                │       └ <frame at 0x00000249A1DDE880, file 'C:\\Users\\pedro\\Documents\\ERGONDATA\\KMM\\src\\bots\\belgo\\bba_portal.py', line 73, c...
    │    │                └ <_MainThread(MainThread, started 9168)>
    │    └ <function PyDB._do_wait_suspend at 0x00000249A162DC60>
    └ <__main__.PyDB object at 0x00000249A176D600>

  File "C:\Program Files\JetBrains\PyCharm 2025.3\plugins\python-ce\helpers\pydev\pydevd.py", line 1210, in _do_wait_suspend
    time.sleep(0.01)
    │    └ <built-in function sleep>
    └ <module 'time' (built-in)>

KeyboardInterrupt


During handling of the above exception, another exception occurred:


Traceback (most recent call last):

  File "C:\Program Files\JetBrains\PyCharm 2025.3\plugins\python-ce\helpers\pydev\pydevd.py", line 2391, in <module>
    main()
    └ <function main at 0x00000249A162F2E0>

  File "C:\Program Files\JetBrains\PyCharm 2025.3\plugins\python-ce\helpers\pydev\pydevd.py", line 2372, in main
    globals = debugger.run(setup['file'], None, None, is_module)
              │        │   │                          └ False
              │        │   └ {'port': 53594, 'vm_type': None, 'client': '127.0.0.1', 'server': False, 'DEBUG_RECORD_SOCKET_READS': False, 'multiproc': Fal...
              │        └ <function PyDB.run at 0x00000249A162E290>
              └ <__main__.PyDB object at 0x00000249A176D600>

  File "C:\Program Files\JetBrains\PyCharm 2025.3\plugins\python-ce\helpers\pydev\pydevd.py", line 1640, in run
    return self._exec(is_module, entry_point_fn, module_name, file, globals, locals)
           │    │     │          │               │            │     │        └ {'__name__': '__main__', '__doc__': None, '__package__': '', '__loader__': <_frozen_importlib_external.SourceFileLoader objec...
           │    │     │          │               │            │     └ {'__name__': '__main__', '__doc__': None, '__package__': '', '__loader__': <_frozen_importlib_external.SourceFileLoader objec...
           │    │     │          │               │            └ 'C:\\Users\\pedro\\Documents\\ERGONDATA\\KMM\\src\\bots\\belgo\\bba_portal.py'
           │    │     │          │               └ None
           │    │     │          └ ''
           │    │     └ False
           │    └ <function PyDB._exec at 0x00000249A162E320>
           └ <__main__.PyDB object at 0x00000249A176D600>

  File "C:\Program Files\JetBrains\PyCharm 2025.3\plugins\python-ce\helpers\pydev\pydevd.py", line 1647, in _exec
    pydev_imports.execfile(file, globals, locals)  # execute the script
    │             │        │     │        └ {'__name__': '__main__', '__doc__': None, '__package__': '', '__loader__': <_frozen_importlib_external.SourceFileLoader objec...
    │             │        │     └ {'__name__': '__main__', '__doc__': None, '__package__': '', '__loader__': <_frozen_importlib_external.SourceFileLoader objec...
    │             │        └ 'C:\\Users\\pedro\\Documents\\ERGONDATA\\KMM\\src\\bots\\belgo\\bba_portal.py'
    │             └ <function execfile at 0x00000249A155E3B0>
    └ <module '_pydev_bundle.pydev_imports' from 'C:\\Program Files\\JetBrains\\PyCharm 2025.3\\plugins\\python-ce\\helpers\\pydev\...

  File "C:\Program Files\JetBrains\PyCharm 2025.3\plugins\python-ce\helpers\pydev\_pydev_imps\_pydev_execfile.py", line 18, in execfile
    exec(compile(contents+"\n", file, 'exec'), glob, loc)
                 │              │              │     └ {'__name__': '__main__', '__doc__': None, '__package__': '', '__loader__': <_frozen_importlib_external.SourceFileLoader objec...
                 │              │              └ {'__name__': '__main__', '__doc__': None, '__package__': '', '__loader__': <_frozen_importlib_external.SourceFileLoader objec...
                 │              └ 'C:\\Users\\pedro\\Documents\\ERGONDATA\\KMM\\src\\bots\\belgo\\bba_portal.py'
                 └ 'from selenium import webdriver\nfrom webdriver_manager.chrome import ChromeDriverManager\nfrom selenium.webdriver.chrome.opt...

  File "C:\Users\pedro\Documents\ERGONDATA\KMM\src\bots\belgo\bba_portal.py", line 694, in <module>

> File "C:\Users\pedro\Documents\ERGONDATA\KMM\src\bots\belgo\bba_portal.py", line 677, in run
    self.get_incidents()
    │    └ <function BelgoPortal.get_incidents at 0x00000249A1DCC550>
    └ <__main__.BelgoPortal object at 0x00000249A1D722C0>

  File "C:\Users\pedro\Documents\ERGONDATA\KMM\src\bots\belgo\bba_portal.py", line 73, in open
    logger.info("Realizando login")
    │      └ <function Logger.info at 0x00000249A1C2B7F0>
    └ <loguru.logger handlers=[(id=1, level=20, sink=<stderr>), (id=2, level=20, sink='C:\Users\pedro\Documents\ERGONDATA\KMM\logs\...

NameError: name 'browser_lib' is not defined
2026-01-08 14:15:59 | INFO | __main__:open | Acessando o portal BBA | {}
