2026-01-07 10:24:14 | INFO | freto_portal:login | Login no portal freto | {}
2026-01-07 10:24:20 | INFO | freto_portal:get_incidents_data | Inicio da obtencao dos dados dos incidentes | {}
2026-01-07 10:24:20 | INFO | freto_portal:get_driver_name | Buscando nome do motorista | {}
2026-01-07 10:24:56 | SUCCESS | freto_portal:get_driver_name | Nome do motorista encontrado=> LEANDRO RODRIGUES | {}
2026-01-07 10:24:56 | INFO | freto_portal:get_cte_value | Obtencao do CTE | {}
2026-01-07 10:25:03 | INFO | freto_portal:get_cte_value | Clique em ver arquivos | {}
2026-01-07 10:25:03 | INFO | freto_portal:get_cte_value | arquivos 0.1 MB
CT-e8321960310412898491.pdf
0.2 MB
Skymark.pdf
0.1 MB
Viagem1842639235517834497.pdf
0.1 MB
1566486.jpg
0.1 MB
1566484.jpg
0.2 MB
1566488.jpg
0.1 MB
1566485.jpg | {}
2026-01-07 10:25:03 | INFO | freto_portal:get_cte_value | 2 | {}
2026-01-07 10:25:06 | INFO | freto_portal:get_cte_value | 6 | {}
2026-01-07 10:26:07 | ERROR | __main__:run | Sem casos | {}
2026-01-07 10:55:39 | ERROR | __main__:run | Falha ao obter os casos: Erro name '_validate_identifier' is not defined | {}
Traceback (most recent call last):

  File "C:\Program Files\JetBrains\PyCharm 2025.3\plugins\python-ce\helpers\pydev\pydevd.py", line 2391, in <module>
    main()
    └ <function main at 0x000001CE0586F2E0>

  File "C:\Program Files\JetBrains\PyCharm 2025.3\plugins\python-ce\helpers\pydev\pydevd.py", line 2372, in main
    globals = debugger.run(setup['file'], None, None, is_module)
              │        │   │                          └ False
              │        │   └ {'port': 50576, 'vm_type': None, 'client': '127.0.0.1', 'server': False, 'DEBUG_RECORD_SOCKET_READS': False, 'multiproc': Fal...
              │        └ <function PyDB.run at 0x000001CE0586E290>
              └ <__main__.PyDB object at 0x000001CE0599D600>

  File "C:\Program Files\JetBrains\PyCharm 2025.3\plugins\python-ce\helpers\pydev\pydevd.py", line 1640, in run
    return self._exec(is_module, entry_point_fn, module_name, file, globals, locals)
           │    │     │          │               │            │     │        └ {'__name__': '__main__', '__doc__': None, '__package__': '', '__loader__': <_frozen_importlib_external.SourceFileLoader objec...
           │    │     │          │               │            │     └ {'__name__': '__main__', '__doc__': None, '__package__': '', '__loader__': <_frozen_importlib_external.SourceFileLoader objec...
           │    │     │          │               │            └ 'C:\\Users\\pedro\\Documents\\ERGONDATA\\KMM\\src\\bots\\jmendes\\publisher.py'
           │    │     │          │               └ None
           │    │     │          └ ''
           │    │     └ False
           │    └ <function PyDB._exec at 0x000001CE0586E320>
           └ <__main__.PyDB object at 0x000001CE0599D600>

  File "C:\Program Files\JetBrains\PyCharm 2025.3\plugins\python-ce\helpers\pydev\pydevd.py", line 1647, in _exec
    pydev_imports.execfile(file, globals, locals)  # execute the script
    │             │        │     │        └ {'__name__': '__main__', '__doc__': None, '__package__': '', '__loader__': <_frozen_importlib_external.SourceFileLoader objec...
    │             │        │     └ {'__name__': '__main__', '__doc__': None, '__package__': '', '__loader__': <_frozen_importlib_external.SourceFileLoader objec...
    │             │        └ 'C:\\Users\\pedro\\Documents\\ERGONDATA\\KMM\\src\\bots\\jmendes\\publisher.py'
    │             └ <function execfile at 0x000001CE0579E3B0>
    └ <module '_pydev_bundle.pydev_imports' from 'C:\\Program Files\\JetBrains\\PyCharm 2025.3\\plugins\\python-ce\\helpers\\pydev\...

  File "C:\Program Files\JetBrains\PyCharm 2025.3\plugins\python-ce\helpers\pydev\_pydev_imps\_pydev_execfile.py", line 18, in execfile
    exec(compile(contents+"\n", file, 'exec'), glob, loc)
                 │              │              │     └ {'__name__': '__main__', '__doc__': None, '__package__': '', '__loader__': <_frozen_importlib_external.SourceFileLoader objec...
                 │              │              └ {'__name__': '__main__', '__doc__': None, '__package__': '', '__loader__': <_frozen_importlib_external.SourceFileLoader objec...
                 │              └ 'C:\\Users\\pedro\\Documents\\ERGONDATA\\KMM\\src\\bots\\jmendes\\publisher.py'
                 └ 'import pandas as pd\nfrom dotenv import load_dotenv\nfrom shared import sharepoint\nfrom shared.logger import logger\nfrom s...

  File "C:\Users\pedro\Documents\ERGONDATA\KMM\src\bots\jmendes\publisher.py", line 54, in <module>
    run()
    └ <function run at 0x000001CE05F4FBE0>

> File "C:\Users\pedro\Documents\ERGONDATA\KMM\src\bots\jmendes\publisher.py", line 41, in run
    db.insert_ignore_df(
    │  └ <function DB.insert_ignore_df at 0x000001CE06841B40>
    └ <shared.db_handler.db_handler.DB object at 0x000001CE06C5C040>

  File "C:\Users\pedro\Documents\ERGONDATA\KMM\src\shared\db_handler\db_handler.py", line 190, in insert_ignore_df
    table = _validate_identifier(table)
                                 └ 'complementar_jmendes'

NameError: name '_validate_identifier' is not defined
2026-01-07 10:57:17 | ERROR | __main__:run | Falha ao obter os casos: Erro (pyodbc.OperationalError) ('08001', '[08001] [Microsoft][ODBC Driver 17 for SQL Server]Provedor de Pipes Nomeados: Não foi possível abrir uma conexão com o SQL Server [53].  (53) (SQLDriverConnect); [08001] [Microsoft][ODBC Driver 17 for SQL Server]O tempo limite do logon expirou (0); [08001] [Microsoft][ODBC Driver 17 for SQL Server]Erro relatado pela rede ou específico à instância ao estabelecer conexão com o SQL Server. O servidor não foi encontrado ou não está acessível. Verifique se o nome da instância está correto e se o SQL Server está configurado para permitir conexões remotas. Para obter mais informações, consulte os Manuais Online do SQL Server. (53)')
(Background on this error at: https://sqlalche.me/e/20/e3q8) | {}
Traceback (most recent call last):

  File "C:\Users\pedro\Documents\ERGONDATA\KMM\.venv\lib\site-packages\sqlalchemy\engine\base.py", line 143, in __init__
    self._dbapi_connection = engine.raw_connection()
    │                        │      └ <function Engine.raw_connection at 0x000002EA8ABA4CA0>
    │                        └ Engine(mssql+pyodbc://admin_robo:***@1+sM5X2*@10.88.10.103/Ergondata_Robo?driver=ODBC+Driver+17+for+SQL+Server)
    └ <sqlalchemy.engine.base.Connection object at 0x000002EA8A3F8400>

  File "C:\Users\pedro\Documents\ERGONDATA\KMM\.venv\lib\site-packages\sqlalchemy\engine\base.py", line 3309, in raw_connection
    return self.pool.connect()
           │    │    └ <function Pool.connect at 0x000002EA8A5D3370>
           │    └ <sqlalchemy.pool.impl.QueuePool object at 0x000002EA8B0DCA90>
           └ Engine(mssql+pyodbc://admin_robo:***@1+sM5X2*@10.88.10.103/Ergondata_Robo?driver=ODBC+Driver+17+for+SQL+Server)

  File "C:\Users\pedro\Documents\ERGONDATA\KMM\.venv\lib\site-packages\sqlalchemy\pool\base.py", line 447, in connect
    return _ConnectionFairy._checkout(self)
           │                │         └ <sqlalchemy.pool.impl.QueuePool object at 0x000002EA8B0DCA90>
           │                └ <classmethod(<function _ConnectionFairy._checkout at 0x000002EA8A604CA0>)>
           └ <class 'sqlalchemy.pool.base._ConnectionFairy'>

  File "C:\Users\pedro\Documents\ERGONDATA\KMM\.venv\lib\site-packages\sqlalchemy\pool\base.py", line 1264, in _checkout
    fairy = _ConnectionRecord.checkout(pool)
            │                 │        └ <sqlalchemy.pool.impl.QueuePool object at 0x000002EA8B0DCA90>
            │                 └ <classmethod(<function _ConnectionRecord.checkout at 0x000002EA8A5D3D90>)>
            └ <class 'sqlalchemy.pool.base._ConnectionRecord'>

  File "C:\Users\pedro\Documents\ERGONDATA\KMM\.venv\lib\site-packages\sqlalchemy\pool\base.py", line 711, in checkout
    rec = pool._do_get()
          │    └ <function QueuePool._do_get at 0x000002EA8A607D90>
          └ <sqlalchemy.pool.impl.QueuePool object at 0x000002EA8B0DCA90>

  File "C:\Users\pedro\Documents\ERGONDATA\KMM\.venv\lib\site-packages\sqlalchemy\pool\impl.py", line 177, in _do_get
    with util.safe_reraise():
         │    └ <class 'sqlalchemy.util.langhelpers.safe_reraise'>
         └ <module 'sqlalchemy.util' from 'C:\\Users\\pedro\\Documents\\ERGONDATA\\KMM\\.venv\\lib\\site-packages\\sqlalchemy\\util\\__i...

  File "C:\Users\pedro\Documents\ERGONDATA\KMM\.venv\lib\site-packages\sqlalchemy\util\langhelpers.py", line 224, in __exit__
    raise exc_value.with_traceback(exc_tb)
          │         │              └ <traceback object at 0x000002EA8B1A8900>
          │         └ <method 'with_traceback' of 'BaseException' objects>
          └ OperationalError('08001', '[08001] [Microsoft][ODBC Driver 17 for SQL Server]Provedor de Pipes Nomeados: Não foi possível abr...

  File "C:\Users\pedro\Documents\ERGONDATA\KMM\.venv\lib\site-packages\sqlalchemy\pool\impl.py", line 175, in _do_get
    return self._create_connection()
           │    └ <function Pool._create_connection at 0x000002EA8A5D3130>
           └ <sqlalchemy.pool.impl.QueuePool object at 0x000002EA8B0DCA90>

  File "C:\Users\pedro\Documents\ERGONDATA\KMM\.venv\lib\site-packages\sqlalchemy\pool\base.py", line 388, in _create_connection
    return _ConnectionRecord(self)
           │                 └ <sqlalchemy.pool.impl.QueuePool object at 0x000002EA8B0DCA90>
           └ <class 'sqlalchemy.pool.base._ConnectionRecord'>

  File "C:\Users\pedro\Documents\ERGONDATA\KMM\.venv\lib\site-packages\sqlalchemy\pool\base.py", line 673, in __init__
    self.__connect()
    └ <sqlalchemy.pool.base._ConnectionRecord object at 0x000002EA8B2868C0>

  File "C:\Users\pedro\Documents\ERGONDATA\KMM\.venv\lib\site-packages\sqlalchemy\pool\base.py", line 899, in __connect
    with util.safe_reraise():
         │    └ <class 'sqlalchemy.util.langhelpers.safe_reraise'>
         └ <module 'sqlalchemy.util' from 'C:\\Users\\pedro\\Documents\\ERGONDATA\\KMM\\.venv\\lib\\site-packages\\sqlalchemy\\util\\__i...

  File "C:\Users\pedro\Documents\ERGONDATA\KMM\.venv\lib\site-packages\sqlalchemy\util\langhelpers.py", line 224, in __exit__
    raise exc_value.with_traceback(exc_tb)
          │         │              └ <traceback object at 0x000002EA8B1B4600>
          │         └ <method 'with_traceback' of 'BaseException' objects>
          └ OperationalError('08001', '[08001] [Microsoft][ODBC Driver 17 for SQL Server]Provedor de Pipes Nomeados: Não foi possível abr...

  File "C:\Users\pedro\Documents\ERGONDATA\KMM\.venv\lib\site-packages\sqlalchemy\pool\base.py", line 895, in __connect
    self.dbapi_connection = connection = pool._invoke_creator(self)
    │    │                               │    │               └ <sqlalchemy.pool.base._ConnectionRecord object at 0x000002EA8B2868C0>
    │    │                               │    └ <function create_engine.<locals>.connect at 0x000002EA8B28C550>
    │    │                               └ <sqlalchemy.pool.impl.QueuePool object at 0x000002EA8B0DCA90>
    │    └ <member 'dbapi_connection' of '_ConnectionRecord' objects>
    └ <sqlalchemy.pool.base._ConnectionRecord object at 0x000002EA8B2868C0>

  File "C:\Users\pedro\Documents\ERGONDATA\KMM\.venv\lib\site-packages\sqlalchemy\engine\create.py", line 661, in connect
    return dialect.connect(*cargs, **cparams)
           │       │        │        └ {}
           │       │        └ ['DRIVER={ODBC Driver 17 for SQL Server};Server=1+sM5X2*@10.88.10.103;Database=Ergondata_Robo;UID=admin_robo;PWD=Rk=']
           │       └ <function DefaultDialect.connect at 0x000002EA8AC2AD40>
           └ <sqlalchemy.dialects.mssql.pyodbc.MSDialect_pyodbc object at 0x000002EA8B153DC0>

  File "C:\Users\pedro\Documents\ERGONDATA\KMM\.venv\lib\site-packages\sqlalchemy\engine\default.py", line 630, in connect
    return self.loaded_dbapi.connect(*cargs, **cparams)  # type: ignore[no-any-return]  # NOQA: E501
           │    │            │        │        └ {}
           │    │            │        └ ('DRIVER={ODBC Driver 17 for SQL Server};Server=1+sM5X2*@10.88.10.103;Database=Ergondata_Robo;UID=admin_robo;PWD=Rk=',)
           │    │            └ <built-in function connect>
           │    └ <module 'pyodbc' from 'C:\\Users\\pedro\\Documents\\ERGONDATA\\KMM\\.venv\\lib\\site-packages\\pyodbc.cp310-win_amd64.pyd'>
           └ <sqlalchemy.dialects.mssql.pyodbc.MSDialect_pyodbc object at 0x000002EA8B153DC0>

pyodbc.OperationalError: ('08001', '[08001] [Microsoft][ODBC Driver 17 for SQL Server]Provedor de Pipes Nomeados: Não foi possível abrir uma conexão com o SQL Server [53].  (53) (SQLDriverConnect); [08001] [Microsoft][ODBC Driver 17 for SQL Server]O tempo limite do logon expirou (0); [08001] [Microsoft][ODBC Driver 17 for SQL Server]Erro relatado pela rede ou específico à instância ao estabelecer conexão com o SQL Server. O servidor não foi encontrado ou não está acessível. Verifique se o nome da instância está correto e se o SQL Server está configurado para permitir conexões remotas. Para obter mais informações, consulte os Manuais Online do SQL Server. (53)')


The above exception was the direct cause of the following exception:


Traceback (most recent call last):

  File "C:\Program Files\JetBrains\PyCharm 2025.3\plugins\python-ce\helpers\pydev\pydevd.py", line 2391, in <module>
    main()
    └ <function main at 0x000002EA89C1F2E0>

  File "C:\Program Files\JetBrains\PyCharm 2025.3\plugins\python-ce\helpers\pydev\pydevd.py", line 2372, in main
    globals = debugger.run(setup['file'], None, None, is_module)
              │        │   │                          └ False
              │        │   └ {'port': 50611, 'vm_type': None, 'client': '127.0.0.1', 'server': False, 'DEBUG_RECORD_SOCKET_READS': False, 'multiproc': Fal...
              │        └ <function PyDB.run at 0x000002EA89C1E290>
              └ <__main__.PyDB object at 0x000002EA89D7D600>

  File "C:\Program Files\JetBrains\PyCharm 2025.3\plugins\python-ce\helpers\pydev\pydevd.py", line 1640, in run
    return self._exec(is_module, entry_point_fn, module_name, file, globals, locals)
           │    │     │          │               │            │     │        └ {'__name__': '__main__', '__doc__': None, '__package__': '', '__loader__': <_frozen_importlib_external.SourceFileLoader objec...
           │    │     │          │               │            │     └ {'__name__': '__main__', '__doc__': None, '__package__': '', '__loader__': <_frozen_importlib_external.SourceFileLoader objec...
           │    │     │          │               │            └ 'C:\\Users\\pedro\\Documents\\ERGONDATA\\KMM\\src\\bots\\jmendes\\publisher.py'
           │    │     │          │               └ None
           │    │     │          └ ''
           │    │     └ False
           │    └ <function PyDB._exec at 0x000002EA89C1E320>
           └ <__main__.PyDB object at 0x000002EA89D7D600>

  File "C:\Program Files\JetBrains\PyCharm 2025.3\plugins\python-ce\helpers\pydev\pydevd.py", line 1647, in _exec
    pydev_imports.execfile(file, globals, locals)  # execute the script
    │             │        │     │        └ {'__name__': '__main__', '__doc__': None, '__package__': '', '__loader__': <_frozen_importlib_external.SourceFileLoader objec...
    │             │        │     └ {'__name__': '__main__', '__doc__': None, '__package__': '', '__loader__': <_frozen_importlib_external.SourceFileLoader objec...
    │             │        └ 'C:\\Users\\pedro\\Documents\\ERGONDATA\\KMM\\src\\bots\\jmendes\\publisher.py'
    │             └ <function execfile at 0x000002EA89B2E3B0>
    └ <module '_pydev_bundle.pydev_imports' from 'C:\\Program Files\\JetBrains\\PyCharm 2025.3\\plugins\\python-ce\\helpers\\pydev\...

  File "C:\Program Files\JetBrains\PyCharm 2025.3\plugins\python-ce\helpers\pydev\_pydev_imps\_pydev_execfile.py", line 18, in execfile
    exec(compile(contents+"\n", file, 'exec'), glob, loc)
                 │              │              │     └ {'__name__': '__main__', '__doc__': None, '__package__': '', '__loader__': <_frozen_importlib_external.SourceFileLoader objec...
                 │              │              └ {'__name__': '__main__', '__doc__': None, '__package__': '', '__loader__': <_frozen_importlib_external.SourceFileLoader objec...
                 │              └ 'C:\\Users\\pedro\\Documents\\ERGONDATA\\KMM\\src\\bots\\jmendes\\publisher.py'
                 └ 'import pandas as pd\nfrom dotenv import load_dotenv\nfrom shared import sharepoint\nfrom shared.logger import logger\nfrom s...

  File "C:\Users\pedro\Documents\ERGONDATA\KMM\src\bots\jmendes\publisher.py", line 54, in <module>
    run()
    └ <function run at 0x000002EA8A28E4D0>

> File "C:\Users\pedro\Documents\ERGONDATA\KMM\src\bots\jmendes\publisher.py", line 41, in run
    db.insert_ignore_df(
    │  └ <function DB.insert_ignore_df at 0x000002EA8AC51CF0>
    └ <shared.db_handler.db_handler.DB object at 0x000002EA8B04BFD0>

  File "C:\Users\pedro\Documents\ERGONDATA\KMM\src\shared\db_handler\db_handler.py", line 211, in insert_ignore_df
    with self.engine.begin() as conn:
         │    │      └ <function Engine.begin at 0x000002EA8ABA4AF0>
         │    └ Engine(mssql+pyodbc://admin_robo:***@1+sM5X2*@10.88.10.103/Ergondata_Robo?driver=ODBC+Driver+17+for+SQL+Server)
         └ <shared.db_handler.db_handler.DB object at 0x000002EA8B04BFD0>

  File "C:\Users\pedro\AppData\Roaming\uv\python\cpython-3.10.19-windows-x86_64-none\lib\contextlib.py", line 135, in __enter__
    return next(self.gen)
                │    └ <generator object Engine.begin at 0x000002EA8B21E880>
                └ <contextlib._GeneratorContextManager object at 0x000002EA8A3F8880>

  File "C:\Users\pedro\Documents\ERGONDATA\KMM\.venv\lib\site-packages\sqlalchemy\engine\base.py", line 3249, in begin
    with self.connect() as conn:
         │    └ <function Engine.connect at 0x000002EA8ABA4C10>
         └ Engine(mssql+pyodbc://admin_robo:***@1+sM5X2*@10.88.10.103/Ergondata_Robo?driver=ODBC+Driver+17+for+SQL+Server)

  File "C:\Users\pedro\Documents\ERGONDATA\KMM\.venv\lib\site-packages\sqlalchemy\engine\base.py", line 3285, in connect
    return self._connection_cls(self)
           │    │               └ Engine(mssql+pyodbc://admin_robo:***@1+sM5X2*@10.88.10.103/Ergondata_Robo?driver=ODBC+Driver+17+for+SQL+Server)
           │    └ <class 'sqlalchemy.engine.base.Connection'>
           └ Engine(mssql+pyodbc://admin_robo:***@1+sM5X2*@10.88.10.103/Ergondata_Robo?driver=ODBC+Driver+17+for+SQL+Server)

  File "C:\Users\pedro\Documents\ERGONDATA\KMM\.venv\lib\site-packages\sqlalchemy\engine\base.py", line 145, in __init__
    Connection._handle_dbapi_exception_noconnection(
    │          └ <classmethod(<function Connection._handle_dbapi_exception_noconnection at 0x000002EA8ABA2C20>)>
    └ <class 'sqlalchemy.engine.base.Connection'>

  File "C:\Users\pedro\Documents\ERGONDATA\KMM\.venv\lib\site-packages\sqlalchemy\engine\base.py", line 2448, in _handle_dbapi_exception_noconnection
    raise sqlalchemy_exception.with_traceback(exc_info[2]) from e
          │                    │              │                 └ OperationalError('08001', '[08001] [Microsoft][ODBC Driver 17 for SQL Server]Provedor de Pipes Nomeados: Não foi possível abr...
          │                    │              └ (<class 'pyodbc.OperationalError'>, OperationalError('08001', '[08001] [Microsoft][ODBC Driver 17 for SQL Server]Provedor de ...
          │                    └ <method 'with_traceback' of 'BaseException' objects>
          └ OperationalError("(pyodbc.OperationalError) ('08001', '[08001] [Microsoft][ODBC Driver 17 for SQL Server]Provedor de Pipes No...

  File "C:\Users\pedro\Documents\ERGONDATA\KMM\.venv\lib\site-packages\sqlalchemy\engine\base.py", line 143, in __init__
    self._dbapi_connection = engine.raw_connection()
    │                        │      └ <function Engine.raw_connection at 0x000002EA8ABA4CA0>
    │                        └ Engine(mssql+pyodbc://admin_robo:***@1+sM5X2*@10.88.10.103/Ergondata_Robo?driver=ODBC+Driver+17+for+SQL+Server)
    └ <sqlalchemy.engine.base.Connection object at 0x000002EA8A3F8400>

  File "C:\Users\pedro\Documents\ERGONDATA\KMM\.venv\lib\site-packages\sqlalchemy\engine\base.py", line 3309, in raw_connection
    return self.pool.connect()
           │    │    └ <function Pool.connect at 0x000002EA8A5D3370>
           │    └ <sqlalchemy.pool.impl.QueuePool object at 0x000002EA8B0DCA90>
           └ Engine(mssql+pyodbc://admin_robo:***@1+sM5X2*@10.88.10.103/Ergondata_Robo?driver=ODBC+Driver+17+for+SQL+Server)

  File "C:\Users\pedro\Documents\ERGONDATA\KMM\.venv\lib\site-packages\sqlalchemy\pool\base.py", line 447, in connect
    return _ConnectionFairy._checkout(self)
           │                │         └ <sqlalchemy.pool.impl.QueuePool object at 0x000002EA8B0DCA90>
           │                └ <classmethod(<function _ConnectionFairy._checkout at 0x000002EA8A604CA0>)>
           └ <class 'sqlalchemy.pool.base._ConnectionFairy'>

  File "C:\Users\pedro\Documents\ERGONDATA\KMM\.venv\lib\site-packages\sqlalchemy\pool\base.py", line 1264, in _checkout
    fairy = _ConnectionRecord.checkout(pool)
            │                 │        └ <sqlalchemy.pool.impl.QueuePool object at 0x000002EA8B0DCA90>
            │                 └ <classmethod(<function _ConnectionRecord.checkout at 0x000002EA8A5D3D90>)>
            └ <class 'sqlalchemy.pool.base._ConnectionRecord'>

  File "C:\Users\pedro\Documents\ERGONDATA\KMM\.venv\lib\site-packages\sqlalchemy\pool\base.py", line 711, in checkout
    rec = pool._do_get()
          │    └ <function QueuePool._do_get at 0x000002EA8A607D90>
          └ <sqlalchemy.pool.impl.QueuePool object at 0x000002EA8B0DCA90>

  File "C:\Users\pedro\Documents\ERGONDATA\KMM\.venv\lib\site-packages\sqlalchemy\pool\impl.py", line 177, in _do_get
    with util.safe_reraise():
         │    └ <class 'sqlalchemy.util.langhelpers.safe_reraise'>
         └ <module 'sqlalchemy.util' from 'C:\\Users\\pedro\\Documents\\ERGONDATA\\KMM\\.venv\\lib\\site-packages\\sqlalchemy\\util\\__i...

  File "C:\Users\pedro\Documents\ERGONDATA\KMM\.venv\lib\site-packages\sqlalchemy\util\langhelpers.py", line 224, in __exit__
    raise exc_value.with_traceback(exc_tb)
          │         │              └ <traceback object at 0x000002EA8B1A8900>
          │         └ <method 'with_traceback' of 'BaseException' objects>
          └ OperationalError('08001', '[08001] [Microsoft][ODBC Driver 17 for SQL Server]Provedor de Pipes Nomeados: Não foi possível abr...

  File "C:\Users\pedro\Documents\ERGONDATA\KMM\.venv\lib\site-packages\sqlalchemy\pool\impl.py", line 175, in _do_get
    return self._create_connection()
           │    └ <function Pool._create_connection at 0x000002EA8A5D3130>
           └ <sqlalchemy.pool.impl.QueuePool object at 0x000002EA8B0DCA90>

  File "C:\Users\pedro\Documents\ERGONDATA\KMM\.venv\lib\site-packages\sqlalchemy\pool\base.py", line 388, in _create_connection
    return _ConnectionRecord(self)
           │                 └ <sqlalchemy.pool.impl.QueuePool object at 0x000002EA8B0DCA90>
           └ <class 'sqlalchemy.pool.base._ConnectionRecord'>

  File "C:\Users\pedro\Documents\ERGONDATA\KMM\.venv\lib\site-packages\sqlalchemy\pool\base.py", line 673, in __init__
    self.__connect()
    └ <sqlalchemy.pool.base._ConnectionRecord object at 0x000002EA8B2868C0>

  File "C:\Users\pedro\Documents\ERGONDATA\KMM\.venv\lib\site-packages\sqlalchemy\pool\base.py", line 899, in __connect
    with util.safe_reraise():
         │    └ <class 'sqlalchemy.util.langhelpers.safe_reraise'>
         └ <module 'sqlalchemy.util' from 'C:\\Users\\pedro\\Documents\\ERGONDATA\\KMM\\.venv\\lib\\site-packages\\sqlalchemy\\util\\__i...

  File "C:\Users\pedro\Documents\ERGONDATA\KMM\.venv\lib\site-packages\sqlalchemy\util\langhelpers.py", line 224, in __exit__
    raise exc_value.with_traceback(exc_tb)
          │         │              └ <traceback object at 0x000002EA8B1B4600>
          │         └ <method 'with_traceback' of 'BaseException' objects>
          └ OperationalError('08001', '[08001] [Microsoft][ODBC Driver 17 for SQL Server]Provedor de Pipes Nomeados: Não foi possível abr...

  File "C:\Users\pedro\Documents\ERGONDATA\KMM\.venv\lib\site-packages\sqlalchemy\pool\base.py", line 895, in __connect
    self.dbapi_connection = connection = pool._invoke_creator(self)
    │    │                               │    │               └ <sqlalchemy.pool.base._ConnectionRecord object at 0x000002EA8B2868C0>
    │    │                               │    └ <function create_engine.<locals>.connect at 0x000002EA8B28C550>
    │    │                               └ <sqlalchemy.pool.impl.QueuePool object at 0x000002EA8B0DCA90>
    │    └ <member 'dbapi_connection' of '_ConnectionRecord' objects>
    └ <sqlalchemy.pool.base._ConnectionRecord object at 0x000002EA8B2868C0>

  File "C:\Users\pedro\Documents\ERGONDATA\KMM\.venv\lib\site-packages\sqlalchemy\engine\create.py", line 661, in connect
    return dialect.connect(*cargs, **cparams)
           │       │        │        └ {}
           │       │        └ ['DRIVER={ODBC Driver 17 for SQL Server};Server=1+sM5X2*@10.88.10.103;Database=Ergondata_Robo;UID=admin_robo;PWD=Rk=']
           │       └ <function DefaultDialect.connect at 0x000002EA8AC2AD40>
           └ <sqlalchemy.dialects.mssql.pyodbc.MSDialect_pyodbc object at 0x000002EA8B153DC0>

  File "C:\Users\pedro\Documents\ERGONDATA\KMM\.venv\lib\site-packages\sqlalchemy\engine\default.py", line 630, in connect
    return self.loaded_dbapi.connect(*cargs, **cparams)  # type: ignore[no-any-return]  # NOQA: E501
           │    │            │        │        └ {}
           │    │            │        └ ('DRIVER={ODBC Driver 17 for SQL Server};Server=1+sM5X2*@10.88.10.103;Database=Ergondata_Robo;UID=admin_robo;PWD=Rk=',)
           │    │            └ <built-in function connect>
           │    └ <module 'pyodbc' from 'C:\\Users\\pedro\\Documents\\ERGONDATA\\KMM\\.venv\\lib\\site-packages\\pyodbc.cp310-win_amd64.pyd'>
           └ <sqlalchemy.dialects.mssql.pyodbc.MSDialect_pyodbc object at 0x000002EA8B153DC0>

sqlalchemy.exc.OperationalError: (pyodbc.OperationalError) ('08001', '[08001] [Microsoft][ODBC Driver 17 for SQL Server]Provedor de Pipes Nomeados: Não foi possível abrir uma conexão com o SQL Server [53].  (53) (SQLDriverConnect); [08001] [Microsoft][ODBC Driver 17 for SQL Server]O tempo limite do logon expirou (0); [08001] [Microsoft][ODBC Driver 17 for SQL Server]Erro relatado pela rede ou específico à instância ao estabelecer conexão com o SQL Server. O servidor não foi encontrado ou não está acessível. Verifique se o nome da instância está correto e se o SQL Server está configurado para permitir conexões remotas. Para obter mais informações, consulte os Manuais Online do SQL Server. (53)')
(Background on this error at: https://sqlalche.me/e/20/e3q8)
2026-01-07 11:41:11 | ERROR | __main__:run | Falha ao obter os casos: Erro name 'quote_plus' is not defined | {}
Traceback (most recent call last):

  File "C:\Program Files\JetBrains\PyCharm 2025.3\plugins\python-ce\helpers\pydev\pydevd.py", line 2391, in <module>
    main()
    └ <function main at 0x000001F6AC95F2E0>

  File "C:\Program Files\JetBrains\PyCharm 2025.3\plugins\python-ce\helpers\pydev\pydevd.py", line 2372, in main
    globals = debugger.run(setup['file'], None, None, is_module)
              │        │   │                          └ False
              │        │   └ {'port': 50919, 'vm_type': None, 'client': '127.0.0.1', 'server': False, 'DEBUG_RECORD_SOCKET_READS': False, 'multiproc': Fal...
              │        └ <function PyDB.run at 0x000001F6AC95E290>
              └ <__main__.PyDB object at 0x000001F6ACABD600>

  File "C:\Program Files\JetBrains\PyCharm 2025.3\plugins\python-ce\helpers\pydev\pydevd.py", line 1640, in run
    return self._exec(is_module, entry_point_fn, module_name, file, globals, locals)
           │    │     │          │               │            │     │        └ {'__name__': '__main__', '__doc__': None, '__package__': '', '__loader__': <_frozen_importlib_external.SourceFileLoader objec...
           │    │     │          │               │            │     └ {'__name__': '__main__', '__doc__': None, '__package__': '', '__loader__': <_frozen_importlib_external.SourceFileLoader objec...
           │    │     │          │               │            └ 'C:\\Users\\pedro\\Documents\\ERGONDATA\\KMM\\src\\bots\\jmendes\\publisher.py'
           │    │     │          │               └ None
           │    │     │          └ ''
           │    │     └ False
           │    └ <function PyDB._exec at 0x000001F6AC95E320>
           └ <__main__.PyDB object at 0x000001F6ACABD600>

  File "C:\Program Files\JetBrains\PyCharm 2025.3\plugins\python-ce\helpers\pydev\pydevd.py", line 1647, in _exec
    pydev_imports.execfile(file, globals, locals)  # execute the script
    │             │        │     │        └ {'__name__': '__main__', '__doc__': None, '__package__': '', '__loader__': <_frozen_importlib_external.SourceFileLoader objec...
    │             │        │     └ {'__name__': '__main__', '__doc__': None, '__package__': '', '__loader__': <_frozen_importlib_external.SourceFileLoader objec...
    │             │        └ 'C:\\Users\\pedro\\Documents\\ERGONDATA\\KMM\\src\\bots\\jmendes\\publisher.py'
    │             └ <function execfile at 0x000001F6AC86E3B0>
    └ <module '_pydev_bundle.pydev_imports' from 'C:\\Program Files\\JetBrains\\PyCharm 2025.3\\plugins\\python-ce\\helpers\\pydev\...

  File "C:\Program Files\JetBrains\PyCharm 2025.3\plugins\python-ce\helpers\pydev\_pydev_imps\_pydev_execfile.py", line 18, in execfile
    exec(compile(contents+"\n", file, 'exec'), glob, loc)
                 │              │              │     └ {'__name__': '__main__', '__doc__': None, '__package__': '', '__loader__': <_frozen_importlib_external.SourceFileLoader objec...
                 │              │              └ {'__name__': '__main__', '__doc__': None, '__package__': '', '__loader__': <_frozen_importlib_external.SourceFileLoader objec...
                 │              └ 'C:\\Users\\pedro\\Documents\\ERGONDATA\\KMM\\src\\bots\\jmendes\\publisher.py'
                 └ 'import pandas as pd\nfrom dotenv import load_dotenv\nfrom shared import sharepoint\nfrom shared.logger import logger\nfrom s...

  File "C:\Users\pedro\Documents\ERGONDATA\KMM\src\bots\jmendes\publisher.py", line 54, in <module>
    run()
    └ <function run at 0x000001F6ACFCA050>

> File "C:\Users\pedro\Documents\ERGONDATA\KMM\src\bots\jmendes\publisher.py", line 40, in run
    db = DB()
         └ <class 'shared.db_handler.db_handler.DB'>

  File "C:\Users\pedro\Documents\ERGONDATA\KMM\src\shared\db_handler\db_handler.py", line 137, in __init__
    self.engine = self.connect()
    │             │    └ <staticmethod(<function DB.connect at 0x000001F6AD970C10>)>
    │             └ <shared.db_handler.db_handler.DB object at 0x000001F6ACB340A0>
    └ <shared.db_handler.db_handler.DB object at 0x000001F6ACB340A0>

  File "C:\Users\pedro\Documents\ERGONDATA\KMM\src\shared\db_handler\db_handler.py", line 142, in connect
    uid = quote_plus(os.getenv("DB_UID"))
                     │  └ <function getenv at 0x000001F6A566CF70>
                     └ <module 'os' from 'C:\\Users\\pedro\\AppData\\Roaming\\uv\\python\\cpython-3.10.19-windows-x86_64-none\\lib\\os.py'>

NameError: name 'quote_plus' is not defined
2026-01-07 11:41:45 | ERROR | __main__:run | Falha ao obter os casos: Erro name 'quote_plus' is not defined | {}
Traceback (most recent call last):

  File "C:\Program Files\JetBrains\PyCharm 2025.3\plugins\python-ce\helpers\pydev\pydevd.py", line 2391, in <module>
    main()
    └ <function main at 0x000001568954F2E0>

  File "C:\Program Files\JetBrains\PyCharm 2025.3\plugins\python-ce\helpers\pydev\pydevd.py", line 2372, in main
    globals = debugger.run(setup['file'], None, None, is_module)
              │        │   │                          └ False
              │        │   └ {'port': 50951, 'vm_type': None, 'client': '127.0.0.1', 'server': False, 'DEBUG_RECORD_SOCKET_READS': False, 'multiproc': Fal...
              │        └ <function PyDB.run at 0x000001568954E290>
              └ <__main__.PyDB object at 0x00000156896AD600>

  File "C:\Program Files\JetBrains\PyCharm 2025.3\plugins\python-ce\helpers\pydev\pydevd.py", line 1640, in run
    return self._exec(is_module, entry_point_fn, module_name, file, globals, locals)
           │    │     │          │               │            │     │        └ {'__name__': '__main__', '__doc__': None, '__package__': '', '__loader__': <_frozen_importlib_external.SourceFileLoader objec...
           │    │     │          │               │            │     └ {'__name__': '__main__', '__doc__': None, '__package__': '', '__loader__': <_frozen_importlib_external.SourceFileLoader objec...
           │    │     │          │               │            └ 'C:\\Users\\pedro\\Documents\\ERGONDATA\\KMM\\src\\bots\\jmendes\\publisher.py'
           │    │     │          │               └ None
           │    │     │          └ ''
           │    │     └ False
           │    └ <function PyDB._exec at 0x000001568954E320>
           └ <__main__.PyDB object at 0x00000156896AD600>

  File "C:\Program Files\JetBrains\PyCharm 2025.3\plugins\python-ce\helpers\pydev\pydevd.py", line 1647, in _exec
    pydev_imports.execfile(file, globals, locals)  # execute the script
    │             │        │     │        └ {'__name__': '__main__', '__doc__': None, '__package__': '', '__loader__': <_frozen_importlib_external.SourceFileLoader objec...
    │             │        │     └ {'__name__': '__main__', '__doc__': None, '__package__': '', '__loader__': <_frozen_importlib_external.SourceFileLoader objec...
    │             │        └ 'C:\\Users\\pedro\\Documents\\ERGONDATA\\KMM\\src\\bots\\jmendes\\publisher.py'
    │             └ <function execfile at 0x000001568945E3B0>
    └ <module '_pydev_bundle.pydev_imports' from 'C:\\Program Files\\JetBrains\\PyCharm 2025.3\\plugins\\python-ce\\helpers\\pydev\...

  File "C:\Program Files\JetBrains\PyCharm 2025.3\plugins\python-ce\helpers\pydev\_pydev_imps\_pydev_execfile.py", line 18, in execfile
    exec(compile(contents+"\n", file, 'exec'), glob, loc)
                 │              │              │     └ {'__name__': '__main__', '__doc__': None, '__package__': '', '__loader__': <_frozen_importlib_external.SourceFileLoader objec...
                 │              │              └ {'__name__': '__main__', '__doc__': None, '__package__': '', '__loader__': <_frozen_importlib_external.SourceFileLoader objec...
                 │              └ 'C:\\Users\\pedro\\Documents\\ERGONDATA\\KMM\\src\\bots\\jmendes\\publisher.py'
                 └ 'import pandas as pd\nfrom dotenv import load_dotenv\nfrom shared import sharepoint\nfrom shared.logger import logger\nfrom u...

  File "C:\Users\pedro\Documents\ERGONDATA\KMM\src\bots\jmendes\publisher.py", line 54, in <module>
    run()
    └ <function run at 0x000001568971D000>

> File "C:\Users\pedro\Documents\ERGONDATA\KMM\src\bots\jmendes\publisher.py", line 40, in run
    db = DB()
         └ <class 'shared.db_handler.db_handler.DB'>

  File "C:\Users\pedro\Documents\ERGONDATA\KMM\src\shared\db_handler\db_handler.py", line 137, in __init__
    self.engine = self.connect()
    │             │    └ <staticmethod(<function DB.connect at 0x000001568A411CF0>)>
    │             └ <shared.db_handler.db_handler.DB object at 0x000001568A870190>
    └ <shared.db_handler.db_handler.DB object at 0x000001568A870190>

  File "C:\Users\pedro\Documents\ERGONDATA\KMM\src\shared\db_handler\db_handler.py", line 142, in connect
    uid = quote_plus(os.getenv("DB_UID"))
                     │  └ <function getenv at 0x000001568224CF70>
                     └ <module 'os' from 'C:\\Users\\pedro\\AppData\\Roaming\\uv\\python\\cpython-3.10.19-windows-x86_64-none\\lib\\os.py'>

NameError: name 'quote_plus' is not defined
2026-01-07 11:46:13 | ERROR | __main__:run | Falha ao obter os casos: Erro (pyodbc.ProgrammingError) ('42000', '[42000] [Microsoft][ODBC Driver 17 for SQL Server][SQL Server]The incoming tabular data stream (TDS) remote procedure call (RPC) protocol stream is incorrect. Parameter 16 (""): The supplied value is not a valid instance of data type float. Check the source data for invalid values. An example of an invalid value is data of numeric type with scale greater than precision. (8023) (SQLExecDirectW)')
[SQL: 
            INSERT INTO Ergondata_Robo.dbo.complementar_jmendes (Data, TBE, CARTAO, PLACA, NOME_MOTORISTA, GESTAO, PESO, NATUREZA, OPERACAO, ROTA, Remetente, DESTINATARIO, STATUS_LINHA, CONTRATO, STATUS_)
            SELECT ?, ?, ?, ?, ?, ?, ?, ?, ?, ?, ?, ?, ?, ?, ?
            WHERE NOT EXISTS (
                SELECT 1
                FROM Ergondata_Robo.dbo.complementar_jmendes T
                WHERE T.TBE = ?
            );
        ]
[parameters: (Timestamp('2026-01-07 00:00:00'), 635988, 757316229, 'KRR7D11', 'Joel Martins dos Santos', 'FRETO LOG ', 26360, 97, 1989, 22666, 8579947000291, 8689024000292, nan, nan, nan, 635988)]
(Background on this error at: https://sqlalche.me/e/20/f405) | {}
Traceback (most recent call last):

  File "C:\Users\pedro\Documents\ERGONDATA\KMM\.venv\lib\site-packages\sqlalchemy\engine\base.py", line 1967, in _exec_single_context
    self.dialect.do_execute(
    │    │       └ <function DefaultDialect.do_execute at 0x000001BD180F4700>
    │    └ <sqlalchemy.dialects.mssql.pyodbc.MSDialect_pyodbc object at 0x000001BD1858C970>
    └ <sqlalchemy.engine.base.Connection object at 0x000001BD18607D60>

  File "C:\Users\pedro\Documents\ERGONDATA\KMM\.venv\lib\site-packages\sqlalchemy\engine\default.py", line 952, in do_execute
    cursor.execute(statement, parameters)
    │      │       │          └ (Timestamp('2026-01-07 00:00:00'), 635988, 757316229, 'KRR7D11', 'Joel Martins dos Santos', 'FRETO LOG ', 26360, 97, 1989, 22...
    │      │       └ '\n            INSERT INTO Ergondata_Robo.dbo.complementar_jmendes (Data, TBE, CARTAO, PLACA, NOME_MOTORISTA, GESTAO, PESO, N...
    │      └ <method 'execute' of 'pyodbc.Cursor' objects>
    └ <pyodbc.Cursor object at 0x000001BD1874B0B0>

pyodbc.ProgrammingError: ('42000', '[42000] [Microsoft][ODBC Driver 17 for SQL Server][SQL Server]The incoming tabular data stream (TDS) remote procedure call (RPC) protocol stream is incorrect. Parameter 16 (""): The supplied value is not a valid instance of data type float. Check the source data for invalid values. An example of an invalid value is data of numeric type with scale greater than precision. (8023) (SQLExecDirectW)')


The above exception was the direct cause of the following exception:


Traceback (most recent call last):

  File "C:\Program Files\JetBrains\PyCharm 2025.3\plugins\python-ce\helpers\pydev\pydevd.py", line 2391, in <module>
    main()
    └ <function main at 0x000001BD171FF2E0>

  File "C:\Program Files\JetBrains\PyCharm 2025.3\plugins\python-ce\helpers\pydev\pydevd.py", line 2372, in main
    globals = debugger.run(setup['file'], None, None, is_module)
              │        │   │                          └ False
              │        │   └ {'port': 50982, 'vm_type': None, 'client': '127.0.0.1', 'server': False, 'DEBUG_RECORD_SOCKET_READS': False, 'multiproc': Fal...
              │        └ <function PyDB.run at 0x000001BD171FE290>
              └ <__main__.PyDB object at 0x000001BD1735D600>

  File "C:\Program Files\JetBrains\PyCharm 2025.3\plugins\python-ce\helpers\pydev\pydevd.py", line 1640, in run
    return self._exec(is_module, entry_point_fn, module_name, file, globals, locals)
           │    │     │          │               │            │     │        └ {'__name__': '__main__', '__doc__': None, '__package__': '', '__loader__': <_frozen_importlib_external.SourceFileLoader objec...
           │    │     │          │               │            │     └ {'__name__': '__main__', '__doc__': None, '__package__': '', '__loader__': <_frozen_importlib_external.SourceFileLoader objec...
           │    │     │          │               │            └ 'C:\\Users\\pedro\\Documents\\ERGONDATA\\KMM\\src\\bots\\jmendes\\publisher.py'
           │    │     │          │               └ None
           │    │     │          └ ''
           │    │     └ False
           │    └ <function PyDB._exec at 0x000001BD171FE320>
           └ <__main__.PyDB object at 0x000001BD1735D600>

  File "C:\Program Files\JetBrains\PyCharm 2025.3\plugins\python-ce\helpers\pydev\pydevd.py", line 1647, in _exec
    pydev_imports.execfile(file, globals, locals)  # execute the script
    │             │        │     │        └ {'__name__': '__main__', '__doc__': None, '__package__': '', '__loader__': <_frozen_importlib_external.SourceFileLoader objec...
    │             │        │     └ {'__name__': '__main__', '__doc__': None, '__package__': '', '__loader__': <_frozen_importlib_external.SourceFileLoader objec...
    │             │        └ 'C:\\Users\\pedro\\Documents\\ERGONDATA\\KMM\\src\\bots\\jmendes\\publisher.py'
    │             └ <function execfile at 0x000001BD1710E3B0>
    └ <module '_pydev_bundle.pydev_imports' from 'C:\\Program Files\\JetBrains\\PyCharm 2025.3\\plugins\\python-ce\\helpers\\pydev\...

  File "C:\Program Files\JetBrains\PyCharm 2025.3\plugins\python-ce\helpers\pydev\_pydev_imps\_pydev_execfile.py", line 18, in execfile
    exec(compile(contents+"\n", file, 'exec'), glob, loc)
                 │              │              │     └ {'__name__': '__main__', '__doc__': None, '__package__': '', '__loader__': <_frozen_importlib_external.SourceFileLoader objec...
                 │              │              └ {'__name__': '__main__', '__doc__': None, '__package__': '', '__loader__': <_frozen_importlib_external.SourceFileLoader objec...
                 │              └ 'C:\\Users\\pedro\\Documents\\ERGONDATA\\KMM\\src\\bots\\jmendes\\publisher.py'
                 └ 'import pandas as pd\nfrom dotenv import load_dotenv\nfrom shared import sharepoint\nfrom shared.logger import logger\n\nfrom...

  File "C:\Users\pedro\Documents\ERGONDATA\KMM\src\bots\jmendes\publisher.py", line 54, in <module>
    run()
    └ <function run at 0x000001BD178685E0>

> File "C:\Users\pedro\Documents\ERGONDATA\KMM\src\bots\jmendes\publisher.py", line 41, in run
    db.insert_ignore_df(
    │  └ <function DB.insert_ignore_df at 0x000001BD180F6B00>
    └ <shared.db_handler.db_handler.DB object at 0x000001BD1784A2F0>

  File "C:\Users\pedro\Documents\ERGONDATA\KMM\src\shared\db_handler\db_handler.py", line 210, in insert_ignore_df
    result = conn.execute(stmt, rows)
             │    │       │     └ [{'Data': Timestamp('2026-01-07 00:00:00'), 'TBE': 635988, 'CARTAO': 757316229, 'PLACA': 'KRR7D11', 'NOME_MOTORISTA': 'Joel M...
             │    │       └ <sqlalchemy.sql.elements.TextClause object at 0x000001BD180EA200>
             │    └ <function Connection.execute at 0x000001BD1803F2E0>
             └ <sqlalchemy.engine.base.Connection object at 0x000001BD18607D60>

  File "C:\Users\pedro\Documents\ERGONDATA\KMM\.venv\lib\site-packages\sqlalchemy\engine\base.py", line 1419, in execute
    return meth(
           └ <bound method ClauseElement._execute_on_connection of <sqlalchemy.sql.elements.TextClause object at 0x000001BD180EA200>>

  File "C:\Users\pedro\Documents\ERGONDATA\KMM\.venv\lib\site-packages\sqlalchemy\sql\elements.py", line 527, in _execute_on_connection
    return connection._execute_clauseelement(
           │          └ <function Connection._execute_clauseelement at 0x000001BD1803F5B0>
           └ <sqlalchemy.engine.base.Connection object at 0x000001BD18607D60>

  File "C:\Users\pedro\Documents\ERGONDATA\KMM\.venv\lib\site-packages\sqlalchemy\engine\base.py", line 1641, in _execute_clauseelement
    ret = self._execute_context(
          │    └ <function Connection._execute_context at 0x000001BD1803F760>
          └ <sqlalchemy.engine.base.Connection object at 0x000001BD18607D60>

  File "C:\Users\pedro\Documents\ERGONDATA\KMM\.venv\lib\site-packages\sqlalchemy\engine\base.py", line 1846, in _execute_context
    return self._exec_single_context(
           │    └ <function Connection._exec_single_context at 0x000001BD1803F7F0>
           └ <sqlalchemy.engine.base.Connection object at 0x000001BD18607D60>

  File "C:\Users\pedro\Documents\ERGONDATA\KMM\.venv\lib\site-packages\sqlalchemy\engine\base.py", line 1986, in _exec_single_context
    self._handle_dbapi_exception(
    │    └ <function Connection._handle_dbapi_exception at 0x000001BD1803FA30>
    └ <sqlalchemy.engine.base.Connection object at 0x000001BD18607D60>

  File "C:\Users\pedro\Documents\ERGONDATA\KMM\.venv\lib\site-packages\sqlalchemy\engine\base.py", line 2363, in _handle_dbapi_exception
    raise sqlalchemy_exception.with_traceback(exc_info[2]) from e
          │                    │              │                 └ ProgrammingError('42000', '[42000] [Microsoft][ODBC Driver 17 for SQL Server][SQL Server]The incoming tabular data stream (TD...
          │                    │              └ (<class 'pyodbc.ProgrammingError'>, ProgrammingError('42000', '[42000] [Microsoft][ODBC Driver 17 for SQL Server][SQL Server]...
          │                    └ <method 'with_traceback' of 'BaseException' objects>
          └ ProgrammingError('(pyodbc.ProgrammingError) (\'42000\', \'[42000] [Microsoft][ODBC Driver 17 for SQL Server][SQL Server]The i...

  File "C:\Users\pedro\Documents\ERGONDATA\KMM\.venv\lib\site-packages\sqlalchemy\engine\base.py", line 1967, in _exec_single_context
    self.dialect.do_execute(
    │    │       └ <function DefaultDialect.do_execute at 0x000001BD180F4700>
    │    └ <sqlalchemy.dialects.mssql.pyodbc.MSDialect_pyodbc object at 0x000001BD1858C970>
    └ <sqlalchemy.engine.base.Connection object at 0x000001BD18607D60>

  File "C:\Users\pedro\Documents\ERGONDATA\KMM\.venv\lib\site-packages\sqlalchemy\engine\default.py", line 952, in do_execute
    cursor.execute(statement, parameters)
    │      │       │          └ (Timestamp('2026-01-07 00:00:00'), 635988, 757316229, 'KRR7D11', 'Joel Martins dos Santos', 'FRETO LOG ', 26360, 97, 1989, 22...
    │      │       └ '\n            INSERT INTO Ergondata_Robo.dbo.complementar_jmendes (Data, TBE, CARTAO, PLACA, NOME_MOTORISTA, GESTAO, PESO, N...
    │      └ <method 'execute' of 'pyodbc.Cursor' objects>
    └ <pyodbc.Cursor object at 0x000001BD1874B0B0>

sqlalchemy.exc.ProgrammingError: (pyodbc.ProgrammingError) ('42000', '[42000] [Microsoft][ODBC Driver 17 for SQL Server][SQL Server]The incoming tabular data stream (TDS) remote procedure call (RPC) protocol stream is incorrect. Parameter 16 (""): The supplied value is not a valid instance of data type float. Check the source data for invalid values. An example of an invalid value is data of numeric type with scale greater than precision. (8023) (SQLExecDirectW)')
[SQL: 
            INSERT INTO Ergondata_Robo.dbo.complementar_jmendes (Data, TBE, CARTAO, PLACA, NOME_MOTORISTA, GESTAO, PESO, NATUREZA, OPERACAO, ROTA, Remetente, DESTINATARIO, STATUS_LINHA, CONTRATO, STATUS_)
            SELECT ?, ?, ?, ?, ?, ?, ?, ?, ?, ?, ?, ?, ?, ?, ?
            WHERE NOT EXISTS (
                SELECT 1
                FROM Ergondata_Robo.dbo.complementar_jmendes T
                WHERE T.TBE = ?
            );
        ]
[parameters: (Timestamp('2026-01-07 00:00:00'), 635988, 757316229, 'KRR7D11', 'Joel Martins dos Santos', 'FRETO LOG ', 26360, 97, 1989, 22666, 8579947000291, 8689024000292, nan, nan, nan, 635988)]
(Background on this error at: https://sqlalche.me/e/20/f405)
2026-01-07 11:50:29 | ERROR | __main__:run | Falha ao obter os casos: Erro (pyodbc.ProgrammingError) ('42000', '[42000] [Microsoft][ODBC Driver 17 for SQL Server][SQL Server]The incoming tabular data stream (TDS) remote procedure call (RPC) protocol stream is incorrect. Parameter 16 (""): The supplied value is not a valid instance of data type float. Check the source data for invalid values. An example of an invalid value is data of numeric type with scale greater than precision. (8023) (SQLExecDirectW)')
[SQL: 
            INSERT INTO Ergondata_Robo.dbo.complementar_jmendes (Data, TBE, CARTAO, PLACA, NOME_MOTORISTA, GESTAO, PESO, NATUREZA, OPERACAO, ROTA, Remetente, DESTINATARIO, STATUS_LINHA, CONTRATO, STATUS_)
            SELECT ?, ?, ?, ?, ?, ?, ?, ?, ?, ?, ?, ?, ?, ?, ?
            WHERE NOT EXISTS (
                SELECT 1
                FROM Ergondata_Robo.dbo.complementar_jmendes T
                WHERE T.TBE = ?
            );
        ]
[parameters: (Timestamp('2026-01-07 00:00:00'), 635988, 757316229, 'KRR7D11', 'Joel Martins dos Santos', 'FRETO LOG ', 26360, 97, 1989, 22666, 8579947000291, 8689024000292, nan, nan, nan, 635988)]
(Background on this error at: https://sqlalche.me/e/20/f405) | {}
Traceback (most recent call last):

  File "C:\Users\pedro\Documents\ERGONDATA\KMM\.venv\lib\site-packages\sqlalchemy\engine\base.py", line 1967, in _exec_single_context
    self.dialect.do_execute(
    │    │       └ <function DefaultDialect.do_execute at 0x00000197E7040820>
    │    └ <sqlalchemy.dialects.mssql.pyodbc.MSDialect_pyodbc object at 0x00000197E75645E0>
    └ <sqlalchemy.engine.base.Connection object at 0x00000197E76D3B20>

  File "C:\Users\pedro\Documents\ERGONDATA\KMM\.venv\lib\site-packages\sqlalchemy\engine\default.py", line 952, in do_execute
    cursor.execute(statement, parameters)
    │      │       │          └ (Timestamp('2026-01-07 00:00:00'), 635988, 757316229, 'KRR7D11', 'Joel Martins dos Santos', 'FRETO LOG ', 26360, 97, 1989, 22...
    │      │       └ '\n            INSERT INTO Ergondata_Robo.dbo.complementar_jmendes (Data, TBE, CARTAO, PLACA, NOME_MOTORISTA, GESTAO, PESO, N...
    │      └ <method 'execute' of 'pyodbc.Cursor' objects>
    └ <pyodbc.Cursor object at 0x00000197E76D5830>

pyodbc.ProgrammingError: ('42000', '[42000] [Microsoft][ODBC Driver 17 for SQL Server][SQL Server]The incoming tabular data stream (TDS) remote procedure call (RPC) protocol stream is incorrect. Parameter 16 (""): The supplied value is not a valid instance of data type float. Check the source data for invalid values. An example of an invalid value is data of numeric type with scale greater than precision. (8023) (SQLExecDirectW)')


The above exception was the direct cause of the following exception:


Traceback (most recent call last):

  File "C:\Program Files\JetBrains\PyCharm 2025.3\plugins\python-ce\helpers\pydev\pydevd.py", line 2391, in <module>
    main()
    └ <function main at 0x00000197E614F2E0>

  File "C:\Program Files\JetBrains\PyCharm 2025.3\plugins\python-ce\helpers\pydev\pydevd.py", line 2372, in main
    globals = debugger.run(setup['file'], None, None, is_module)
              │        │   │                          └ False
              │        │   └ {'port': 51059, 'vm_type': None, 'client': '127.0.0.1', 'server': False, 'DEBUG_RECORD_SOCKET_READS': False, 'multiproc': Fal...
              │        └ <function PyDB.run at 0x00000197E614E290>
              └ <__main__.PyDB object at 0x00000197E62AD600>

  File "C:\Program Files\JetBrains\PyCharm 2025.3\plugins\python-ce\helpers\pydev\pydevd.py", line 1640, in run
    return self._exec(is_module, entry_point_fn, module_name, file, globals, locals)
           │    │     │          │               │            │     │        └ {'__name__': '__main__', '__doc__': None, '__package__': '', '__loader__': <_frozen_importlib_external.SourceFileLoader objec...
           │    │     │          │               │            │     └ {'__name__': '__main__', '__doc__': None, '__package__': '', '__loader__': <_frozen_importlib_external.SourceFileLoader objec...
           │    │     │          │               │            └ 'C:\\Users\\pedro\\Documents\\ERGONDATA\\KMM\\src\\bots\\jmendes\\publisher.py'
           │    │     │          │               └ None
           │    │     │          └ ''
           │    │     └ False
           │    └ <function PyDB._exec at 0x00000197E614E320>
           └ <__main__.PyDB object at 0x00000197E62AD600>

  File "C:\Program Files\JetBrains\PyCharm 2025.3\plugins\python-ce\helpers\pydev\pydevd.py", line 1647, in _exec
    pydev_imports.execfile(file, globals, locals)  # execute the script
    │             │        │     │        └ {'__name__': '__main__', '__doc__': None, '__package__': '', '__loader__': <_frozen_importlib_external.SourceFileLoader objec...
    │             │        │     └ {'__name__': '__main__', '__doc__': None, '__package__': '', '__loader__': <_frozen_importlib_external.SourceFileLoader objec...
    │             │        └ 'C:\\Users\\pedro\\Documents\\ERGONDATA\\KMM\\src\\bots\\jmendes\\publisher.py'
    │             └ <function execfile at 0x00000197E605E3B0>
    └ <module '_pydev_bundle.pydev_imports' from 'C:\\Program Files\\JetBrains\\PyCharm 2025.3\\plugins\\python-ce\\helpers\\pydev\...

  File "C:\Program Files\JetBrains\PyCharm 2025.3\plugins\python-ce\helpers\pydev\_pydev_imps\_pydev_execfile.py", line 18, in execfile
    exec(compile(contents+"\n", file, 'exec'), glob, loc)
                 │              │              │     └ {'__name__': '__main__', '__doc__': None, '__package__': '', '__loader__': <_frozen_importlib_external.SourceFileLoader objec...
                 │              │              └ {'__name__': '__main__', '__doc__': None, '__package__': '', '__loader__': <_frozen_importlib_external.SourceFileLoader objec...
                 │              └ 'C:\\Users\\pedro\\Documents\\ERGONDATA\\KMM\\src\\bots\\jmendes\\publisher.py'
                 └ 'import pandas as pd\nfrom dotenv import load_dotenv\nfrom shared import sharepoint\nfrom shared.logger import logger\n\nfrom...

  File "C:\Users\pedro\Documents\ERGONDATA\KMM\src\bots\jmendes\publisher.py", line 54, in <module>
    run()
    └ <function run at 0x00000197E67B25F0>

> File "C:\Users\pedro\Documents\ERGONDATA\KMM\src\bots\jmendes\publisher.py", line 41, in run
    db.insert_ignore_df(
    │  └ <function DB.insert_ignore_df at 0x00000197E7042C20>
    └ <shared.db_handler.db_handler.DB object at 0x00000197E74741C0>

  File "C:\Users\pedro\Documents\ERGONDATA\KMM\src\shared\db_handler\db_handler.py", line 97, in insert_ignore_df
    result = conn.execute(stmt, rows)
             │    │       │     └ [{'Data': Timestamp('2026-01-07 00:00:00'), 'TBE': 635988, 'CARTAO': 757316229, 'PLACA': 'KRR7D11', 'NOME_MOTORISTA': 'Joel M...
             │    │       └ <sqlalchemy.sql.elements.TextClause object at 0x00000197E67D5F30>
             │    └ <function Connection.execute at 0x00000197E6F8B370>
             └ <sqlalchemy.engine.base.Connection object at 0x00000197E76D3B20>

  File "C:\Users\pedro\Documents\ERGONDATA\KMM\.venv\lib\site-packages\sqlalchemy\engine\base.py", line 1419, in execute
    return meth(
           └ <bound method ClauseElement._execute_on_connection of <sqlalchemy.sql.elements.TextClause object at 0x00000197E67D5F30>>

  File "C:\Users\pedro\Documents\ERGONDATA\KMM\.venv\lib\site-packages\sqlalchemy\sql\elements.py", line 527, in _execute_on_connection
    return connection._execute_clauseelement(
           │          └ <function Connection._execute_clauseelement at 0x00000197E6F8B640>
           └ <sqlalchemy.engine.base.Connection object at 0x00000197E76D3B20>

  File "C:\Users\pedro\Documents\ERGONDATA\KMM\.venv\lib\site-packages\sqlalchemy\engine\base.py", line 1641, in _execute_clauseelement
    ret = self._execute_context(
          │    └ <function Connection._execute_context at 0x00000197E6F8B7F0>
          └ <sqlalchemy.engine.base.Connection object at 0x00000197E76D3B20>

  File "C:\Users\pedro\Documents\ERGONDATA\KMM\.venv\lib\site-packages\sqlalchemy\engine\base.py", line 1846, in _execute_context
    return self._exec_single_context(
           │    └ <function Connection._exec_single_context at 0x00000197E6F8B880>
           └ <sqlalchemy.engine.base.Connection object at 0x00000197E76D3B20>

  File "C:\Users\pedro\Documents\ERGONDATA\KMM\.venv\lib\site-packages\sqlalchemy\engine\base.py", line 1986, in _exec_single_context
    self._handle_dbapi_exception(
    │    └ <function Connection._handle_dbapi_exception at 0x00000197E6F8BAC0>
    └ <sqlalchemy.engine.base.Connection object at 0x00000197E76D3B20>

  File "C:\Users\pedro\Documents\ERGONDATA\KMM\.venv\lib\site-packages\sqlalchemy\engine\base.py", line 2363, in _handle_dbapi_exception
    raise sqlalchemy_exception.with_traceback(exc_info[2]) from e
          │                    │              │                 └ ProgrammingError('42000', '[42000] [Microsoft][ODBC Driver 17 for SQL Server][SQL Server]The incoming tabular data stream (TD...
          │                    │              └ (<class 'pyodbc.ProgrammingError'>, ProgrammingError('42000', '[42000] [Microsoft][ODBC Driver 17 for SQL Server][SQL Server]...
          │                    └ <method 'with_traceback' of 'BaseException' objects>
          └ ProgrammingError('(pyodbc.ProgrammingError) (\'42000\', \'[42000] [Microsoft][ODBC Driver 17 for SQL Server][SQL Server]The i...

  File "C:\Users\pedro\Documents\ERGONDATA\KMM\.venv\lib\site-packages\sqlalchemy\engine\base.py", line 1967, in _exec_single_context
    self.dialect.do_execute(
    │    │       └ <function DefaultDialect.do_execute at 0x00000197E7040820>
    │    └ <sqlalchemy.dialects.mssql.pyodbc.MSDialect_pyodbc object at 0x00000197E75645E0>
    └ <sqlalchemy.engine.base.Connection object at 0x00000197E76D3B20>

  File "C:\Users\pedro\Documents\ERGONDATA\KMM\.venv\lib\site-packages\sqlalchemy\engine\default.py", line 952, in do_execute
    cursor.execute(statement, parameters)
    │      │       │          └ (Timestamp('2026-01-07 00:00:00'), 635988, 757316229, 'KRR7D11', 'Joel Martins dos Santos', 'FRETO LOG ', 26360, 97, 1989, 22...
    │      │       └ '\n            INSERT INTO Ergondata_Robo.dbo.complementar_jmendes (Data, TBE, CARTAO, PLACA, NOME_MOTORISTA, GESTAO, PESO, N...
    │      └ <method 'execute' of 'pyodbc.Cursor' objects>
    └ <pyodbc.Cursor object at 0x00000197E76D5830>

sqlalchemy.exc.ProgrammingError: (pyodbc.ProgrammingError) ('42000', '[42000] [Microsoft][ODBC Driver 17 for SQL Server][SQL Server]The incoming tabular data stream (TDS) remote procedure call (RPC) protocol stream is incorrect. Parameter 16 (""): The supplied value is not a valid instance of data type float. Check the source data for invalid values. An example of an invalid value is data of numeric type with scale greater than precision. (8023) (SQLExecDirectW)')
[SQL: 
            INSERT INTO Ergondata_Robo.dbo.complementar_jmendes (Data, TBE, CARTAO, PLACA, NOME_MOTORISTA, GESTAO, PESO, NATUREZA, OPERACAO, ROTA, Remetente, DESTINATARIO, STATUS_LINHA, CONTRATO, STATUS_)
            SELECT ?, ?, ?, ?, ?, ?, ?, ?, ?, ?, ?, ?, ?, ?, ?
            WHERE NOT EXISTS (
                SELECT 1
                FROM Ergondata_Robo.dbo.complementar_jmendes T
                WHERE T.TBE = ?
            );
        ]
[parameters: (Timestamp('2026-01-07 00:00:00'), 635988, 757316229, 'KRR7D11', 'Joel Martins dos Santos', 'FRETO LOG ', 26360, 97, 1989, 22666, 8579947000291, 8689024000292, nan, nan, nan, 635988)]
(Background on this error at: https://sqlalche.me/e/20/f405)
2026-01-07 11:56:46 | ERROR | __main__:run | Falha ao obter os casos: Erro (pyodbc.ProgrammingError) ('42S22', "[42S22] [Microsoft][ODBC Driver 17 for SQL Server][SQL Server]Invalid column name 'Data'. (207) (SQLExecDirectW); [42S22] [Microsoft][ODBC Driver 17 for SQL Server][SQL Server]Statement(s) could not be prepared. (8180)")
[SQL: 
            INSERT INTO Ergondata_Robo.dbo.complementar_jmendes (Data, TBE, CARTAO, PLACA, NOME_MOTORISTA, GESTAO, PESO, NATUREZA, OPERACAO, ROTA, Remetente, DESTINATARIO, STATUS_LINHA, CONTRATO, STATUS_)
            SELECT ?, ?, ?, ?, ?, ?, ?, ?, ?, ?, ?, ?, ?, ?, ?
            WHERE NOT EXISTS (
                SELECT 1
                FROM Ergondata_Robo.dbo.complementar_jmendes T
                WHERE T.TBE = ?
            );
        ]
[parameters: ('2026-01-07 00:00:00', '635988', '757316229', 'KRR7D11', 'Joel Martins dos Santos', 'FRETO LOG ', '26360', '97', '1989', '22666', '08579947000291', '08689024000292', None, None, None, '635988')]
(Background on this error at: https://sqlalche.me/e/20/f405) | {}
Traceback (most recent call last):

  File "C:\Users\pedro\Documents\ERGONDATA\KMM\.venv\lib\site-packages\sqlalchemy\engine\base.py", line 1967, in _exec_single_context
    self.dialect.do_execute(
    │    │       └ <function DefaultDialect.do_execute at 0x000001A9A7074700>
    │    └ <sqlalchemy.dialects.mssql.pyodbc.MSDialect_pyodbc object at 0x000001A9A7592E60>
    └ <sqlalchemy.engine.base.Connection object at 0x000001A9A7729840>

  File "C:\Users\pedro\Documents\ERGONDATA\KMM\.venv\lib\site-packages\sqlalchemy\engine\default.py", line 952, in do_execute
    cursor.execute(statement, parameters)
    │      │       │          └ ('2026-01-07 00:00:00', '635988', '757316229', 'KRR7D11', 'Joel Martins dos Santos', 'FRETO LOG ', '26360', '97', '1989', '22...
    │      │       └ '\n            INSERT INTO Ergondata_Robo.dbo.complementar_jmendes (Data, TBE, CARTAO, PLACA, NOME_MOTORISTA, GESTAO, PESO, N...
    │      └ <method 'execute' of 'pyodbc.Cursor' objects>
    └ <pyodbc.Cursor object at 0x000001A9A77130B0>

pyodbc.ProgrammingError: ('42S22', "[42S22] [Microsoft][ODBC Driver 17 for SQL Server][SQL Server]Invalid column name 'Data'. (207) (SQLExecDirectW); [42S22] [Microsoft][ODBC Driver 17 for SQL Server][SQL Server]Statement(s) could not be prepared. (8180)")


The above exception was the direct cause of the following exception:


Traceback (most recent call last):

  File "C:\Program Files\JetBrains\PyCharm 2025.3\plugins\python-ce\helpers\pydev\pydevd.py", line 2391, in <module>
    main()
    └ <function main at 0x000001A9A617F2E0>

  File "C:\Program Files\JetBrains\PyCharm 2025.3\plugins\python-ce\helpers\pydev\pydevd.py", line 2372, in main
    globals = debugger.run(setup['file'], None, None, is_module)
              │        │   │                          └ False
              │        │   └ {'port': 51151, 'vm_type': None, 'client': '127.0.0.1', 'server': False, 'DEBUG_RECORD_SOCKET_READS': False, 'multiproc': Fal...
              │        └ <function PyDB.run at 0x000001A9A617E290>
              └ <__main__.PyDB object at 0x000001A9A62DD600>

  File "C:\Program Files\JetBrains\PyCharm 2025.3\plugins\python-ce\helpers\pydev\pydevd.py", line 1640, in run
    return self._exec(is_module, entry_point_fn, module_name, file, globals, locals)
           │    │     │          │               │            │     │        └ {'__name__': '__main__', '__doc__': None, '__package__': '', '__loader__': <_frozen_importlib_external.SourceFileLoader objec...
           │    │     │          │               │            │     └ {'__name__': '__main__', '__doc__': None, '__package__': '', '__loader__': <_frozen_importlib_external.SourceFileLoader objec...
           │    │     │          │               │            └ 'C:\\Users\\pedro\\Documents\\ERGONDATA\\KMM\\src\\bots\\jmendes\\publisher.py'
           │    │     │          │               └ None
           │    │     │          └ ''
           │    │     └ False
           │    └ <function PyDB._exec at 0x000001A9A617E320>
           └ <__main__.PyDB object at 0x000001A9A62DD600>

  File "C:\Program Files\JetBrains\PyCharm 2025.3\plugins\python-ce\helpers\pydev\pydevd.py", line 1647, in _exec
    pydev_imports.execfile(file, globals, locals)  # execute the script
    │             │        │     │        └ {'__name__': '__main__', '__doc__': None, '__package__': '', '__loader__': <_frozen_importlib_external.SourceFileLoader objec...
    │             │        │     └ {'__name__': '__main__', '__doc__': None, '__package__': '', '__loader__': <_frozen_importlib_external.SourceFileLoader objec...
    │             │        └ 'C:\\Users\\pedro\\Documents\\ERGONDATA\\KMM\\src\\bots\\jmendes\\publisher.py'
    │             └ <function execfile at 0x000001A9A608E3B0>
    └ <module '_pydev_bundle.pydev_imports' from 'C:\\Program Files\\JetBrains\\PyCharm 2025.3\\plugins\\python-ce\\helpers\\pydev\...

  File "C:\Program Files\JetBrains\PyCharm 2025.3\plugins\python-ce\helpers\pydev\_pydev_imps\_pydev_execfile.py", line 18, in execfile
    exec(compile(contents+"\n", file, 'exec'), glob, loc)
                 │              │              │     └ {'__name__': '__main__', '__doc__': None, '__package__': '', '__loader__': <_frozen_importlib_external.SourceFileLoader objec...
                 │              │              └ {'__name__': '__main__', '__doc__': None, '__package__': '', '__loader__': <_frozen_importlib_external.SourceFileLoader objec...
                 │              └ 'C:\\Users\\pedro\\Documents\\ERGONDATA\\KMM\\src\\bots\\jmendes\\publisher.py'
                 └ 'import pandas as pd\nfrom dotenv import load_dotenv\nfrom shared import sharepoint\nfrom shared.logger import logger\n\nfrom...

  File "C:\Users\pedro\Documents\ERGONDATA\KMM\src\bots\jmendes\publisher.py", line 54, in <module>
    run()
    └ <function run at 0x000001A9A67E56C0>

> File "C:\Users\pedro\Documents\ERGONDATA\KMM\src\bots\jmendes\publisher.py", line 41, in run
    db.insert_ignore_df(
    │  └ <function DB.insert_ignore_df at 0x000001A9A7076B00>
    └ <shared.db_handler.db_handler.DB object at 0x000001A9A706D000>

  File "C:\Users\pedro\Documents\ERGONDATA\KMM\src\shared\db_handler\db_handler.py", line 96, in insert_ignore_df
    result = conn.execute(stmt, rows)
             │    │       │     └ [{'Data': '2026-01-07 00:00:00', 'TBE': '635988', 'CARTAO': '757316229', 'PLACA': 'KRR7D11', 'NOME_MOTORISTA': 'Joel Martins ...
             │    │       └ <sqlalchemy.sql.elements.TextClause object at 0x000001A9A706D060>
             │    └ <function Connection.execute at 0x000001A9A6FBF2E0>
             └ <sqlalchemy.engine.base.Connection object at 0x000001A9A7729840>

  File "C:\Users\pedro\Documents\ERGONDATA\KMM\.venv\lib\site-packages\sqlalchemy\engine\base.py", line 1419, in execute
    return meth(
           └ <bound method ClauseElement._execute_on_connection of <sqlalchemy.sql.elements.TextClause object at 0x000001A9A706D060>>

  File "C:\Users\pedro\Documents\ERGONDATA\KMM\.venv\lib\site-packages\sqlalchemy\sql\elements.py", line 527, in _execute_on_connection
    return connection._execute_clauseelement(
           │          └ <function Connection._execute_clauseelement at 0x000001A9A6FBF5B0>
           └ <sqlalchemy.engine.base.Connection object at 0x000001A9A7729840>

  File "C:\Users\pedro\Documents\ERGONDATA\KMM\.venv\lib\site-packages\sqlalchemy\engine\base.py", line 1641, in _execute_clauseelement
    ret = self._execute_context(
          │    └ <function Connection._execute_context at 0x000001A9A6FBF760>
          └ <sqlalchemy.engine.base.Connection object at 0x000001A9A7729840>

  File "C:\Users\pedro\Documents\ERGONDATA\KMM\.venv\lib\site-packages\sqlalchemy\engine\base.py", line 1846, in _execute_context
    return self._exec_single_context(
           │    └ <function Connection._exec_single_context at 0x000001A9A6FBF7F0>
           └ <sqlalchemy.engine.base.Connection object at 0x000001A9A7729840>

  File "C:\Users\pedro\Documents\ERGONDATA\KMM\.venv\lib\site-packages\sqlalchemy\engine\base.py", line 1986, in _exec_single_context
    self._handle_dbapi_exception(
    │    └ <function Connection._handle_dbapi_exception at 0x000001A9A6FBFA30>
    └ <sqlalchemy.engine.base.Connection object at 0x000001A9A7729840>

  File "C:\Users\pedro\Documents\ERGONDATA\KMM\.venv\lib\site-packages\sqlalchemy\engine\base.py", line 2363, in _handle_dbapi_exception
    raise sqlalchemy_exception.with_traceback(exc_info[2]) from e
          │                    │              │                 └ ProgrammingError('42S22', "[42S22] [Microsoft][ODBC Driver 17 for SQL Server][SQL Server]Invalid column name 'Data'. (207) (S...
          │                    │              └ (<class 'pyodbc.ProgrammingError'>, ProgrammingError('42S22', "[42S22] [Microsoft][ODBC Driver 17 for SQL Server][SQL Server]...
          │                    └ <method 'with_traceback' of 'BaseException' objects>
          └ ProgrammingError('(pyodbc.ProgrammingError) (\'42S22\', "[42S22] [Microsoft][ODBC Driver 17 for SQL Server][SQL Server]Invali...

  File "C:\Users\pedro\Documents\ERGONDATA\KMM\.venv\lib\site-packages\sqlalchemy\engine\base.py", line 1967, in _exec_single_context
    self.dialect.do_execute(
    │    │       └ <function DefaultDialect.do_execute at 0x000001A9A7074700>
    │    └ <sqlalchemy.dialects.mssql.pyodbc.MSDialect_pyodbc object at 0x000001A9A7592E60>
    └ <sqlalchemy.engine.base.Connection object at 0x000001A9A7729840>

  File "C:\Users\pedro\Documents\ERGONDATA\KMM\.venv\lib\site-packages\sqlalchemy\engine\default.py", line 952, in do_execute
    cursor.execute(statement, parameters)
    │      │       │          └ ('2026-01-07 00:00:00', '635988', '757316229', 'KRR7D11', 'Joel Martins dos Santos', 'FRETO LOG ', '26360', '97', '1989', '22...
    │      │       └ '\n            INSERT INTO Ergondata_Robo.dbo.complementar_jmendes (Data, TBE, CARTAO, PLACA, NOME_MOTORISTA, GESTAO, PESO, N...
    │      └ <method 'execute' of 'pyodbc.Cursor' objects>
    └ <pyodbc.Cursor object at 0x000001A9A77130B0>

sqlalchemy.exc.ProgrammingError: (pyodbc.ProgrammingError) ('42S22', "[42S22] [Microsoft][ODBC Driver 17 for SQL Server][SQL Server]Invalid column name 'Data'. (207) (SQLExecDirectW); [42S22] [Microsoft][ODBC Driver 17 for SQL Server][SQL Server]Statement(s) could not be prepared. (8180)")
[SQL: 
            INSERT INTO Ergondata_Robo.dbo.complementar_jmendes (Data, TBE, CARTAO, PLACA, NOME_MOTORISTA, GESTAO, PESO, NATUREZA, OPERACAO, ROTA, Remetente, DESTINATARIO, STATUS_LINHA, CONTRATO, STATUS_)
            SELECT ?, ?, ?, ?, ?, ?, ?, ?, ?, ?, ?, ?, ?, ?, ?
            WHERE NOT EXISTS (
                SELECT 1
                FROM Ergondata_Robo.dbo.complementar_jmendes T
                WHERE T.TBE = ?
            );
        ]
[parameters: ('2026-01-07 00:00:00', '635988', '757316229', 'KRR7D11', 'Joel Martins dos Santos', 'FRETO LOG ', '26360', '97', '1989', '22666', '08579947000291', '08689024000292', None, None, None, '635988')]
(Background on this error at: https://sqlalche.me/e/20/f405)
2026-01-07 12:05:18 | ERROR | __main__:process_case | Falha não mapeada. Erro (pyodbc.ProgrammingError) ('42S22', "[42S22] [Microsoft][ODBC Driver 17 for SQL Server][SQL Server]Invalid column name 'OK'. (207) (SQLExecDirectW); [42S22] [Microsoft][ODBC Driver 17 for SQL Server][SQL Server]Statement(s) could not be prepared. (8180)")
[SQL: 
            SELECT *
            FROM Ergondata_Robo.dbo.complementar_jmendes
            WHERE CRIADO_EM >= ?
              AND RETENTATIVA < 3
              AND STATUS_ <> "OK"
        ]
[parameters: (datetime.datetime(2025, 12, 31, 12, 5, 17, 765591),)]
(Background on this error at: https://sqlalche.me/e/20/f405) | {}
Traceback (most recent call last):

  File "C:\Users\pedro\Documents\ERGONDATA\KMM\.venv\lib\site-packages\sqlalchemy\engine\base.py", line 1967, in _exec_single_context
    self.dialect.do_execute(
    │    │       └ <function DefaultDialect.do_execute at 0x000002B0F4F14040>
    │    └ <sqlalchemy.dialects.mssql.pyodbc.MSDialect_pyodbc object at 0x000002B0F4EE5AB0>
    └ <sqlalchemy.engine.base.Connection object at 0x000002B0F4FFC850>

  File "C:\Users\pedro\Documents\ERGONDATA\KMM\.venv\lib\site-packages\sqlalchemy\engine\default.py", line 952, in do_execute
    cursor.execute(statement, parameters)
    │      │       │          └ (datetime.datetime(2025, 12, 31, 12, 5, 17, 765591),)
    │      │       └ '\n            SELECT *\n            FROM Ergondata_Robo.dbo.complementar_jmendes\n            WHERE CRIADO_EM >= ?\n        ...
    │      └ <method 'execute' of 'pyodbc.Cursor' objects>
    └ <pyodbc.Cursor object at 0x000002B0F4FB6D30>

pyodbc.ProgrammingError: ('42S22', "[42S22] [Microsoft][ODBC Driver 17 for SQL Server][SQL Server]Invalid column name 'OK'. (207) (SQLExecDirectW); [42S22] [Microsoft][ODBC Driver 17 for SQL Server][SQL Server]Statement(s) could not be prepared. (8180)")


The above exception was the direct cause of the following exception:


Traceback (most recent call last):

  File "C:\Program Files\JetBrains\PyCharm 2025.3\plugins\python-ce\helpers\pydev\pydevd.py", line 2391, in <module>
    main()
    └ <function main at 0x000002B0F3D9F2E0>

  File "C:\Program Files\JetBrains\PyCharm 2025.3\plugins\python-ce\helpers\pydev\pydevd.py", line 2372, in main
    globals = debugger.run(setup['file'], None, None, is_module)
              │        │   │                          └ False
              │        │   └ {'port': 51298, 'vm_type': None, 'client': '127.0.0.1', 'server': False, 'DEBUG_RECORD_SOCKET_READS': False, 'multiproc': Fal...
              │        └ <function PyDB.run at 0x000002B0F3D9E290>
              └ <__main__.PyDB object at 0x000002B0F3ECD600>

  File "C:\Program Files\JetBrains\PyCharm 2025.3\plugins\python-ce\helpers\pydev\pydevd.py", line 1640, in run
    return self._exec(is_module, entry_point_fn, module_name, file, globals, locals)
           │    │     │          │               │            │     │        └ {'__name__': '__main__', '__doc__': None, '__package__': '', '__loader__': <_frozen_importlib_external.SourceFileLoader objec...
           │    │     │          │               │            │     └ {'__name__': '__main__', '__doc__': None, '__package__': '', '__loader__': <_frozen_importlib_external.SourceFileLoader objec...
           │    │     │          │               │            └ 'C:\\Users\\pedro\\Documents\\ERGONDATA\\KMM\\src\\bots\\jmendes\\worker.py'
           │    │     │          │               └ None
           │    │     │          └ ''
           │    │     └ False
           │    └ <function PyDB._exec at 0x000002B0F3D9E320>
           └ <__main__.PyDB object at 0x000002B0F3ECD600>

  File "C:\Program Files\JetBrains\PyCharm 2025.3\plugins\python-ce\helpers\pydev\pydevd.py", line 1647, in _exec
    pydev_imports.execfile(file, globals, locals)  # execute the script
    │             │        │     │        └ {'__name__': '__main__', '__doc__': None, '__package__': '', '__loader__': <_frozen_importlib_external.SourceFileLoader objec...
    │             │        │     └ {'__name__': '__main__', '__doc__': None, '__package__': '', '__loader__': <_frozen_importlib_external.SourceFileLoader objec...
    │             │        └ 'C:\\Users\\pedro\\Documents\\ERGONDATA\\KMM\\src\\bots\\jmendes\\worker.py'
    │             └ <function execfile at 0x000002B0F3CCE3B0>
    └ <module '_pydev_bundle.pydev_imports' from 'C:\\Program Files\\JetBrains\\PyCharm 2025.3\\plugins\\python-ce\\helpers\\pydev\...

  File "C:\Program Files\JetBrains\PyCharm 2025.3\plugins\python-ce\helpers\pydev\_pydev_imps\_pydev_execfile.py", line 18, in execfile
    exec(compile(contents+"\n", file, 'exec'), glob, loc)
                 │              │              │     └ {'__name__': '__main__', '__doc__': None, '__package__': '', '__loader__': <_frozen_importlib_external.SourceFileLoader objec...
                 │              │              └ {'__name__': '__main__', '__doc__': None, '__package__': '', '__loader__': <_frozen_importlib_external.SourceFileLoader objec...
                 │              └ 'C:\\Users\\pedro\\Documents\\ERGONDATA\\KMM\\src\\bots\\jmendes\\worker.py'
                 └ 'import json\nimport pika\nimport os\nfrom dotenv import load_dotenv\nfrom bots.jmendes.kmm_process import process\nfrom bots...

  File "C:\Users\pedro\Documents\ERGONDATA\KMM\src\bots\jmendes\worker.py", line 80, in <module>
    process_case()
    └ <function process_case at 0x000002B0F4706D40>

> File "C:\Users\pedro\Documents\ERGONDATA\KMM\src\bots\jmendes\worker.py", line 19, in process_case
    cases = DB().get_data(
            └ <class 'shared.db_handler.db_handler.DB'>

  File "C:\Users\pedro\Documents\ERGONDATA\KMM\src\shared\db_handler\db_handler.py", line 49, in get_data
    df = pd.read_sql(query, self.engine, params={"dt_min": dt_min})
         │  │        │      │    │                         └ datetime.datetime(2025, 12, 31, 12, 5, 17, 765591)
         │  │        │      │    └ Engine(mssql+pyodbc://admin_robo:***@10.88.10.103/Ergondata_Robo?driver=ODBC+Driver+17+for+SQL+Server)
         │  │        │      └ <shared.db_handler.db_handler.DB object at 0x000002B0F4EE4CD0>
         │  │        └ <sqlalchemy.sql.elements.TextClause object at 0x000002B0F4EE5B10>
         │  └ <function read_sql at 0x000002B0F2A21EA0>
         └ <module 'pandas' from 'C:\\Users\\pedro\\Documents\\ERGONDATA\\KMM\\.venv\\lib\\site-packages\\pandas\\__init__.py'>

  File "C:\Users\pedro\Documents\ERGONDATA\KMM\.venv\lib\site-packages\pandas\io\sql.py", line 736, in read_sql
    return pandas_sql.read_query(
           │          └ <function SQLDatabase.read_query at 0x000002B0F2A235B0>
           └ <pandas.io.sql.SQLDatabase object at 0x000002B0F4F18610>

  File "C:\Users\pedro\Documents\ERGONDATA\KMM\.venv\lib\site-packages\pandas\io\sql.py", line 1848, in read_query
    result = self.execute(sql, params)
             │    │       │    └ {'dt_min': datetime.datetime(2025, 12, 31, 12, 5, 17, 765591)}
             │    │       └ <sqlalchemy.sql.elements.TextClause object at 0x000002B0F4EE5B10>
             │    └ <function SQLDatabase.execute at 0x000002B0F2A23400>
             └ <pandas.io.sql.SQLDatabase object at 0x000002B0F4F18610>

  File "C:\Users\pedro\Documents\ERGONDATA\KMM\.venv\lib\site-packages\pandas\io\sql.py", line 1672, in execute
    return self.con.execute(sql, *args)
           │    │   │       │     └ [{'dt_min': datetime.datetime(2025, 12, 31, 12, 5, 17, 765591)}]
           │    │   │       └ <sqlalchemy.sql.elements.TextClause object at 0x000002B0F4EE5B10>
           │    │   └ <function Connection.execute at 0x000002B0F4E76950>
           │    └ <sqlalchemy.engine.base.Connection object at 0x000002B0F4FFC850>
           └ <pandas.io.sql.SQLDatabase object at 0x000002B0F4F18610>

  File "C:\Users\pedro\Documents\ERGONDATA\KMM\.venv\lib\site-packages\sqlalchemy\engine\base.py", line 1419, in execute
    return meth(
           └ <bound method ClauseElement._execute_on_connection of <sqlalchemy.sql.elements.TextClause object at 0x000002B0F4EE5B10>>

  File "C:\Users\pedro\Documents\ERGONDATA\KMM\.venv\lib\site-packages\sqlalchemy\sql\elements.py", line 527, in _execute_on_connection
    return connection._execute_clauseelement(
           │          └ <function Connection._execute_clauseelement at 0x000002B0F4E76C20>
           └ <sqlalchemy.engine.base.Connection object at 0x000002B0F4FFC850>

  File "C:\Users\pedro\Documents\ERGONDATA\KMM\.venv\lib\site-packages\sqlalchemy\engine\base.py", line 1641, in _execute_clauseelement
    ret = self._execute_context(
          │    └ <function Connection._execute_context at 0x000002B0F4E76DD0>
          └ <sqlalchemy.engine.base.Connection object at 0x000002B0F4FFC850>

  File "C:\Users\pedro\Documents\ERGONDATA\KMM\.venv\lib\site-packages\sqlalchemy\engine\base.py", line 1846, in _execute_context
    return self._exec_single_context(
           │    └ <function Connection._exec_single_context at 0x000002B0F4E76E60>
           └ <sqlalchemy.engine.base.Connection object at 0x000002B0F4FFC850>

  File "C:\Users\pedro\Documents\ERGONDATA\KMM\.venv\lib\site-packages\sqlalchemy\engine\base.py", line 1986, in _exec_single_context
    self._handle_dbapi_exception(
    │    └ <function Connection._handle_dbapi_exception at 0x000002B0F4E770A0>
    └ <sqlalchemy.engine.base.Connection object at 0x000002B0F4FFC850>

  File "C:\Users\pedro\Documents\ERGONDATA\KMM\.venv\lib\site-packages\sqlalchemy\engine\base.py", line 2363, in _handle_dbapi_exception
    raise sqlalchemy_exception.with_traceback(exc_info[2]) from e
          │                    │              │                 └ ProgrammingError('42S22', "[42S22] [Microsoft][ODBC Driver 17 for SQL Server][SQL Server]Invalid column name 'OK'. (207) (SQL...
          │                    │              └ (<class 'pyodbc.ProgrammingError'>, ProgrammingError('42S22', "[42S22] [Microsoft][ODBC Driver 17 for SQL Server][SQL Server]...
          │                    └ <method 'with_traceback' of 'BaseException' objects>
          └ ProgrammingError('(pyodbc.ProgrammingError) (\'42S22\', "[42S22] [Microsoft][ODBC Driver 17 for SQL Server][SQL Server]Invali...

  File "C:\Users\pedro\Documents\ERGONDATA\KMM\.venv\lib\site-packages\sqlalchemy\engine\base.py", line 1967, in _exec_single_context
    self.dialect.do_execute(
    │    │       └ <function DefaultDialect.do_execute at 0x000002B0F4F14040>
    │    └ <sqlalchemy.dialects.mssql.pyodbc.MSDialect_pyodbc object at 0x000002B0F4EE5AB0>
    └ <sqlalchemy.engine.base.Connection object at 0x000002B0F4FFC850>

  File "C:\Users\pedro\Documents\ERGONDATA\KMM\.venv\lib\site-packages\sqlalchemy\engine\default.py", line 952, in do_execute
    cursor.execute(statement, parameters)
    │      │       │          └ (datetime.datetime(2025, 12, 31, 12, 5, 17, 765591),)
    │      │       └ '\n            SELECT *\n            FROM Ergondata_Robo.dbo.complementar_jmendes\n            WHERE CRIADO_EM >= ?\n        ...
    │      └ <method 'execute' of 'pyodbc.Cursor' objects>
    └ <pyodbc.Cursor object at 0x000002B0F4FB6D30>

sqlalchemy.exc.ProgrammingError: (pyodbc.ProgrammingError) ('42S22', "[42S22] [Microsoft][ODBC Driver 17 for SQL Server][SQL Server]Invalid column name 'OK'. (207) (SQLExecDirectW); [42S22] [Microsoft][ODBC Driver 17 for SQL Server][SQL Server]Statement(s) could not be prepared. (8180)")
[SQL: 
            SELECT *
            FROM Ergondata_Robo.dbo.complementar_jmendes
            WHERE CRIADO_EM >= ?
              AND RETENTATIVA < 3
              AND STATUS_ <> "OK"
        ]
[parameters: (datetime.datetime(2025, 12, 31, 12, 5, 17, 765591),)]
(Background on this error at: https://sqlalche.me/e/20/f405)
2026-01-07 12:07:51 | INFO | kmm.services.kmm_actions:login | Iniciando login | {'service': 'JMendes'}
2026-01-07 12:08:03 | INFO | kmm.services.kmm_actions:login | Fim do Login | {'service': 'JMendes'}
2026-01-07 12:18:43 | ERROR | __main__:process_case | Falha não mapeada. Erro 1 validation error for JMNItemProcess
bd_id
  Input should be a valid integer [type=int_type, input_value=None, input_type=NoneType]
    For further information visit https://errors.pydantic.dev/2.12/v/int_type | {}
Traceback (most recent call last):

  File "C:\Program Files\JetBrains\PyCharm 2025.3\plugins\python-ce\helpers\pydev\pydevd.py", line 2391, in <module>
    main()
    └ <function main at 0x00000128542FF2E0>

  File "C:\Program Files\JetBrains\PyCharm 2025.3\plugins\python-ce\helpers\pydev\pydevd.py", line 2372, in main
    globals = debugger.run(setup['file'], None, None, is_module)
              │        │   │                          └ False
              │        │   └ {'port': 51434, 'vm_type': None, 'client': '127.0.0.1', 'server': False, 'DEBUG_RECORD_SOCKET_READS': False, 'multiproc': Fal...
              │        └ <function PyDB.run at 0x00000128542FE290>
              └ <__main__.PyDB object at 0x000001285445D600>

  File "C:\Program Files\JetBrains\PyCharm 2025.3\plugins\python-ce\helpers\pydev\pydevd.py", line 1640, in run
    return self._exec(is_module, entry_point_fn, module_name, file, globals, locals)
           │    │     │          │               │            │     │        └ {'__name__': '__main__', '__doc__': None, '__package__': '', '__loader__': <_frozen_importlib_external.SourceFileLoader objec...
           │    │     │          │               │            │     └ {'__name__': '__main__', '__doc__': None, '__package__': '', '__loader__': <_frozen_importlib_external.SourceFileLoader objec...
           │    │     │          │               │            └ 'C:\\Users\\pedro\\Documents\\ERGONDATA\\KMM\\src\\bots\\jmendes\\worker.py'
           │    │     │          │               └ None
           │    │     │          └ ''
           │    │     └ False
           │    └ <function PyDB._exec at 0x00000128542FE320>
           └ <__main__.PyDB object at 0x000001285445D600>

  File "C:\Program Files\JetBrains\PyCharm 2025.3\plugins\python-ce\helpers\pydev\pydevd.py", line 1647, in _exec
    pydev_imports.execfile(file, globals, locals)  # execute the script
    │             │        │     │        └ {'__name__': '__main__', '__doc__': None, '__package__': '', '__loader__': <_frozen_importlib_external.SourceFileLoader objec...
    │             │        │     └ {'__name__': '__main__', '__doc__': None, '__package__': '', '__loader__': <_frozen_importlib_external.SourceFileLoader objec...
    │             │        └ 'C:\\Users\\pedro\\Documents\\ERGONDATA\\KMM\\src\\bots\\jmendes\\worker.py'
    │             └ <function execfile at 0x000001285420E3B0>
    └ <module '_pydev_bundle.pydev_imports' from 'C:\\Program Files\\JetBrains\\PyCharm 2025.3\\plugins\\python-ce\\helpers\\pydev\...

  File "C:\Program Files\JetBrains\PyCharm 2025.3\plugins\python-ce\helpers\pydev\_pydev_imps\_pydev_execfile.py", line 18, in execfile
    exec(compile(contents+"\n", file, 'exec'), glob, loc)
                 │              │              │     └ {'__name__': '__main__', '__doc__': None, '__package__': '', '__loader__': <_frozen_importlib_external.SourceFileLoader objec...
                 │              │              └ {'__name__': '__main__', '__doc__': None, '__package__': '', '__loader__': <_frozen_importlib_external.SourceFileLoader objec...
                 │              └ 'C:\\Users\\pedro\\Documents\\ERGONDATA\\KMM\\src\\bots\\jmendes\\worker.py'
                 └ 'import json\nimport pika\nimport os\nfrom dotenv import load_dotenv\nfrom bots.jmendes.kmm_process import process\nfrom bots...

  File "C:\Users\pedro\Documents\ERGONDATA\KMM\src\bots\jmendes\worker.py", line 81, in <module>
    process_case()
    └ <function process_case at 0x00000128544C8F70>

> File "C:\Users\pedro\Documents\ERGONDATA\KMM\src\bots\jmendes\worker.py", line 24, in process_case
    JMNItemProcess(
    └ <class 'bots.jmendes.models.JMNItemProcess'>

  File "C:\Users\pedro\Documents\ERGONDATA\KMM\.venv\lib\site-packages\pydantic\main.py", line 250, in __init__
    validated_self = self.__pydantic_validator__.validate_python(data, self_instance=self)
                     │    │                      │               │                   └ JMNItemProcess()
                     │    │                      │               └ {'license_plate': 'KRR7D11', 'driver_name': 'Joel Martins dos Santos', 'tbe': '635988', 'nature': '97', 'operation': '1989', ...
                     │    │                      └ <method 'validate_python' of 'pydantic_core._pydantic_core.SchemaValidator' objects>
                     │    └ SchemaValidator(title="JMNItemProcess", validator=Model(
                     │          ModelValidator {
                     │              revalidate: Never,
                     │              validator: M...
                     └ JMNItemProcess()

pydantic_core._pydantic_core.ValidationError: 1 validation error for JMNItemProcess
bd_id
  Input should be a valid integer [type=int_type, input_value=None, input_type=NoneType]
    For further information visit https://errors.pydantic.dev/2.12/v/int_type
2026-01-07 12:24:32 | ERROR | __main__:process_case | Falha não mapeada. Erro name 'queue_item' is not defined | {}
Traceback (most recent call last):

  File "C:\Program Files\JetBrains\PyCharm 2025.3\plugins\python-ce\helpers\pydev\pydevd.py", line 2391, in <module>
    main()
    └ <function main at 0x000002462533F2E0>

  File "C:\Program Files\JetBrains\PyCharm 2025.3\plugins\python-ce\helpers\pydev\pydevd.py", line 2372, in main
    globals = debugger.run(setup['file'], None, None, is_module)
              │        │   │                          └ False
              │        │   └ {'port': 51498, 'vm_type': None, 'client': '127.0.0.1', 'server': False, 'DEBUG_RECORD_SOCKET_READS': False, 'multiproc': Fal...
              │        └ <function PyDB.run at 0x000002462533E290>
              └ <__main__.PyDB object at 0x000002462549D600>

  File "C:\Program Files\JetBrains\PyCharm 2025.3\plugins\python-ce\helpers\pydev\pydevd.py", line 1640, in run
    return self._exec(is_module, entry_point_fn, module_name, file, globals, locals)
           │    │     │          │               │            │     │        └ {'__name__': '__main__', '__doc__': None, '__package__': '', '__loader__': <_frozen_importlib_external.SourceFileLoader objec...
           │    │     │          │               │            │     └ {'__name__': '__main__', '__doc__': None, '__package__': '', '__loader__': <_frozen_importlib_external.SourceFileLoader objec...
           │    │     │          │               │            └ 'C:\\Users\\pedro\\Documents\\ERGONDATA\\KMM\\src\\bots\\jmendes\\worker.py'
           │    │     │          │               └ None
           │    │     │          └ ''
           │    │     └ False
           │    └ <function PyDB._exec at 0x000002462533E320>
           └ <__main__.PyDB object at 0x000002462549D600>

  File "C:\Program Files\JetBrains\PyCharm 2025.3\plugins\python-ce\helpers\pydev\pydevd.py", line 1647, in _exec
    pydev_imports.execfile(file, globals, locals)  # execute the script
    │             │        │     │        └ {'__name__': '__main__', '__doc__': None, '__package__': '', '__loader__': <_frozen_importlib_external.SourceFileLoader objec...
    │             │        │     └ {'__name__': '__main__', '__doc__': None, '__package__': '', '__loader__': <_frozen_importlib_external.SourceFileLoader objec...
    │             │        └ 'C:\\Users\\pedro\\Documents\\ERGONDATA\\KMM\\src\\bots\\jmendes\\worker.py'
    │             └ <function execfile at 0x000002462525E3B0>
    └ <module '_pydev_bundle.pydev_imports' from 'C:\\Program Files\\JetBrains\\PyCharm 2025.3\\plugins\\python-ce\\helpers\\pydev\...

  File "C:\Program Files\JetBrains\PyCharm 2025.3\plugins\python-ce\helpers\pydev\_pydev_imps\_pydev_execfile.py", line 18, in execfile
    exec(compile(contents+"\n", file, 'exec'), glob, loc)
                 │              │              │     └ {'__name__': '__main__', '__doc__': None, '__package__': '', '__loader__': <_frozen_importlib_external.SourceFileLoader objec...
                 │              │              └ {'__name__': '__main__', '__doc__': None, '__package__': '', '__loader__': <_frozen_importlib_external.SourceFileLoader objec...
                 │              └ 'C:\\Users\\pedro\\Documents\\ERGONDATA\\KMM\\src\\bots\\jmendes\\worker.py'
                 └ 'import json\nimport pika\nimport os\nfrom dotenv import load_dotenv\nfrom bots.jmendes.kmm_process import process\nfrom bots...

  File "C:\Users\pedro\Documents\ERGONDATA\KMM\src\bots\jmendes\worker.py", line 106, in <module>
    process_case()
    └ <function process_case at 0x000002462550D240>

> File "C:\Users\pedro\Documents\ERGONDATA\KMM\src\bots\jmendes\worker.py", line 29, in process_case
    db.update(
    │  └ <function DB.update at 0x00000246264C5FC0>
    └ <shared.db_handler.db_handler.DB object at 0x000002462551E6B0>

  File "C:\Users\pedro\Documents\ERGONDATA\KMM\src\shared\db_handler\db_handler.py", line 110, in update
    conn.execute(stmt, {"value": value, "id": queue_item["ID"]})
    │    │       │               └ 'Processando'
    │    │       └ <sqlalchemy.sql.elements.TextClause object at 0x000002462659BD60>
    │    └ <function Connection.execute at 0x0000024625CCA7A0>
    └ <sqlalchemy.engine.base.Connection object at 0x00000246268D4730>

NameError: name 'queue_item' is not defined
2026-01-07 12:25:31 | INFO | kmm.services.kmm_actions:login | Iniciando login | {'service': 'JMendes'}
2026-01-07 12:25:42 | INFO | kmm.services.kmm_actions:login | Fim do Login | {'service': 'JMendes'}
2026-01-07 12:27:05 | INFO | kmm.services.kmm_actions:login | Iniciando login | {'service': 'JMendes'}
2026-01-07 12:28:49 | INFO | kmm.services.kmm_actions:login | Iniciando login | {'service': 'JMendes'}
2026-01-07 12:37:58 | INFO | kmm.services.kmm_actions:login | Iniciando login | {'service': 'JMendes'}
2026-01-07 12:48:59 | INFO | kmm.services.kmm_actions:login | Iniciando login | {'service': 'JMendes'}
2026-01-07 12:49:54 | INFO | kmm.services.kmm_actions:login | Fim do Login | {'service': 'JMendes'}
2026-01-07 12:50:03 | INFO | kmm.services.kmm_actions:quick_access | Acessando menu REPOMFRETEA via acesso rápido | {'service': 'JMendes'}
2026-01-07 12:50:11 | INFO | kmm.services.kmm_actions:quick_access | Fim do acesso rápido | {'service': 'JMendes'}
2026-01-07 12:50:35 | ERROR | __main__:process_case | Falha não mapeada. Erro local variable 'e' referenced before assignment | {}
Traceback (most recent call last):

  File "C:\Users\pedro\Documents\ERGONDATA\KMM\src\kmm\services\kmm_actions.py", line 396, in emitting_contract_repomfretea
    raise pe.KMMGetDriverNameError("Falha ao obter o nome do motorista")
          │  └ <class 'exceptions.personalized_exceptions.KMMGetDriverNameError'>
          └ <module 'exceptions.personalized_exceptions' from 'C:\\Users\\pedro\\Documents\\ERGONDATA\\KMM\\src\\exceptions\\personalized...

exceptions.personalized_exceptions.KMMGetDriverNameError: Falha ao obter o nome do motorista


During handling of the above exception, another exception occurred:


Traceback (most recent call last):

  File "C:\Users\pedro\Documents\ERGONDATA\KMM\src\kmm\services\kmm_actions.py", line 446, in emitting_contract_repomfretea
    return contract_number

UnboundLocalError: local variable 'contract_number' referenced before assignment


During handling of the above exception, another exception occurred:


Traceback (most recent call last):

  File "C:\Program Files\JetBrains\PyCharm 2025.3\plugins\python-ce\helpers\pydev\pydevd.py", line 2391, in <module>
    main()
    └ <function main at 0x000001C8C203F2E0>

  File "C:\Program Files\JetBrains\PyCharm 2025.3\plugins\python-ce\helpers\pydev\pydevd.py", line 2372, in main
    globals = debugger.run(setup['file'], None, None, is_module)
              │        │   │                          └ False
              │        │   └ {'port': 51896, 'vm_type': None, 'client': '127.0.0.1', 'server': False, 'DEBUG_RECORD_SOCKET_READS': False, 'multiproc': Fal...
              │        └ <function PyDB.run at 0x000001C8C203E290>
              └ <__main__.PyDB object at 0x000001C8C219D600>

  File "C:\Program Files\JetBrains\PyCharm 2025.3\plugins\python-ce\helpers\pydev\pydevd.py", line 1640, in run
    return self._exec(is_module, entry_point_fn, module_name, file, globals, locals)
           │    │     │          │               │            │     │        └ {'__name__': '__main__', '__doc__': None, '__package__': '', '__loader__': <_frozen_importlib_external.SourceFileLoader objec...
           │    │     │          │               │            │     └ {'__name__': '__main__', '__doc__': None, '__package__': '', '__loader__': <_frozen_importlib_external.SourceFileLoader objec...
           │    │     │          │               │            └ 'C:\\Users\\pedro\\Documents\\ERGONDATA\\KMM\\src\\bots\\jmendes\\worker.py'
           │    │     │          │               └ None
           │    │     │          └ ''
           │    │     └ False
           │    └ <function PyDB._exec at 0x000001C8C203E320>
           └ <__main__.PyDB object at 0x000001C8C219D600>

  File "C:\Program Files\JetBrains\PyCharm 2025.3\plugins\python-ce\helpers\pydev\pydevd.py", line 1647, in _exec
    pydev_imports.execfile(file, globals, locals)  # execute the script
    │             │        │     │        └ {'__name__': '__main__', '__doc__': None, '__package__': '', '__loader__': <_frozen_importlib_external.SourceFileLoader objec...
    │             │        │     └ {'__name__': '__main__', '__doc__': None, '__package__': '', '__loader__': <_frozen_importlib_external.SourceFileLoader objec...
    │             │        └ 'C:\\Users\\pedro\\Documents\\ERGONDATA\\KMM\\src\\bots\\jmendes\\worker.py'
    │             └ <function execfile at 0x000001C8C0F7E3B0>
    └ <module '_pydev_bundle.pydev_imports' from 'C:\\Program Files\\JetBrains\\PyCharm 2025.3\\plugins\\python-ce\\helpers\\pydev\...

  File "C:\Program Files\JetBrains\PyCharm 2025.3\plugins\python-ce\helpers\pydev\_pydev_imps\_pydev_execfile.py", line 18, in execfile
    exec(compile(contents+"\n", file, 'exec'), glob, loc)
                 │              │              │     └ {'__name__': '__main__', '__doc__': None, '__package__': '', '__loader__': <_frozen_importlib_external.SourceFileLoader objec...
                 │              │              └ {'__name__': '__main__', '__doc__': None, '__package__': '', '__loader__': <_frozen_importlib_external.SourceFileLoader objec...
                 │              └ 'C:\\Users\\pedro\\Documents\\ERGONDATA\\KMM\\src\\bots\\jmendes\\worker.py'
                 └ 'import json\nimport pika\nimport os\nfrom dotenv import load_dotenv\nfrom src.bots.jmendes.kmm_process import process\nfrom ...

  File "C:\Users\pedro\Documents\ERGONDATA\KMM\src\bots\jmendes\worker.py", line 106, in <module>
    process_case()
    └ <function process_case at 0x000001C8C2209240>

> File "C:\Users\pedro\Documents\ERGONDATA\KMM\src\bots\jmendes\worker.py", line 35, in process_case
    process(
    └ <function process at 0x000001C8C2A765F0>

  File "C:\Users\pedro\Documents\ERGONDATA\KMM\src\bots\jmendes\kmm_process.py", line 22, in process
    contract_number = kmm.emitting_contract_repomfretea(
                      │   └ <function KMMActions.emitting_contract_repomfretea at 0x000001C8C2D4BD00>
                      └ <kmm.services.kmm_actions.KMMActions object at 0x000001C8C32EC310>

  File "C:\Users\pedro\Documents\ERGONDATA\KMM\src\kmm\services\kmm_actions.py", line -1, in emitting_contract_repomfretea

UnboundLocalError: local variable 'e' referenced before assignment
2026-01-07 12:51:19 | INFO | kmm.services.kmm_actions:login | Iniciando login | {'service': 'JMendes'}
2026-01-07 12:51:32 | INFO | kmm.services.kmm_actions:login | Fim do Login | {'service': 'JMendes'}
2026-01-07 14:03:17 | INFO | kmm.services.kmm_actions:quick_access | Acessando menu REPOMFRETEA via acesso rápido | {'service': 'JMendes'}
2026-01-07 14:03:26 | INFO | kmm.services.kmm_actions:quick_access | Fim do acesso rápido | {'service': 'JMendes'}
2026-01-07 14:03:50 | ERROR | __main__:process_case | Falha não mapeada. Erro local variable 'e' referenced before assignment | {}
Traceback (most recent call last):

  File "C:\Users\pedro\Documents\ERGONDATA\KMM\src\kmm\services\kmm_actions.py", line 390, in emitting_contract_repomfretea
    self.driver.switch_to_frame(principal=False)
    │    │      └ <function KMMIEDriver.switch_to_frame at 0x000002957DB31A20>
    │    └ <kmm.ie_driver.ie_driver.KMMIEDriver object at 0x000002957E1C88E0>
    └ <kmm.services.kmm_actions.KMMActions object at 0x000002957E1C8220>

  File "C:\Users\pedro\Documents\ERGONDATA\KMM\src\kmm\ie_driver\ie_driver.py", line 453, in switch_to_frame
    self.wait_frame(locator='name:iconteudo', timeout=timeout)
    │    │                                            └ None
    │    └ <function KMMIEDriver.wait_frame at 0x000002957DB31360>
    └ <kmm.ie_driver.ie_driver.KMMIEDriver object at 0x000002957E1C88E0>

  File "C:\Users\pedro\Documents\ERGONDATA\KMM\src\kmm\ie_driver\ie_driver.py", line 262, in wait_frame
    element = wait.until(EC.frame_to_be_available_and_switch_to_it((self._by(by), value)))
              │    │     │  │                                       │    │   │    └ 'iconteudo'
              │    │     │  │                                       │    │   └ 'name'
              │    │     │  │                                       │    └ <function KMMIEDriver._by at 0x000002957DB31120>
              │    │     │  │                                       └ <kmm.ie_driver.ie_driver.KMMIEDriver object at 0x000002957E1C88E0>
              │    │     │  └ <class 'selenium.webdriver.support.expected_conditions.frame_to_be_available_and_switch_to_it'>
              │    │     └ <module 'selenium.webdriver.support.expected_conditions' from 'C:\\Users\\pedro\\Documents\\ERGONDATA\\KMM\\.venv\\lib\\site-...
              │    └ <function WebDriverWait.until at 0x000002957DADDEA0>
              └ <selenium.webdriver.support.wait.WebDriverWait (session="074e2c31-bf14-42be-b56a-2d858b776525")>

  File "C:\Users\pedro\Documents\ERGONDATA\KMM\.venv\lib\site-packages\selenium\webdriver\support\wait.py", line 80, in until
    raise TimeoutException(message, screen, stacktrace)
          │                │        │       └ None
          │                │        └ None
          │                └ ''
          └ <class 'selenium.common.exceptions.TimeoutException'>

selenium.common.exceptions.TimeoutException: Message: 



During handling of the above exception, another exception occurred:


Traceback (most recent call last):

  File "C:\Users\pedro\Documents\ERGONDATA\KMM\src\kmm\services\kmm_actions.py", line 446, in emitting_contract_repomfretea
    return contract_number

UnboundLocalError: local variable 'contract_number' referenced before assignment


During handling of the above exception, another exception occurred:


Traceback (most recent call last):

  File "C:\Program Files\JetBrains\PyCharm 2025.3\plugins\python-ce\helpers\pydev\pydevd.py", line 2391, in <module>
    main()
    └ <function main at 0x000002957CF0F2E0>

  File "C:\Program Files\JetBrains\PyCharm 2025.3\plugins\python-ce\helpers\pydev\pydevd.py", line 2372, in main
    globals = debugger.run(setup['file'], None, None, is_module)
              │        │   │                          └ False
              │        │   └ {'port': 52086, 'vm_type': None, 'client': '127.0.0.1', 'server': False, 'DEBUG_RECORD_SOCKET_READS': False, 'multiproc': Fal...
              │        └ <function PyDB.run at 0x000002957CF0E290>
              └ <__main__.PyDB object at 0x000002957D06D600>

  File "C:\Program Files\JetBrains\PyCharm 2025.3\plugins\python-ce\helpers\pydev\pydevd.py", line 1640, in run
    return self._exec(is_module, entry_point_fn, module_name, file, globals, locals)
           │    │     │          │               │            │     │        └ {'__name__': '__main__', '__doc__': None, '__package__': '', '__loader__': <_frozen_importlib_external.SourceFileLoader objec...
           │    │     │          │               │            │     └ {'__name__': '__main__', '__doc__': None, '__package__': '', '__loader__': <_frozen_importlib_external.SourceFileLoader objec...
           │    │     │          │               │            └ 'C:\\Users\\pedro\\Documents\\ERGONDATA\\KMM\\src\\bots\\jmendes\\worker.py'
           │    │     │          │               └ None
           │    │     │          └ ''
           │    │     └ False
           │    └ <function PyDB._exec at 0x000002957CF0E320>
           └ <__main__.PyDB object at 0x000002957D06D600>

  File "C:\Program Files\JetBrains\PyCharm 2025.3\plugins\python-ce\helpers\pydev\pydevd.py", line 1647, in _exec
    pydev_imports.execfile(file, globals, locals)  # execute the script
    │             │        │     │        └ {'__name__': '__main__', '__doc__': None, '__package__': '', '__loader__': <_frozen_importlib_external.SourceFileLoader objec...
    │             │        │     └ {'__name__': '__main__', '__doc__': None, '__package__': '', '__loader__': <_frozen_importlib_external.SourceFileLoader objec...
    │             │        └ 'C:\\Users\\pedro\\Documents\\ERGONDATA\\KMM\\src\\bots\\jmendes\\worker.py'
    │             └ <function execfile at 0x000002957CE1E3B0>
    └ <module '_pydev_bundle.pydev_imports' from 'C:\\Program Files\\JetBrains\\PyCharm 2025.3\\plugins\\python-ce\\helpers\\pydev\...

  File "C:\Program Files\JetBrains\PyCharm 2025.3\plugins\python-ce\helpers\pydev\_pydev_imps\_pydev_execfile.py", line 18, in execfile
    exec(compile(contents+"\n", file, 'exec'), glob, loc)
                 │              │              │     └ {'__name__': '__main__', '__doc__': None, '__package__': '', '__loader__': <_frozen_importlib_external.SourceFileLoader objec...
                 │              │              └ {'__name__': '__main__', '__doc__': None, '__package__': '', '__loader__': <_frozen_importlib_external.SourceFileLoader objec...
                 │              └ 'C:\\Users\\pedro\\Documents\\ERGONDATA\\KMM\\src\\bots\\jmendes\\worker.py'
                 └ 'import json\nimport pika\nimport os\nfrom dotenv import load_dotenv\nfrom src.bots.jmendes.kmm_process import process\nfrom ...

  File "C:\Users\pedro\Documents\ERGONDATA\KMM\src\bots\jmendes\worker.py", line 106, in <module>
    process_case()
    └ <function process_case at 0x000002957D0D9120>

> File "C:\Users\pedro\Documents\ERGONDATA\KMM\src\bots\jmendes\worker.py", line 35, in process_case
    process(
    └ <function process at 0x000002957DC17C70>

  File "C:\Users\pedro\Documents\ERGONDATA\KMM\src\bots\jmendes\kmm_process.py", line 22, in process
    contract_number = kmm.emitting_contract_repomfretea(
                      │   └ <function KMMActions.emitting_contract_repomfretea at 0x000002957DC17AC0>
                      └ <kmm.services.kmm_actions.KMMActions object at 0x000002957E1C8220>

  File "C:\Users\pedro\Documents\ERGONDATA\KMM\src\kmm\services\kmm_actions.py", line -1, in emitting_contract_repomfretea

UnboundLocalError: local variable 'e' referenced before assignment
2026-01-07 14:24:13 | INFO | kmm.services.kmm_actions:login | Iniciando login | {'service': 'JMendes'}
2026-01-07 14:24:26 | INFO | kmm.services.kmm_actions:login | Fim do Login | {'service': 'JMendes'}
2026-01-07 14:25:20 | INFO | kmm.services.kmm_actions:quick_access | Acessando menu REPOMFRETEA via acesso rápido | {'service': 'JMendes'}
2026-01-07 14:25:28 | INFO | kmm.services.kmm_actions:quick_access | Fim do acesso rápido | {'service': 'JMendes'}
2026-01-07 14:31:54 | INFO | kmm.services.kmm_actions:login | Iniciando login | {'service': 'JMendes'}
2026-01-07 14:32:07 | INFO | kmm.services.kmm_actions:login | Fim do Login | {'service': 'JMendes'}
2026-01-07 14:32:12 | INFO | kmm.services.kmm_actions:quick_access | Acessando menu REPOMFRETEA via acesso rápido | {'service': 'JMendes'}
2026-01-07 14:32:20 | INFO | kmm.services.kmm_actions:quick_access | Fim do acesso rápido | {'service': 'JMendes'}
2026-01-07 14:43:44 | INFO | kmm.services.kmm_actions:login | Iniciando login | {'service': 'JMendes'}
2026-01-07 14:43:57 | INFO | kmm.services.kmm_actions:login | Fim do Login | {'service': 'JMendes'}
2026-01-07 14:44:05 | INFO | kmm.services.kmm_actions:quick_access | Acessando menu REPOMFRETEA via acesso rápido | {'service': 'JMendes'}
2026-01-07 14:44:13 | INFO | kmm.services.kmm_actions:quick_access | Fim do acesso rápido | {'service': 'JMendes'}
2026-01-07 15:07:21 | INFO | kmm.services.kmm_actions:login | Iniciando login | {'service': 'JMendes'}
2026-01-07 15:07:34 | INFO | kmm.services.kmm_actions:login | Fim do Login | {'service': 'JMendes'}
2026-01-07 15:09:27 | INFO | kmm.services.kmm_actions:quick_access | Acessando menu REPOMFRETEA via acesso rápido | {'service': 'JMendes'}
2026-01-07 15:09:35 | INFO | kmm.services.kmm_actions:quick_access | Fim do acesso rápido | {'service': 'JMendes'}
2026-01-07 15:25:14 | INFO | kmm.services.kmm_actions:login | Iniciando login | {'service': 'JMendes'}
2026-01-07 15:25:15 | ERROR | __main__:process_case | Falha não mapeada. Erro 'KMMLoginError' object is not callable | {}
Traceback (most recent call last):

  File "C:\Users\pedro\Documents\ERGONDATA\KMM\src\kmm\services\kmm_actions.py", line 52, in login
    self.driver.safe_type(locator="id:USUARIO", text=params.username)
    │    │      │                                    │      └ 'automacao.jmn'
    │    │      │                                    └ LoginParams(url='https://levolog.kmm.com.br/', username='automacao.jmn', password='jmn@2023')
    │    │      └ <function KMMIEDriver.safe_type at 0x0000028326C99750>
    │    └ <kmm.ie_driver.ie_driver.KMMIEDriver object at 0x000002832731CA60>
    └ <kmm.services.kmm_actions.KMMActions object at 0x000002832731C820>

  File "C:\Users\pedro\Documents\ERGONDATA\KMM\src\kmm\ie_driver\ie_driver.py", line 401, in safe_type
    self._with_retry(
    │    └ <function KMMIEDriver._with_retry at 0x0000028326C99990>
    └ <kmm.ie_driver.ie_driver.KMMIEDriver object at 0x000002832731CA60>

  File "C:\Users\pedro\Documents\ERGONDATA\KMM\src\kmm\ie_driver\ie_driver.py", line 475, in _with_retry
    timer, fired = self._start_watchdog(ht + self.config.hard_timeout_grace, on_fail_label)
    │              │    │               │    │    │                          └ 'safe_type_fail'
    │              │    │               │    │    └ IEDriverConfig(driver_path='C:\\IEDriverServer.exe', page_load_timeout=60, script_timeout=30, default_wait=20, evidence_dir='...
    │              │    │               │    └ <kmm.ie_driver.ie_driver.KMMIEDriver object at 0x000002832731CA60>
    │              │    │               └ 300
    │              │    └ <function KMMIEDriver._start_watchdog at 0x0000028326C98DC0>
    │              └ <kmm.ie_driver.ie_driver.KMMIEDriver object at 0x000002832731CA60>
    └ None

AttributeError: 'IEDriverConfig' object has no attribute 'hard_timeout_grace'


The above exception was the direct cause of the following exception:


Traceback (most recent call last):

  File "C:\Users\pedro\Documents\ERGONDATA\KMM\src\bots\jmendes\kmm_process.py", line 14, in process
    kmm.login(
    │   └ <function KMMActions.login at 0x0000028326D770A0>
    └ <kmm.services.kmm_actions.KMMActions object at 0x000002832731C820>

  File "C:\Users\pedro\Documents\ERGONDATA\KMM\src\kmm\services\kmm_actions.py", line 64, in login
    raise pe.KMMLoginError(
          │  └ <class 'exceptions.personalized_exceptions.KMMLoginError'>
          └ <module 'exceptions.personalized_exceptions' from 'C:\\Users\\pedro\\Documents\\ERGONDATA\\KMM\\src\\exceptions\\personalized...

exceptions.personalized_exceptions.KMMLoginError: Erro ao realizar o login no KMM | Usuario: automacao.jmn - Filial: freto


During handling of the above exception, another exception occurred:


Traceback (most recent call last):

  File "C:\Program Files\JetBrains\PyCharm 2025.3\plugins\python-ce\helpers\pydev\pydevd.py", line 2391, in <module>
    main()
    └ <function main at 0x000002832607B2E0>

  File "C:\Program Files\JetBrains\PyCharm 2025.3\plugins\python-ce\helpers\pydev\pydevd.py", line 2372, in main
    globals = debugger.run(setup['file'], None, None, is_module)
              │        │   │                          └ False
              │        │   └ {'port': 53401, 'vm_type': None, 'client': '127.0.0.1', 'server': False, 'DEBUG_RECORD_SOCKET_READS': False, 'multiproc': Fal...
              │        └ <function PyDB.run at 0x000002832607A290>
              └ <__main__.PyDB object at 0x00000283261CD600>

  File "C:\Program Files\JetBrains\PyCharm 2025.3\plugins\python-ce\helpers\pydev\pydevd.py", line 1640, in run
    return self._exec(is_module, entry_point_fn, module_name, file, globals, locals)
           │    │     │          │               │            │     │        └ {'__name__': '__main__', '__doc__': None, '__package__': '', '__loader__': <_frozen_importlib_external.SourceFileLoader objec...
           │    │     │          │               │            │     └ {'__name__': '__main__', '__doc__': None, '__package__': '', '__loader__': <_frozen_importlib_external.SourceFileLoader objec...
           │    │     │          │               │            └ 'C:\\Users\\pedro\\Documents\\ERGONDATA\\KMM\\src\\bots\\jmendes\\worker.py'
           │    │     │          │               └ None
           │    │     │          └ ''
           │    │     └ False
           │    └ <function PyDB._exec at 0x000002832607A320>
           └ <__main__.PyDB object at 0x00000283261CD600>

  File "C:\Program Files\JetBrains\PyCharm 2025.3\plugins\python-ce\helpers\pydev\pydevd.py", line 1647, in _exec
    pydev_imports.execfile(file, globals, locals)  # execute the script
    │             │        │     │        └ {'__name__': '__main__', '__doc__': None, '__package__': '', '__loader__': <_frozen_importlib_external.SourceFileLoader objec...
    │             │        │     └ {'__name__': '__main__', '__doc__': None, '__package__': '', '__loader__': <_frozen_importlib_external.SourceFileLoader objec...
    │             │        └ 'C:\\Users\\pedro\\Documents\\ERGONDATA\\KMM\\src\\bots\\jmendes\\worker.py'
    │             └ <function execfile at 0x0000028325FAE3B0>
    └ <module '_pydev_bundle.pydev_imports' from 'C:\\Program Files\\JetBrains\\PyCharm 2025.3\\plugins\\python-ce\\helpers\\pydev\...

  File "C:\Program Files\JetBrains\PyCharm 2025.3\plugins\python-ce\helpers\pydev\_pydev_imps\_pydev_execfile.py", line 18, in execfile
    exec(compile(contents+"\n", file, 'exec'), glob, loc)
                 │              │              │     └ {'__name__': '__main__', '__doc__': None, '__package__': '', '__loader__': <_frozen_importlib_external.SourceFileLoader objec...
                 │              │              └ {'__name__': '__main__', '__doc__': None, '__package__': '', '__loader__': <_frozen_importlib_external.SourceFileLoader objec...
                 │              └ 'C:\\Users\\pedro\\Documents\\ERGONDATA\\KMM\\src\\bots\\jmendes\\worker.py'
                 └ 'import json\nimport pika\nimport os\nfrom dotenv import load_dotenv\nfrom src.bots.jmendes.kmm_process import process\nfrom ...

  File "C:\Users\pedro\Documents\ERGONDATA\KMM\src\bots\jmendes\worker.py", line 106, in <module>
    process_case()
    └ <function process_case at 0x0000028326241120>

> File "C:\Users\pedro\Documents\ERGONDATA\KMM\src\bots\jmendes\worker.py", line 35, in process_case
    process(
    └ <function process at 0x0000028326D779A0>

  File "C:\Users\pedro\Documents\ERGONDATA\KMM\src\bots\jmendes\kmm_process.py", line 13, in process
    with KMMActions(service='JMendes') as kmm:
         │                                └ <kmm.services.kmm_actions.KMMActions object at 0x000002832731C820>
         └ <class 'kmm.services.kmm_actions.KMMActions'>

TypeError: 'KMMLoginError' object is not callable
2026-01-07 15:26:07 | INFO | kmm.services.kmm_actions:login | Iniciando login | {'service': 'JMendes'}
2026-01-07 15:26:08 | ERROR | __main__:process_case | Falha não mapeada. Erro 'KMMLoginError' object is not callable | {}
Traceback (most recent call last):

  File "C:\Users\pedro\Documents\ERGONDATA\KMM\src\kmm\services\kmm_actions.py", line 52, in login
    self.driver.safe_type(locator="id:USUARIO", text=params.username)
    │    │      │                                    │      └ 'automacao.jmn'
    │    │      │                                    └ LoginParams(url='https://levolog.kmm.com.br/', username='automacao.jmn', password='jmn@2023')
    │    │      └ <function KMMIEDriver.safe_type at 0x0000024EE4EB9900>
    │    └ <kmm.ie_driver.ie_driver.KMMIEDriver object at 0x0000024EE5544A60>
    └ <kmm.services.kmm_actions.KMMActions object at 0x0000024EE5544820>

  File "C:\Users\pedro\Documents\ERGONDATA\KMM\src\kmm\ie_driver\ie_driver.py", line 401, in safe_type
    self._with_retry(
    │    └ <function KMMIEDriver._with_retry at 0x0000024EE4EB9B40>
    └ <kmm.ie_driver.ie_driver.KMMIEDriver object at 0x0000024EE5544A60>

  File "C:\Users\pedro\Documents\ERGONDATA\KMM\src\kmm\ie_driver\ie_driver.py", line 475, in _with_retry
    timer, fired = self._start_watchdog(ht + self.config.hard_timeout_grace, on_fail_label)
    │              │    │               │    │    │                          └ 'safe_type_fail'
    │              │    │               │    │    └ IEDriverConfig(driver_path='C:\\IEDriverServer.exe', page_load_timeout=60, script_timeout=30, default_wait=20, evidence_dir='...
    │              │    │               │    └ <kmm.ie_driver.ie_driver.KMMIEDriver object at 0x0000024EE5544A60>
    │              │    │               └ 300
    │              │    └ <function KMMIEDriver._start_watchdog at 0x0000024EE4EB8F70>
    │              └ <kmm.ie_driver.ie_driver.KMMIEDriver object at 0x0000024EE5544A60>
    └ None

AttributeError: 'IEDriverConfig' object has no attribute 'hard_timeout_grace'


The above exception was the direct cause of the following exception:


Traceback (most recent call last):

  File "C:\Users\pedro\Documents\ERGONDATA\KMM\src\bots\jmendes\kmm_process.py", line 14, in process
    kmm.login(
    │   └ <function KMMActions.login at 0x0000024EE4F97880>
    └ <kmm.services.kmm_actions.KMMActions object at 0x0000024EE5544820>

  File "C:\Users\pedro\Documents\ERGONDATA\KMM\src\kmm\services\kmm_actions.py", line 64, in login
    raise pe.KMMLoginError(
          │  └ <class 'exceptions.personalized_exceptions.KMMLoginError'>
          └ <module 'exceptions.personalized_exceptions' from 'C:\\Users\\pedro\\Documents\\ERGONDATA\\KMM\\src\\exceptions\\personalized...

exceptions.personalized_exceptions.KMMLoginError: Erro ao realizar o login no KMM | Usuario: automacao.jmn - Filial: freto


During handling of the above exception, another exception occurred:


Traceback (most recent call last):

  File "C:\Program Files\JetBrains\PyCharm 2025.3\plugins\python-ce\helpers\pydev\pydevd.py", line 2391, in <module>
    main()
    └ <function main at 0x0000024EE428B2E0>

  File "C:\Program Files\JetBrains\PyCharm 2025.3\plugins\python-ce\helpers\pydev\pydevd.py", line 2372, in main
    globals = debugger.run(setup['file'], None, None, is_module)
              │        │   │                          └ False
              │        │   └ {'port': 53458, 'vm_type': None, 'client': '127.0.0.1', 'server': False, 'DEBUG_RECORD_SOCKET_READS': False, 'multiproc': Fal...
              │        └ <function PyDB.run at 0x0000024EE428A290>
              └ <__main__.PyDB object at 0x0000024EE43ED600>

  File "C:\Program Files\JetBrains\PyCharm 2025.3\plugins\python-ce\helpers\pydev\pydevd.py", line 1640, in run
    return self._exec(is_module, entry_point_fn, module_name, file, globals, locals)
           │    │     │          │               │            │     │        └ {'__name__': '__main__', '__doc__': None, '__package__': '', '__loader__': <_frozen_importlib_external.SourceFileLoader objec...
           │    │     │          │               │            │     └ {'__name__': '__main__', '__doc__': None, '__package__': '', '__loader__': <_frozen_importlib_external.SourceFileLoader objec...
           │    │     │          │               │            └ 'C:\\Users\\pedro\\Documents\\ERGONDATA\\KMM\\src\\bots\\jmendes\\worker.py'
           │    │     │          │               └ None
           │    │     │          └ ''
           │    │     └ False
           │    └ <function PyDB._exec at 0x0000024EE428A320>
           └ <__main__.PyDB object at 0x0000024EE43ED600>

  File "C:\Program Files\JetBrains\PyCharm 2025.3\plugins\python-ce\helpers\pydev\pydevd.py", line 1647, in _exec
    pydev_imports.execfile(file, globals, locals)  # execute the script
    │             │        │     │        └ {'__name__': '__main__', '__doc__': None, '__package__': '', '__loader__': <_frozen_importlib_external.SourceFileLoader objec...
    │             │        │     └ {'__name__': '__main__', '__doc__': None, '__package__': '', '__loader__': <_frozen_importlib_external.SourceFileLoader objec...
    │             │        └ 'C:\\Users\\pedro\\Documents\\ERGONDATA\\KMM\\src\\bots\\jmendes\\worker.py'
    │             └ <function execfile at 0x0000024EE419E3B0>
    └ <module '_pydev_bundle.pydev_imports' from 'C:\\Program Files\\JetBrains\\PyCharm 2025.3\\plugins\\python-ce\\helpers\\pydev\...

  File "C:\Program Files\JetBrains\PyCharm 2025.3\plugins\python-ce\helpers\pydev\_pydev_imps\_pydev_execfile.py", line 18, in execfile
    exec(compile(contents+"\n", file, 'exec'), glob, loc)
                 │              │              │     └ {'__name__': '__main__', '__doc__': None, '__package__': '', '__loader__': <_frozen_importlib_external.SourceFileLoader objec...
                 │              │              └ {'__name__': '__main__', '__doc__': None, '__package__': '', '__loader__': <_frozen_importlib_external.SourceFileLoader objec...
                 │              └ 'C:\\Users\\pedro\\Documents\\ERGONDATA\\KMM\\src\\bots\\jmendes\\worker.py'
                 └ 'import json\nimport pika\nimport os\nfrom dotenv import load_dotenv\nfrom src.bots.jmendes.kmm_process import process\nfrom ...

  File "C:\Users\pedro\Documents\ERGONDATA\KMM\src\bots\jmendes\worker.py", line 106, in <module>
    process_case()
    └ <function process_case at 0x0000024EE4461120>

> File "C:\Users\pedro\Documents\ERGONDATA\KMM\src\bots\jmendes\worker.py", line 35, in process_case
    process(
    └ <function process at 0x0000024EE4F96440>

  File "C:\Users\pedro\Documents\ERGONDATA\KMM\src\bots\jmendes\kmm_process.py", line 13, in process
    with KMMActions(service='JMendes') as kmm:
         │                                └ <kmm.services.kmm_actions.KMMActions object at 0x0000024EE5544820>
         └ <class 'kmm.services.kmm_actions.KMMActions'>

TypeError: 'KMMLoginError' object is not callable
2026-01-07 15:27:25 | INFO | kmm.services.kmm_actions:login | Iniciando login | {'service': 'JMendes'}
2026-01-07 15:29:45 | INFO | kmm.services.kmm_actions:login | Iniciando login | {'service': 'JMendes'}
2026-01-07 15:30:03 | INFO | kmm.services.kmm_actions:login | Fim do Login | {'service': 'JMendes'}
2026-01-07 15:30:03 | INFO | kmm.services.kmm_actions:quick_access | Acessando menu REPOMFRETEA via acesso rápido | {'service': 'JMendes'}
2026-01-07 15:30:11 | INFO | kmm.services.kmm_actions:quick_access | Fim do acesso rápido | {'service': 'JMendes'}
2026-01-07 15:44:12 | INFO | kmm.services.kmm_actions:login | Iniciando login | {'service': 'JMendes'}
2026-01-07 15:44:25 | INFO | kmm.services.kmm_actions:login | Fim do Login | {'service': 'JMendes'}
2026-01-07 15:44:25 | INFO | kmm.services.kmm_actions:quick_access | Acessando menu REPOMFRETEA via acesso rápido | {'service': 'JMendes'}
2026-01-07 15:44:33 | INFO | kmm.services.kmm_actions:quick_access | Fim do acesso rápido | {'service': 'JMendes'}
