2026-01-12 12:55:57 | ERROR | __main__:process_case | Falha ao obter os casos do banco de dados | {}
Traceback (most recent call last):

  File "C:\Users\rpa.belgo\Documents\Ergondata\KMM\.venv\lib\site-packages\sqlalchemy\engine\base.py", line 143, in __init__
    self._dbapi_connection = engine.raw_connection()
    │                        │      └ <function Engine.raw_connection at 0x0000025E3BF4E7A0>
    │                        └ Engine(mssql+pyodbc://admin_robo:***@10.88.10.103/Ergondata_Robo?driver=ODBC+Driver+17+for+SQL+Server)
    └ <sqlalchemy.engine.base.Connection object at 0x0000025E2F547D30>

  File "C:\Users\rpa.belgo\Documents\Ergondata\KMM\.venv\lib\site-packages\sqlalchemy\engine\base.py", line 3309, in raw_connection
    return self.pool.connect()
           │    │    └ <function Pool.connect at 0x0000025E3ABF0280>
           │    └ <sqlalchemy.pool.impl.QueuePool object at 0x0000025E3AE88070>
           └ Engine(mssql+pyodbc://admin_robo:***@10.88.10.103/Ergondata_Robo?driver=ODBC+Driver+17+for+SQL+Server)

  File "C:\Users\rpa.belgo\Documents\Ergondata\KMM\.venv\lib\site-packages\sqlalchemy\pool\base.py", line 447, in connect
    return _ConnectionFairy._checkout(self)
           │                │         └ <sqlalchemy.pool.impl.QueuePool object at 0x0000025E3AE88070>
           │                └ <classmethod(<function _ConnectionFairy._checkout at 0x0000025E3ABF1B40>)>
           └ <class 'sqlalchemy.pool.base._ConnectionFairy'>

  File "C:\Users\rpa.belgo\Documents\Ergondata\KMM\.venv\lib\site-packages\sqlalchemy\pool\base.py", line 1264, in _checkout
    fairy = _ConnectionRecord.checkout(pool)
            │                 │        └ <sqlalchemy.pool.impl.QueuePool object at 0x0000025E3AE88070>
            │                 └ <classmethod(<function _ConnectionRecord.checkout at 0x0000025E3ABF0CA0>)>
            └ <class 'sqlalchemy.pool.base._ConnectionRecord'>

  File "C:\Users\rpa.belgo\Documents\Ergondata\KMM\.venv\lib\site-packages\sqlalchemy\pool\base.py", line 711, in checkout
    rec = pool._do_get()
          │    └ <function QueuePool._do_get at 0x0000025E3ABB8A60>
          └ <sqlalchemy.pool.impl.QueuePool object at 0x0000025E3AE88070>

  File "C:\Users\rpa.belgo\Documents\Ergondata\KMM\.venv\lib\site-packages\sqlalchemy\pool\impl.py", line 177, in _do_get
    with util.safe_reraise():
         │    └ <class 'sqlalchemy.util.langhelpers.safe_reraise'>
         └ <module 'sqlalchemy.util' from 'C:\\Users\\rpa.belgo\\Documents\\Ergondata\\KMM\\.venv\\lib\\site-packages\\sqlalchemy\\util\...

  File "C:\Users\rpa.belgo\Documents\Ergondata\KMM\.venv\lib\site-packages\sqlalchemy\util\langhelpers.py", line 224, in __exit__
    raise exc_value.with_traceback(exc_tb)
          │         │              └ <traceback object at 0x0000025E3C87C300>
          │         └ <method 'with_traceback' of 'BaseException' objects>
          └ InterfaceError('IM002', '[IM002] [Microsoft][ODBC Driver Manager] Nome da fonte de dados não encontrado e nenhum driver padrã...

  File "C:\Users\rpa.belgo\Documents\Ergondata\KMM\.venv\lib\site-packages\sqlalchemy\pool\impl.py", line 175, in _do_get
    return self._create_connection()
           │    └ <function Pool._create_connection at 0x0000025E3ABF0040>
           └ <sqlalchemy.pool.impl.QueuePool object at 0x0000025E3AE88070>

  File "C:\Users\rpa.belgo\Documents\Ergondata\KMM\.venv\lib\site-packages\sqlalchemy\pool\base.py", line 388, in _create_connection
    return _ConnectionRecord(self)
           │                 └ <sqlalchemy.pool.impl.QueuePool object at 0x0000025E3AE88070>
           └ <class 'sqlalchemy.pool.base._ConnectionRecord'>

  File "C:\Users\rpa.belgo\Documents\Ergondata\KMM\.venv\lib\site-packages\sqlalchemy\pool\base.py", line 673, in __init__
    self.__connect()
    └ <sqlalchemy.pool.base._ConnectionRecord object at 0x0000025E3C838820>

  File "C:\Users\rpa.belgo\Documents\Ergondata\KMM\.venv\lib\site-packages\sqlalchemy\pool\base.py", line 899, in __connect
    with util.safe_reraise():
         │    └ <class 'sqlalchemy.util.langhelpers.safe_reraise'>
         └ <module 'sqlalchemy.util' from 'C:\\Users\\rpa.belgo\\Documents\\Ergondata\\KMM\\.venv\\lib\\site-packages\\sqlalchemy\\util\...

  File "C:\Users\rpa.belgo\Documents\Ergondata\KMM\.venv\lib\site-packages\sqlalchemy\util\langhelpers.py", line 224, in __exit__
    raise exc_value.with_traceback(exc_tb)
          │         │              └ <traceback object at 0x0000025E3C71DC40>
          │         └ <method 'with_traceback' of 'BaseException' objects>
          └ InterfaceError('IM002', '[IM002] [Microsoft][ODBC Driver Manager] Nome da fonte de dados não encontrado e nenhum driver padrã...

  File "C:\Users\rpa.belgo\Documents\Ergondata\KMM\.venv\lib\site-packages\sqlalchemy\pool\base.py", line 895, in __connect
    self.dbapi_connection = connection = pool._invoke_creator(self)
    │    │                               │    │               └ <sqlalchemy.pool.base._ConnectionRecord object at 0x0000025E3C838820>
    │    │                               │    └ <function create_engine.<locals>.connect at 0x0000025E3C720700>
    │    │                               └ <sqlalchemy.pool.impl.QueuePool object at 0x0000025E3AE88070>
    │    └ <member 'dbapi_connection' of '_ConnectionRecord' objects>
    └ <sqlalchemy.pool.base._ConnectionRecord object at 0x0000025E3C838820>

  File "C:\Users\rpa.belgo\Documents\Ergondata\KMM\.venv\lib\site-packages\sqlalchemy\engine\create.py", line 661, in connect
    return dialect.connect(*cargs, **cparams)
           │       │        │        └ {}
           │       │        └ ['DRIVER={ODBC Driver 17 for SQL Server};Server=10.88.10.103;Database=Ergondata_Robo;UID=admin_robo;PWD=Rk=@1+sM5X2*']
           │       └ <function DefaultDialect.connect at 0x0000025E3BEB41F0>
           └ <sqlalchemy.dialects.mssql.pyodbc.MSDialect_pyodbc object at 0x0000025E3AE88310>

  File "C:\Users\rpa.belgo\Documents\Ergondata\KMM\.venv\lib\site-packages\sqlalchemy\engine\default.py", line 630, in connect
    return self.loaded_dbapi.connect(*cargs, **cparams)  # type: ignore[no-any-return]  # NOQA: E501
           │    │            │        │        └ {}
           │    │            │        └ ('DRIVER={ODBC Driver 17 for SQL Server};Server=10.88.10.103;Database=Ergondata_Robo;UID=admin_robo;PWD=Rk=@1+sM5X2*',)
           │    │            └ <built-in function connect>
           │    └ <module 'pyodbc' from 'C:\\Users\\rpa.belgo\\Documents\\Ergondata\\KMM\\.venv\\lib\\site-packages\\pyodbc.cp310-win_amd64.pyd'>
           └ <sqlalchemy.dialects.mssql.pyodbc.MSDialect_pyodbc object at 0x0000025E3AE88310>

pyodbc.InterfaceError: ('IM002', '[IM002] [Microsoft][ODBC Driver Manager] Nome da fonte de dados não encontrado e nenhum driver padrão especificado (0) (SQLDriverConnect)')


The above exception was the direct cause of the following exception:


Traceback (most recent call last):

  File "C:\Program Files\JetBrains\PyCharm 2025.3.1.1\plugins\python-ce\helpers\pydev\pydevd.py", line 2391, in <module>
    main()
    └ <function main at 0x0000025E3A8FEB00>

  File "C:\Program Files\JetBrains\PyCharm 2025.3.1.1\plugins\python-ce\helpers\pydev\pydevd.py", line 2372, in main
    globals = debugger.run(setup['file'], None, None, is_module)
              │        │   │                          └ False
              │        │   └ {'port': 57658, 'vm_type': None, 'client': '127.0.0.1', 'server': False, 'DEBUG_RECORD_SOCKET_READS': False, 'multiproc': Fal...
              │        └ <function PyDB.run at 0x0000025E3A8FDAB0>
              └ <__main__.PyDB object at 0x0000025E3839FCA0>

  File "C:\Program Files\JetBrains\PyCharm 2025.3.1.1\plugins\python-ce\helpers\pydev\pydevd.py", line 1640, in run
    return self._exec(is_module, entry_point_fn, module_name, file, globals, locals)
           │    │     │          │               │            │     │        └ {'__name__': '__main__', '__doc__': None, '__package__': '', '__loader__': <_frozen_importlib_external.SourceFileLoader objec...
           │    │     │          │               │            │     └ {'__name__': '__main__', '__doc__': None, '__package__': '', '__loader__': <_frozen_importlib_external.SourceFileLoader objec...
           │    │     │          │               │            └ 'C:\\Users\\rpa.belgo\\Documents\\Ergondata\\KMM\\src\\bots\\jmendes\\worker.py'
           │    │     │          │               └ None
           │    │     │          └ ''
           │    │     └ False
           │    └ <function PyDB._exec at 0x0000025E3A8FDB40>
           └ <__main__.PyDB object at 0x0000025E3839FCA0>

  File "C:\Program Files\JetBrains\PyCharm 2025.3.1.1\plugins\python-ce\helpers\pydev\pydevd.py", line 1647, in _exec
    pydev_imports.execfile(file, globals, locals)  # execute the script
    │             │        │     │        └ {'__name__': '__main__', '__doc__': None, '__package__': '', '__loader__': <_frozen_importlib_external.SourceFileLoader objec...
    │             │        │     └ {'__name__': '__main__', '__doc__': None, '__package__': '', '__loader__': <_frozen_importlib_external.SourceFileLoader objec...
    │             │        └ 'C:\\Users\\rpa.belgo\\Documents\\Ergondata\\KMM\\src\\bots\\jmendes\\worker.py'
    │             └ <function execfile at 0x0000025E3A6D7A30>
    └ <module '_pydev_bundle.pydev_imports' from 'C:\\Program Files\\JetBrains\\PyCharm 2025.3.1.1\\plugins\\python-ce\\helpers\\py...

  File "C:\Program Files\JetBrains\PyCharm 2025.3.1.1\plugins\python-ce\helpers\pydev\_pydev_imps\_pydev_execfile.py", line 18, in execfile
    exec(compile(contents+"\n", file, 'exec'), glob, loc)
                 │              │              │     └ {'__name__': '__main__', '__doc__': None, '__package__': '', '__loader__': <_frozen_importlib_external.SourceFileLoader objec...
                 │              │              └ {'__name__': '__main__', '__doc__': None, '__package__': '', '__loader__': <_frozen_importlib_external.SourceFileLoader objec...
                 │              └ 'C:\\Users\\rpa.belgo\\Documents\\Ergondata\\KMM\\src\\bots\\jmendes\\worker.py'
                 └ 'import json\n# import pika\nimport os\nfrom dotenv import load_dotenv\nfrom src.bots.jmendes.kmm_process import process\nfro...

  File "C:\Users\rpa.belgo\Documents\Ergondata\KMM\src\bots\jmendes\worker.py", line 144, in <module>
    process_case()
    └ <function process_case at 0x0000025E3A90BBE0>

> File "C:\Users\rpa.belgo\Documents\Ergondata\KMM\src\bots\jmendes\worker.py", line 20, in process_case
    cases = db.get_data(
            │  └ <function DB.get_data at 0x0000025E3C7200D0>
            └ <src.shared.db_handler.db_handler.DB object at 0x0000025E39A15F00>

  File "C:\Users\rpa.belgo\Documents\Ergondata\KMM\src\shared\db_handler\db_handler.py", line 51, in get_data
    df = pd.read_sql(query, self.engine, params={"dt_min": dt_min})
         │  │        │      │    │                         └ datetime.datetime(2026, 1, 5, 12, 55, 57, 351273)
         │  │        │      │    └ Engine(mssql+pyodbc://admin_robo:***@10.88.10.103/Ergondata_Robo?driver=ODBC+Driver+17+for+SQL+Server)
         │  │        │      └ <src.shared.db_handler.db_handler.DB object at 0x0000025E39A15F00>
         │  │        └ <sqlalchemy.sql.elements.TextClause object at 0x0000025E39A15B40>
         │  └ <function read_sql at 0x0000025E3A292710>
         └ <module 'pandas' from 'C:\\Users\\rpa.belgo\\Documents\\Ergondata\\KMM\\.venv\\lib\\site-packages\\pandas\\__init__.py'>

  File "C:\Users\rpa.belgo\Documents\Ergondata\KMM\.venv\lib\site-packages\pandas\io\sql.py", line 706, in read_sql
    with pandasSQL_builder(con) as pandas_sql:
         │                 └ Engine(mssql+pyodbc://admin_robo:***@10.88.10.103/Ergondata_Robo?driver=ODBC+Driver+17+for+SQL+Server)
         └ <function pandasSQL_builder at 0x0000025E3A2928C0>

  File "C:\Users\rpa.belgo\Documents\Ergondata\KMM\.venv\lib\site-packages\pandas\io\sql.py", line 908, in pandasSQL_builder
    return SQLDatabase(con, schema, need_transaction)
           │           │    │       └ False
           │           │    └ None
           │           └ Engine(mssql+pyodbc://admin_robo:***@10.88.10.103/Ergondata_Robo?driver=ODBC+Driver+17+for+SQL+Server)
           └ <class 'pandas.io.sql.SQLDatabase'>

  File "C:\Users\rpa.belgo\Documents\Ergondata\KMM\.venv\lib\site-packages\pandas\io\sql.py", line 1648, in __init__
    con = self.exit_stack.enter_context(con.connect())
          │    │          │             │   └ <function Engine.connect at 0x0000025E3BF4E710>
          │    │          │             └ Engine(mssql+pyodbc://admin_robo:***@10.88.10.103/Ergondata_Robo?driver=ODBC+Driver+17+for+SQL+Server)
          │    │          └ <function _BaseExitStack.enter_context at 0x0000025E2FA2F520>
          │    └ <contextlib.ExitStack object at 0x0000025E2F5463E0>
          └ <pandas.io.sql.SQLDatabase object at 0x0000025E2F544B80>

  File "C:\Users\rpa.belgo\Documents\Ergondata\KMM\.venv\lib\site-packages\sqlalchemy\engine\base.py", line 3285, in connect
    return self._connection_cls(self)
           │    │               └ Engine(mssql+pyodbc://admin_robo:***@10.88.10.103/Ergondata_Robo?driver=ODBC+Driver+17+for+SQL+Server)
           │    └ <class 'sqlalchemy.engine.base.Connection'>
           └ Engine(mssql+pyodbc://admin_robo:***@10.88.10.103/Ergondata_Robo?driver=ODBC+Driver+17+for+SQL+Server)

  File "C:\Users\rpa.belgo\Documents\Ergondata\KMM\.venv\lib\site-packages\sqlalchemy\engine\base.py", line 145, in __init__
    Connection._handle_dbapi_exception_noconnection(
    │          └ <classmethod(<function Connection._handle_dbapi_exception_noconnection at 0x0000025E3BF4C820>)>
    └ <class 'sqlalchemy.engine.base.Connection'>

  File "C:\Users\rpa.belgo\Documents\Ergondata\KMM\.venv\lib\site-packages\sqlalchemy\engine\base.py", line 2448, in _handle_dbapi_exception_noconnection
    raise sqlalchemy_exception.with_traceback(exc_info[2]) from e
          │                    │              │                 └ InterfaceError('IM002', '[IM002] [Microsoft][ODBC Driver Manager] Nome da fonte de dados não encontrado e nenhum driver padrã...
          │                    │              └ (<class 'pyodbc.InterfaceError'>, InterfaceError('IM002', '[IM002] [Microsoft][ODBC Driver Manager] Nome da fonte de dados nã...
          │                    └ <method 'with_traceback' of 'BaseException' objects>
          └ InterfaceError("(pyodbc.InterfaceError) ('IM002', '[IM002] [Microsoft][ODBC Driver Manager] Nome da fonte de dados não encont...

  File "C:\Users\rpa.belgo\Documents\Ergondata\KMM\.venv\lib\site-packages\sqlalchemy\engine\base.py", line 143, in __init__
    self._dbapi_connection = engine.raw_connection()
    │                        │      └ <function Engine.raw_connection at 0x0000025E3BF4E7A0>
    │                        └ Engine(mssql+pyodbc://admin_robo:***@10.88.10.103/Ergondata_Robo?driver=ODBC+Driver+17+for+SQL+Server)
    └ <sqlalchemy.engine.base.Connection object at 0x0000025E2F547D30>

  File "C:\Users\rpa.belgo\Documents\Ergondata\KMM\.venv\lib\site-packages\sqlalchemy\engine\base.py", line 3309, in raw_connection
    return self.pool.connect()
           │    │    └ <function Pool.connect at 0x0000025E3ABF0280>
           │    └ <sqlalchemy.pool.impl.QueuePool object at 0x0000025E3AE88070>
           └ Engine(mssql+pyodbc://admin_robo:***@10.88.10.103/Ergondata_Robo?driver=ODBC+Driver+17+for+SQL+Server)

  File "C:\Users\rpa.belgo\Documents\Ergondata\KMM\.venv\lib\site-packages\sqlalchemy\pool\base.py", line 447, in connect
    return _ConnectionFairy._checkout(self)
           │                │         └ <sqlalchemy.pool.impl.QueuePool object at 0x0000025E3AE88070>
           │                └ <classmethod(<function _ConnectionFairy._checkout at 0x0000025E3ABF1B40>)>
           └ <class 'sqlalchemy.pool.base._ConnectionFairy'>

  File "C:\Users\rpa.belgo\Documents\Ergondata\KMM\.venv\lib\site-packages\sqlalchemy\pool\base.py", line 1264, in _checkout
    fairy = _ConnectionRecord.checkout(pool)
            │                 │        └ <sqlalchemy.pool.impl.QueuePool object at 0x0000025E3AE88070>
            │                 └ <classmethod(<function _ConnectionRecord.checkout at 0x0000025E3ABF0CA0>)>
            └ <class 'sqlalchemy.pool.base._ConnectionRecord'>

  File "C:\Users\rpa.belgo\Documents\Ergondata\KMM\.venv\lib\site-packages\sqlalchemy\pool\base.py", line 711, in checkout
    rec = pool._do_get()
          │    └ <function QueuePool._do_get at 0x0000025E3ABB8A60>
          └ <sqlalchemy.pool.impl.QueuePool object at 0x0000025E3AE88070>

  File "C:\Users\rpa.belgo\Documents\Ergondata\KMM\.venv\lib\site-packages\sqlalchemy\pool\impl.py", line 177, in _do_get
    with util.safe_reraise():
         │    └ <class 'sqlalchemy.util.langhelpers.safe_reraise'>
         └ <module 'sqlalchemy.util' from 'C:\\Users\\rpa.belgo\\Documents\\Ergondata\\KMM\\.venv\\lib\\site-packages\\sqlalchemy\\util\...

  File "C:\Users\rpa.belgo\Documents\Ergondata\KMM\.venv\lib\site-packages\sqlalchemy\util\langhelpers.py", line 224, in __exit__
    raise exc_value.with_traceback(exc_tb)
          │         │              └ <traceback object at 0x0000025E3C87C300>
          │         └ <method 'with_traceback' of 'BaseException' objects>
          └ InterfaceError('IM002', '[IM002] [Microsoft][ODBC Driver Manager] Nome da fonte de dados não encontrado e nenhum driver padrã...

  File "C:\Users\rpa.belgo\Documents\Ergondata\KMM\.venv\lib\site-packages\sqlalchemy\pool\impl.py", line 175, in _do_get
    return self._create_connection()
           │    └ <function Pool._create_connection at 0x0000025E3ABF0040>
           └ <sqlalchemy.pool.impl.QueuePool object at 0x0000025E3AE88070>

  File "C:\Users\rpa.belgo\Documents\Ergondata\KMM\.venv\lib\site-packages\sqlalchemy\pool\base.py", line 388, in _create_connection
    return _ConnectionRecord(self)
           │                 └ <sqlalchemy.pool.impl.QueuePool object at 0x0000025E3AE88070>
           └ <class 'sqlalchemy.pool.base._ConnectionRecord'>

  File "C:\Users\rpa.belgo\Documents\Ergondata\KMM\.venv\lib\site-packages\sqlalchemy\pool\base.py", line 673, in __init__
    self.__connect()
    └ <sqlalchemy.pool.base._ConnectionRecord object at 0x0000025E3C838820>

  File "C:\Users\rpa.belgo\Documents\Ergondata\KMM\.venv\lib\site-packages\sqlalchemy\pool\base.py", line 899, in __connect
    with util.safe_reraise():
         │    └ <class 'sqlalchemy.util.langhelpers.safe_reraise'>
         └ <module 'sqlalchemy.util' from 'C:\\Users\\rpa.belgo\\Documents\\Ergondata\\KMM\\.venv\\lib\\site-packages\\sqlalchemy\\util\...

  File "C:\Users\rpa.belgo\Documents\Ergondata\KMM\.venv\lib\site-packages\sqlalchemy\util\langhelpers.py", line 224, in __exit__
    raise exc_value.with_traceback(exc_tb)
          │         │              └ <traceback object at 0x0000025E3C71DC40>
          │         └ <method 'with_traceback' of 'BaseException' objects>
          └ InterfaceError('IM002', '[IM002] [Microsoft][ODBC Driver Manager] Nome da fonte de dados não encontrado e nenhum driver padrã...

  File "C:\Users\rpa.belgo\Documents\Ergondata\KMM\.venv\lib\site-packages\sqlalchemy\pool\base.py", line 895, in __connect
    self.dbapi_connection = connection = pool._invoke_creator(self)
    │    │                               │    │               └ <sqlalchemy.pool.base._ConnectionRecord object at 0x0000025E3C838820>
    │    │                               │    └ <function create_engine.<locals>.connect at 0x0000025E3C720700>
    │    │                               └ <sqlalchemy.pool.impl.QueuePool object at 0x0000025E3AE88070>
    │    └ <member 'dbapi_connection' of '_ConnectionRecord' objects>
    └ <sqlalchemy.pool.base._ConnectionRecord object at 0x0000025E3C838820>

  File "C:\Users\rpa.belgo\Documents\Ergondata\KMM\.venv\lib\site-packages\sqlalchemy\engine\create.py", line 661, in connect
    return dialect.connect(*cargs, **cparams)
           │       │        │        └ {}
           │       │        └ ['DRIVER={ODBC Driver 17 for SQL Server};Server=10.88.10.103;Database=Ergondata_Robo;UID=admin_robo;PWD=Rk=@1+sM5X2*']
           │       └ <function DefaultDialect.connect at 0x0000025E3BEB41F0>
           └ <sqlalchemy.dialects.mssql.pyodbc.MSDialect_pyodbc object at 0x0000025E3AE88310>

  File "C:\Users\rpa.belgo\Documents\Ergondata\KMM\.venv\lib\site-packages\sqlalchemy\engine\default.py", line 630, in connect
    return self.loaded_dbapi.connect(*cargs, **cparams)  # type: ignore[no-any-return]  # NOQA: E501
           │    │            │        │        └ {}
           │    │            │        └ ('DRIVER={ODBC Driver 17 for SQL Server};Server=10.88.10.103;Database=Ergondata_Robo;UID=admin_robo;PWD=Rk=@1+sM5X2*',)
           │    │            └ <built-in function connect>
           │    └ <module 'pyodbc' from 'C:\\Users\\rpa.belgo\\Documents\\Ergondata\\KMM\\.venv\\lib\\site-packages\\pyodbc.cp310-win_amd64.pyd'>
           └ <sqlalchemy.dialects.mssql.pyodbc.MSDialect_pyodbc object at 0x0000025E3AE88310>

sqlalchemy.exc.InterfaceError: (pyodbc.InterfaceError) ('IM002', '[IM002] [Microsoft][ODBC Driver Manager] Nome da fonte de dados não encontrado e nenhum driver padrão especificado (0) (SQLDriverConnect)')
(Background on this error at: https://sqlalche.me/e/20/rvf5)
2026-01-12 13:45:54 | ERROR | __main__:process_case | Falha não mapeada. Erro Message: 'IEDriverServer.exe' executable needs to be in PATH. Please download from http://selenium-release.storage.googleapis.com/index.html and read up at https://github.com/SeleniumHQ/selenium/wiki/InternetExplorerDriver
 | {}
Traceback (most recent call last):

  File "C:\Users\rpa.belgo\Documents\Ergondata\KMM\.venv\lib\site-packages\selenium\webdriver\common\service.py", line 72, in start
    self.process = subprocess.Popen(cmd, env=self.env,
    │              │          │     │        │    └ environ({'ALLUSERSPROFILE': 'C:\\ProgramData', 'APPDATA': 'C:\\Users\\rpa.belgo\\AppData\\Roaming', 'CLIENTNAME': 'EC2AMAZ-7M...
    │              │          │     │        └ <selenium.webdriver.ie.service.Service object at 0x0000022AE415BD60>
    │              │          │     └ ['C:\\IEDriverServer.exe', '--port=57800']
    │              │          └ <class 'subprocess.Popen'>
    │              └ <module 'subprocess' from 'C:\\Users\\rpa.belgo\\AppData\\Roaming\\uv\\python\\cpython-3.10.19-windows-x86_64-none\\lib\\subp...
    └ <selenium.webdriver.ie.service.Service object at 0x0000022AE415BD60>

  File "C:\Users\rpa.belgo\AppData\Roaming\uv\python\cpython-3.10.19-windows-x86_64-none\lib\subprocess.py", line 971, in __init__
    self._execute_child(args, executable, preexec_fn, close_fds,
    │    │              │     │           │           └ False
    │    │              │     │           └ None
    │    │              │     └ None
    │    │              └ ['C:\\IEDriverServer.exe', '--port=57800']
    │    └ <function Popen._execute_child at 0x0000022ADE709240>
    └ <Popen: returncode: None args: ['C:\\IEDriverServer.exe', '--port=57800']>

  File "C:\Users\rpa.belgo\AppData\Roaming\uv\python\cpython-3.10.19-windows-x86_64-none\lib\subprocess.py", line 1456, in _execute_child
    hp, ht, pid, tid = _winapi.CreateProcess(executable, args,
                       │       │             │           └ 'C:\\IEDriverServer.exe --port=57800'
                       │       │             └ None
                       │       └ <function create_CreateProcess.<locals>.new_CreateProcess at 0x0000022AE30ED900>
                       └ <module '_winapi' (built-in)>

  File "C:\Program Files\JetBrains\PyCharm 2025.3.1.1\plugins\python-ce\helpers\pydev\_pydev_bundle\pydev_monkey.py", line 634, in new_CreateProcess
    return getattr(_subprocess, original_name)(app_name, patch_arg_str_win(cmd_line), *args)
                   │            │              │         │                 │           └ (None, None, 1, 0, environ({'ALLUSERSPROFILE': 'C:\\ProgramData', 'APPDATA': 'C:\\Users\\rpa.belgo\\AppData\\Roaming', 'CLIEN...
                   │            │              │         │                 └ 'C:\\IEDriverServer.exe --port=57800'
                   │            │              │         └ <function patch_arg_str_win at 0x0000022AE2E81090>
                   │            │              └ None
                   │            └ 'original_CreateProcess'
                   └ <module '_winapi' (built-in)>

FileNotFoundError: [WinError 2] O sistema não pode encontrar o arquivo especificado


During handling of the above exception, another exception occurred:


Traceback (most recent call last):

  File "C:\Program Files\JetBrains\PyCharm 2025.3.1.1\plugins\python-ce\helpers\pydev\pydevd.py", line 2391, in <module>
    main()
    └ <function main at 0x0000022AE30E7D90>

  File "C:\Program Files\JetBrains\PyCharm 2025.3.1.1\plugins\python-ce\helpers\pydev\pydevd.py", line 2372, in main
    globals = debugger.run(setup['file'], None, None, is_module)
              │        │   │                          └ False
              │        │   └ {'port': 57795, 'vm_type': None, 'client': '127.0.0.1', 'server': False, 'DEBUG_RECORD_SOCKET_READS': False, 'multiproc': Fal...
              │        └ <function PyDB.run at 0x0000022AE30E6D40>
              └ <__main__.PyDB object at 0x0000022AE30B9600>

  File "C:\Program Files\JetBrains\PyCharm 2025.3.1.1\plugins\python-ce\helpers\pydev\pydevd.py", line 1640, in run
    return self._exec(is_module, entry_point_fn, module_name, file, globals, locals)
           │    │     │          │               │            │     │        └ {'__name__': '__main__', '__doc__': None, '__package__': '', '__loader__': <_frozen_importlib_external.SourceFileLoader objec...
           │    │     │          │               │            │     └ {'__name__': '__main__', '__doc__': None, '__package__': '', '__loader__': <_frozen_importlib_external.SourceFileLoader objec...
           │    │     │          │               │            └ 'C:\\Users\\rpa.belgo\\Documents\\Ergondata\\KMM\\src\\bots\\jmendes\\worker.py'
           │    │     │          │               └ None
           │    │     │          └ ''
           │    │     └ False
           │    └ <function PyDB._exec at 0x0000022AE30E6DD0>
           └ <__main__.PyDB object at 0x0000022AE30B9600>

  File "C:\Program Files\JetBrains\PyCharm 2025.3.1.1\plugins\python-ce\helpers\pydev\pydevd.py", line 1647, in _exec
    pydev_imports.execfile(file, globals, locals)  # execute the script
    │             │        │     │        └ {'__name__': '__main__', '__doc__': None, '__package__': '', '__loader__': <_frozen_importlib_external.SourceFileLoader objec...
    │             │        │     └ {'__name__': '__main__', '__doc__': None, '__package__': '', '__loader__': <_frozen_importlib_external.SourceFileLoader objec...
    │             │        └ 'C:\\Users\\rpa.belgo\\Documents\\Ergondata\\KMM\\src\\bots\\jmendes\\worker.py'
    │             └ <function execfile at 0x0000022AE2E83130>
    └ <module '_pydev_bundle.pydev_imports' from 'C:\\Program Files\\JetBrains\\PyCharm 2025.3.1.1\\plugins\\python-ce\\helpers\\py...

  File "C:\Program Files\JetBrains\PyCharm 2025.3.1.1\plugins\python-ce\helpers\pydev\_pydev_imps\_pydev_execfile.py", line 18, in execfile
    exec(compile(contents+"\n", file, 'exec'), glob, loc)
                 │              │              │     └ {'__name__': '__main__', '__doc__': None, '__package__': '', '__loader__': <_frozen_importlib_external.SourceFileLoader objec...
                 │              │              └ {'__name__': '__main__', '__doc__': None, '__package__': '', '__loader__': <_frozen_importlib_external.SourceFileLoader objec...
                 │              └ 'C:\\Users\\rpa.belgo\\Documents\\Ergondata\\KMM\\src\\bots\\jmendes\\worker.py'
                 └ 'import json\n# import pika\nimport os\nfrom dotenv import load_dotenv\nfrom src.bots.jmendes.kmm_process import process\nfro...

  File "C:\Users\rpa.belgo\Documents\Ergondata\KMM\src\bots\jmendes\worker.py", line 144, in <module>
    process_case()
    └ <function process_case at 0x0000022AE31255A0>

> File "C:\Users\rpa.belgo\Documents\Ergondata\KMM\src\bots\jmendes\worker.py", line 37, in process_case
    processed = process(
                └ <function process at 0x0000022AE316CB80>

  File "C:\Users\rpa.belgo\Documents\Ergondata\KMM\src\bots\jmendes\kmm_process.py", line 13, in process
    with KMMActions(service='JMendes') as kmm:
         └ <class 'kmm.services.kmm_actions.KMMActions'>

  File "C:\Users\rpa.belgo\Documents\Ergondata\KMM\src\kmm\services\kmm_actions.py", line 38, in __enter__
    self.start()
    │    └ <function KMMActions.start at 0x0000022AE3B277F0>
    └ <kmm.services.kmm_actions.KMMActions object at 0x0000022AE41598D0>

  File "C:\Users\rpa.belgo\Documents\Ergondata\KMM\src\kmm\services\kmm_actions.py", line 29, in start
    self.driver.start()
    │    │      └ <function KMMIEDriver.start at 0x0000022AE3A3F130>
    │    └ <kmm.ie_driver.ie_driver.KMMIEDriver object at 0x0000022AE4159750>
    └ <kmm.services.kmm_actions.KMMActions object at 0x0000022AE41598D0>

  File "C:\Users\rpa.belgo\Documents\Ergondata\KMM\src\kmm\ie_driver\ie_driver.py", line 106, in wrapped
    return object.__getattribute__(self, "_call_with_watchdog")(name, attr, *args, **kwargs)
                                   │                            │     │      │       └ {}
                                   │                            │     │      └ ()
                                   │                            │     └ <bound method KMMIEDriver.start of <kmm.ie_driver.ie_driver.KMMIEDriver object at 0x0000022AE4159750>>
                                   │                            └ 'start'
                                   └ <kmm.ie_driver.ie_driver.KMMIEDriver object at 0x0000022AE4159750>

  File "C:\Users\rpa.belgo\Documents\Ergondata\KMM\src\kmm\ie_driver\ie_driver.py", line 150, in _call_with_watchdog
    raise result_box["exc"]
          └ {'value': None, 'exc': WebDriverException("'IEDriverServer.exe' executable needs to be in PATH. Please download from http://s...

  File "C:\Users\rpa.belgo\Documents\Ergondata\KMM\src\kmm\ie_driver\ie_driver.py", line 127, in runner
    result_box["value"] = fn(*args, **kwargs)
    │                     │   │       └ {}
    │                     │   └ ()
    │                     └ <bound method KMMIEDriver.start of <kmm.ie_driver.ie_driver.KMMIEDriver object at 0x0000022AE4159750>>
    └ {'value': None, 'exc': WebDriverException("'IEDriverServer.exe' executable needs to be in PATH. Please download from http://s...

  File "C:\Users\rpa.belgo\Documents\Ergondata\KMM\src\kmm\ie_driver\ie_driver.py", line 187, in start
    self._driver = webdriver.Ie(
    │    │         │         └ <class 'selenium.webdriver.ie.webdriver.WebDriver'>
    │    │         └ <module 'selenium.webdriver' from 'C:\\Users\\rpa.belgo\\Documents\\Ergondata\\KMM\\.venv\\lib\\site-packages\\selenium\\webd...
    │    └ None
    └ <kmm.ie_driver.ie_driver.KMMIEDriver object at 0x0000022AE4159750>

  File "C:\Users\rpa.belgo\Documents\Ergondata\KMM\.venv\lib\site-packages\selenium\webdriver\ie\webdriver.py", line 91, in __init__
    self.iedriver.start()
    │    │        └ <function Service.start at 0x0000022AE39D6D40>
    │    └ <selenium.webdriver.ie.service.Service object at 0x0000022AE415BD60>
    └ <unprintable WebDriver object>

  File "C:\Users\rpa.belgo\Documents\Ergondata\KMM\.venv\lib\site-packages\selenium\webdriver\common\service.py", line 81, in start
    raise WebDriverException(
          └ <class 'selenium.common.exceptions.WebDriverException'>

selenium.common.exceptions.WebDriverException: Message: 'IEDriverServer.exe' executable needs to be in PATH. Please download from http://selenium-release.storage.googleapis.com/index.html and read up at https://github.com/SeleniumHQ/selenium/wiki/InternetExplorerDriver

2026-01-12 13:46:36 | ERROR | __main__:process_case | Falha não mapeada. Erro Message: 'IEDriverServer.exe' executable needs to be in PATH. Please download from http://selenium-release.storage.googleapis.com/index.html and read up at https://github.com/SeleniumHQ/selenium/wiki/InternetExplorerDriver
 | {}
Traceback (most recent call last):

  File "C:\Users\rpa.belgo\Documents\Ergondata\KMM\.venv\lib\site-packages\selenium\webdriver\common\service.py", line 72, in start
    self.process = subprocess.Popen(cmd, env=self.env,
    │              │          │     │        │    └ environ({'ALLUSERSPROFILE': 'C:\\ProgramData', 'APPDATA': 'C:\\Users\\rpa.belgo\\AppData\\Roaming', 'CLIENTNAME': 'EC2AMAZ-7M...
    │              │          │     │        └ <selenium.webdriver.ie.service.Service object at 0x0000025E3FDD07C0>
    │              │          │     └ ['C:\\IEDriverServer.exe', '--port=57808']
    │              │          └ <class 'subprocess.Popen'>
    │              └ <module 'subprocess' from 'C:\\Users\\rpa.belgo\\AppData\\Roaming\\uv\\python\\cpython-3.10.19-windows-x86_64-none\\lib\\subp...
    └ <selenium.webdriver.ie.service.Service object at 0x0000025E3FDD07C0>

  File "C:\Users\rpa.belgo\AppData\Roaming\uv\python\cpython-3.10.19-windows-x86_64-none\lib\subprocess.py", line 971, in __init__
    self._execute_child(args, executable, preexec_fn, close_fds,
    │    │              │     │           │           └ False
    │    │              │     │           └ None
    │    │              │     └ None
    │    │              └ ['C:\\IEDriverServer.exe', '--port=57808']
    │    └ <function Popen._execute_child at 0x0000025E3A449240>
    └ <Popen: returncode: None args: ['C:\\IEDriverServer.exe', '--port=57808']>

  File "C:\Users\rpa.belgo\AppData\Roaming\uv\python\cpython-3.10.19-windows-x86_64-none\lib\subprocess.py", line 1456, in _execute_child
    hp, ht, pid, tid = _winapi.CreateProcess(executable, args,
                       │       │             │           └ 'C:\\IEDriverServer.exe --port=57808'
                       │       │             └ None
                       │       └ <function create_CreateProcess.<locals>.new_CreateProcess at 0x0000025E3EEDD900>
                       └ <module '_winapi' (built-in)>

  File "C:\Program Files\JetBrains\PyCharm 2025.3.1.1\plugins\python-ce\helpers\pydev\_pydev_bundle\pydev_monkey.py", line 634, in new_CreateProcess
    return getattr(_subprocess, original_name)(app_name, patch_arg_str_win(cmd_line), *args)
                   │            │              │         │                 │           └ (None, None, 1, 0, environ({'ALLUSERSPROFILE': 'C:\\ProgramData', 'APPDATA': 'C:\\Users\\rpa.belgo\\AppData\\Roaming', 'CLIEN...
                   │            │              │         │                 └ 'C:\\IEDriverServer.exe --port=57808'
                   │            │              │         └ <function patch_arg_str_win at 0x0000025E3EC71090>
                   │            │              └ None
                   │            └ 'original_CreateProcess'
                   └ <module '_winapi' (built-in)>

FileNotFoundError: [WinError 2] O sistema não pode encontrar o arquivo especificado


During handling of the above exception, another exception occurred:


Traceback (most recent call last):

  File "C:\Program Files\JetBrains\PyCharm 2025.3.1.1\plugins\python-ce\helpers\pydev\pydevd.py", line 2391, in <module>
    main()
    └ <function main at 0x0000025E3EED7D90>

  File "C:\Program Files\JetBrains\PyCharm 2025.3.1.1\plugins\python-ce\helpers\pydev\pydevd.py", line 2372, in main
    globals = debugger.run(setup['file'], None, None, is_module)
              │        │   │                          └ False
              │        │   └ {'port': 57804, 'vm_type': None, 'client': '127.0.0.1', 'server': False, 'DEBUG_RECORD_SOCKET_READS': False, 'multiproc': Fal...
              │        └ <function PyDB.run at 0x0000025E3EED6D40>
              └ <__main__.PyDB object at 0x0000025E3EEA9600>

  File "C:\Program Files\JetBrains\PyCharm 2025.3.1.1\plugins\python-ce\helpers\pydev\pydevd.py", line 1640, in run
    return self._exec(is_module, entry_point_fn, module_name, file, globals, locals)
           │    │     │          │               │            │     │        └ {'__name__': '__main__', '__doc__': None, '__package__': '', '__loader__': <_frozen_importlib_external.SourceFileLoader objec...
           │    │     │          │               │            │     └ {'__name__': '__main__', '__doc__': None, '__package__': '', '__loader__': <_frozen_importlib_external.SourceFileLoader objec...
           │    │     │          │               │            └ 'C:\\Users\\rpa.belgo\\Documents\\Ergondata\\KMM\\src\\bots\\jmendes\\worker.py'
           │    │     │          │               └ None
           │    │     │          └ ''
           │    │     └ False
           │    └ <function PyDB._exec at 0x0000025E3EED6DD0>
           └ <__main__.PyDB object at 0x0000025E3EEA9600>

  File "C:\Program Files\JetBrains\PyCharm 2025.3.1.1\plugins\python-ce\helpers\pydev\pydevd.py", line 1647, in _exec
    pydev_imports.execfile(file, globals, locals)  # execute the script
    │             │        │     │        └ {'__name__': '__main__', '__doc__': None, '__package__': '', '__loader__': <_frozen_importlib_external.SourceFileLoader objec...
    │             │        │     └ {'__name__': '__main__', '__doc__': None, '__package__': '', '__loader__': <_frozen_importlib_external.SourceFileLoader objec...
    │             │        └ 'C:\\Users\\rpa.belgo\\Documents\\Ergondata\\KMM\\src\\bots\\jmendes\\worker.py'
    │             └ <function execfile at 0x0000025E3EC73130>
    └ <module '_pydev_bundle.pydev_imports' from 'C:\\Program Files\\JetBrains\\PyCharm 2025.3.1.1\\plugins\\python-ce\\helpers\\py...

  File "C:\Program Files\JetBrains\PyCharm 2025.3.1.1\plugins\python-ce\helpers\pydev\_pydev_imps\_pydev_execfile.py", line 18, in execfile
    exec(compile(contents+"\n", file, 'exec'), glob, loc)
                 │              │              │     └ {'__name__': '__main__', '__doc__': None, '__package__': '', '__loader__': <_frozen_importlib_external.SourceFileLoader objec...
                 │              │              └ {'__name__': '__main__', '__doc__': None, '__package__': '', '__loader__': <_frozen_importlib_external.SourceFileLoader objec...
                 │              └ 'C:\\Users\\rpa.belgo\\Documents\\Ergondata\\KMM\\src\\bots\\jmendes\\worker.py'
                 └ 'import json\n# import pika\nimport os\nfrom dotenv import load_dotenv\nfrom src.bots.jmendes.kmm_process import process\nfro...

  File "C:\Users\rpa.belgo\Documents\Ergondata\KMM\src\bots\jmendes\worker.py", line 144, in <module>
    process_case()
    └ <function process_case at 0x0000025E3EF15480>

> File "C:\Users\rpa.belgo\Documents\Ergondata\KMM\src\bots\jmendes\worker.py", line 37, in process_case
    processed = process(
                └ <function process at 0x0000025E3EF5CA60>

  File "C:\Users\rpa.belgo\Documents\Ergondata\KMM\src\bots\jmendes\kmm_process.py", line 13, in process
    with KMMActions(service='JMendes') as kmm:
         └ <class 'kmm.services.kmm_actions.KMMActions'>

  File "C:\Users\rpa.belgo\Documents\Ergondata\KMM\src\kmm\services\kmm_actions.py", line 38, in __enter__
    self.start()
    │    └ <function KMMActions.start at 0x0000025E3F91B760>
    └ <kmm.services.kmm_actions.KMMActions object at 0x0000025E3FEE1CC0>

  File "C:\Users\rpa.belgo\Documents\Ergondata\KMM\src\kmm\services\kmm_actions.py", line 29, in start
    self.driver.start()
    │    │      └ <function KMMIEDriver.start at 0x0000025E3F833010>
    │    └ <kmm.ie_driver.ie_driver.KMMIEDriver object at 0x0000025E3FEE1BA0>
    └ <kmm.services.kmm_actions.KMMActions object at 0x0000025E3FEE1CC0>

  File "C:\Users\rpa.belgo\Documents\Ergondata\KMM\src\kmm\ie_driver\ie_driver.py", line 106, in wrapped
    return object.__getattribute__(self, "_call_with_watchdog")(name, attr, *args, **kwargs)
                                   │                            │     │      │       └ {}
                                   │                            │     │      └ ()
                                   │                            │     └ <bound method KMMIEDriver.start of <kmm.ie_driver.ie_driver.KMMIEDriver object at 0x0000025E3FEE1BA0>>
                                   │                            └ 'start'
                                   └ <kmm.ie_driver.ie_driver.KMMIEDriver object at 0x0000025E3FEE1BA0>

  File "C:\Users\rpa.belgo\Documents\Ergondata\KMM\src\kmm\ie_driver\ie_driver.py", line 150, in _call_with_watchdog
    raise result_box["exc"]
          └ {'value': None, 'exc': WebDriverException("'IEDriverServer.exe' executable needs to be in PATH. Please download from http://s...

  File "C:\Users\rpa.belgo\Documents\Ergondata\KMM\src\kmm\ie_driver\ie_driver.py", line 127, in runner
    result_box["value"] = fn(*args, **kwargs)
    │                     │   │       └ {}
    │                     │   └ ()
    │                     └ <bound method KMMIEDriver.start of <kmm.ie_driver.ie_driver.KMMIEDriver object at 0x0000025E3FEE1BA0>>
    └ {'value': None, 'exc': WebDriverException("'IEDriverServer.exe' executable needs to be in PATH. Please download from http://s...

  File "C:\Users\rpa.belgo\Documents\Ergondata\KMM\src\kmm\ie_driver\ie_driver.py", line 187, in start
    self._driver = webdriver.Ie(
    │    │         │         └ <class 'selenium.webdriver.ie.webdriver.WebDriver'>
    │    │         └ <module 'selenium.webdriver' from 'C:\\Users\\rpa.belgo\\Documents\\Ergondata\\KMM\\.venv\\lib\\site-packages\\selenium\\webd...
    │    └ None
    └ <kmm.ie_driver.ie_driver.KMMIEDriver object at 0x0000025E3FEE1BA0>

  File "C:\Users\rpa.belgo\Documents\Ergondata\KMM\.venv\lib\site-packages\selenium\webdriver\ie\webdriver.py", line 91, in __init__
    self.iedriver.start()
    │    │        └ <function Service.start at 0x0000025E3F7CAC20>
    │    └ <selenium.webdriver.ie.service.Service object at 0x0000025E3FDD07C0>
    └ <unprintable WebDriver object>

  File "C:\Users\rpa.belgo\Documents\Ergondata\KMM\.venv\lib\site-packages\selenium\webdriver\common\service.py", line 81, in start
    raise WebDriverException(
          └ <class 'selenium.common.exceptions.WebDriverException'>

selenium.common.exceptions.WebDriverException: Message: 'IEDriverServer.exe' executable needs to be in PATH. Please download from http://selenium-release.storage.googleapis.com/index.html and read up at https://github.com/SeleniumHQ/selenium/wiki/InternetExplorerDriver

2026-01-12 13:48:26 | ERROR | __main__:process_case | Falha não mapeada. Erro Message: Unexpected error launching Internet Explorer. IELaunchURL() returned HRESULT 80070012 ('Não existem mais arquivos.') for URL 'http://localhost:57813/'
 | {}
Traceback (most recent call last):

  File "C:\Program Files\JetBrains\PyCharm 2025.3.1.1\plugins\python-ce\helpers\pydev\pydevd.py", line 2391, in <module>
    main()
    └ <function main at 0x0000026711B67D90>

  File "C:\Program Files\JetBrains\PyCharm 2025.3.1.1\plugins\python-ce\helpers\pydev\pydevd.py", line 2372, in main
    globals = debugger.run(setup['file'], None, None, is_module)
              │        │   │                          └ False
              │        │   └ {'port': 57809, 'vm_type': None, 'client': '127.0.0.1', 'server': False, 'DEBUG_RECORD_SOCKET_READS': False, 'multiproc': Fal...
              │        └ <function PyDB.run at 0x0000026711B66D40>
              └ <__main__.PyDB object at 0x0000026711B39600>

  File "C:\Program Files\JetBrains\PyCharm 2025.3.1.1\plugins\python-ce\helpers\pydev\pydevd.py", line 1640, in run
    return self._exec(is_module, entry_point_fn, module_name, file, globals, locals)
           │    │     │          │               │            │     │        └ {'__name__': '__main__', '__doc__': None, '__package__': '', '__loader__': <_frozen_importlib_external.SourceFileLoader objec...
           │    │     │          │               │            │     └ {'__name__': '__main__', '__doc__': None, '__package__': '', '__loader__': <_frozen_importlib_external.SourceFileLoader objec...
           │    │     │          │               │            └ 'C:\\Users\\rpa.belgo\\Documents\\Ergondata\\KMM\\src\\bots\\jmendes\\worker.py'
           │    │     │          │               └ None
           │    │     │          └ ''
           │    │     └ False
           │    └ <function PyDB._exec at 0x0000026711B66DD0>
           └ <__main__.PyDB object at 0x0000026711B39600>

  File "C:\Program Files\JetBrains\PyCharm 2025.3.1.1\plugins\python-ce\helpers\pydev\pydevd.py", line 1647, in _exec
    pydev_imports.execfile(file, globals, locals)  # execute the script
    │             │        │     │        └ {'__name__': '__main__', '__doc__': None, '__package__': '', '__loader__': <_frozen_importlib_external.SourceFileLoader objec...
    │             │        │     └ {'__name__': '__main__', '__doc__': None, '__package__': '', '__loader__': <_frozen_importlib_external.SourceFileLoader objec...
    │             │        └ 'C:\\Users\\rpa.belgo\\Documents\\Ergondata\\KMM\\src\\bots\\jmendes\\worker.py'
    │             └ <function execfile at 0x0000026711903130>
    └ <module '_pydev_bundle.pydev_imports' from 'C:\\Program Files\\JetBrains\\PyCharm 2025.3.1.1\\plugins\\python-ce\\helpers\\py...

  File "C:\Program Files\JetBrains\PyCharm 2025.3.1.1\plugins\python-ce\helpers\pydev\_pydev_imps\_pydev_execfile.py", line 18, in execfile
    exec(compile(contents+"\n", file, 'exec'), glob, loc)
                 │              │              │     └ {'__name__': '__main__', '__doc__': None, '__package__': '', '__loader__': <_frozen_importlib_external.SourceFileLoader objec...
                 │              │              └ {'__name__': '__main__', '__doc__': None, '__package__': '', '__loader__': <_frozen_importlib_external.SourceFileLoader objec...
                 │              └ 'C:\\Users\\rpa.belgo\\Documents\\Ergondata\\KMM\\src\\bots\\jmendes\\worker.py'
                 └ 'import json\n# import pika\nimport os\nfrom dotenv import load_dotenv\nfrom src.bots.jmendes.kmm_process import process\nfro...

  File "C:\Users\rpa.belgo\Documents\Ergondata\KMM\src\bots\jmendes\worker.py", line 144, in <module>
    process_case()
    └ <function process_case at 0x0000026711BA5480>

> File "C:\Users\rpa.belgo\Documents\Ergondata\KMM\src\bots\jmendes\worker.py", line 37, in process_case
    processed = process(
                └ <function process at 0x0000026711BECA60>

  File "C:\Users\rpa.belgo\Documents\Ergondata\KMM\src\bots\jmendes\kmm_process.py", line 13, in process
    with KMMActions(service='JMendes') as kmm:
         └ <class 'kmm.services.kmm_actions.KMMActions'>

  File "C:\Users\rpa.belgo\Documents\Ergondata\KMM\src\kmm\services\kmm_actions.py", line 38, in __enter__
    self.start()
    │    └ <function KMMActions.start at 0x00000267125A7760>
    └ <kmm.services.kmm_actions.KMMActions object at 0x0000026712B69CC0>

  File "C:\Users\rpa.belgo\Documents\Ergondata\KMM\src\kmm\services\kmm_actions.py", line 29, in start
    self.driver.start()
    │    │      └ <function KMMIEDriver.start at 0x00000267124C3010>
    │    └ <kmm.ie_driver.ie_driver.KMMIEDriver object at 0x0000026712B69BA0>
    └ <kmm.services.kmm_actions.KMMActions object at 0x0000026712B69CC0>

  File "C:\Users\rpa.belgo\Documents\Ergondata\KMM\src\kmm\ie_driver\ie_driver.py", line 106, in wrapped
    return object.__getattribute__(self, "_call_with_watchdog")(name, attr, *args, **kwargs)
                                   │                            │     │      │       └ {}
                                   │                            │     │      └ ()
                                   │                            │     └ <bound method KMMIEDriver.start of <kmm.ie_driver.ie_driver.KMMIEDriver object at 0x0000026712B69BA0>>
                                   │                            └ 'start'
                                   └ <kmm.ie_driver.ie_driver.KMMIEDriver object at 0x0000026712B69BA0>

  File "C:\Users\rpa.belgo\Documents\Ergondata\KMM\src\kmm\ie_driver\ie_driver.py", line 150, in _call_with_watchdog
    raise result_box["exc"]
          └ {'value': None, 'exc': SessionNotCreatedException("Unexpected error launching Internet Explorer. IELaunchURL() returned HRESU...

  File "C:\Users\rpa.belgo\Documents\Ergondata\KMM\src\kmm\ie_driver\ie_driver.py", line 127, in runner
    result_box["value"] = fn(*args, **kwargs)
    │                     │   │       └ {}
    │                     │   └ ()
    │                     └ <bound method KMMIEDriver.start of <kmm.ie_driver.ie_driver.KMMIEDriver object at 0x0000026712B69BA0>>
    └ {'value': None, 'exc': SessionNotCreatedException("Unexpected error launching Internet Explorer. IELaunchURL() returned HRESU...

  File "C:\Users\rpa.belgo\Documents\Ergondata\KMM\src\kmm\ie_driver\ie_driver.py", line 187, in start
    self._driver = webdriver.Ie(
    │    │         │         └ <class 'selenium.webdriver.ie.webdriver.WebDriver'>
    │    │         └ <module 'selenium.webdriver' from 'C:\\Users\\rpa.belgo\\Documents\\Ergondata\\KMM\\.venv\\lib\\site-packages\\selenium\\webd...
    │    └ None
    └ <kmm.ie_driver.ie_driver.KMMIEDriver object at 0x0000026712B69BA0>

  File "C:\Users\rpa.belgo\Documents\Ergondata\KMM\.venv\lib\site-packages\selenium\webdriver\ie\webdriver.py", line 93, in __init__
    RemoteWebDriver.__init__(
    │               └ <function WebDriver.__init__ at 0x00000267123F8AF0>
    └ <class 'selenium.webdriver.remote.webdriver.WebDriver'>

  File "C:\Users\rpa.belgo\Documents\Ergondata\KMM\.venv\lib\site-packages\selenium\webdriver\remote\webdriver.py", line 157, in __init__
    self.start_session(capabilities, browser_profile)
    │    │             │             └ None
    │    │             └ {'browserName': 'internet explorer', 'version': '', 'platform': 'WINDOWS', 'pageLoadStrategy': 'normal', 'ignoreProtectedMode...
    │    └ <function WebDriver.start_session at 0x00000267123F9090>
    └ <selenium.webdriver.ie.webdriver.WebDriver (session="None")>

  File "C:\Users\rpa.belgo\Documents\Ergondata\KMM\.venv\lib\site-packages\selenium\webdriver\remote\webdriver.py", line 252, in start_session
    response = self.execute(Command.NEW_SESSION, parameters)
               │    │       │       │            └ {'capabilities': {'firstMatch': [{}], 'alwaysMatch': {'browserName': 'internet explorer', 'platformName': 'windows', 'pageLoa...
               │    │       │       └ 'newSession'
               │    │       └ <class 'selenium.webdriver.remote.command.Command'>
               │    └ <function WebDriver.execute at 0x00000267123F92D0>
               └ <selenium.webdriver.ie.webdriver.WebDriver (session="None")>

  File "C:\Users\rpa.belgo\Documents\Ergondata\KMM\.venv\lib\site-packages\selenium\webdriver\remote\webdriver.py", line 321, in execute
    self.error_handler.check_response(response)
    │    │             │              └ {'status': 500, 'value': '{\n\t"value" : \n\t{\n\t\t"error" : "session not created",\n\t\t"message" : "Unexpected error launc...
    │    │             └ <function ErrorHandler.check_response at 0x00000267123EB250>
    │    └ <selenium.webdriver.remote.errorhandler.ErrorHandler object at 0x0000026712E8E0E0>
    └ <selenium.webdriver.ie.webdriver.WebDriver (session="None")>

  File "C:\Users\rpa.belgo\Documents\Ergondata\KMM\.venv\lib\site-packages\selenium\webdriver\remote\errorhandler.py", line 242, in check_response
    raise exception_class(message, screen, stacktrace)
          │               │        │       └ None
          │               │        └ None
          │               └ "Unexpected error launching Internet Explorer. IELaunchURL() returned HRESULT 80070012 ('Não existem mais arquivos.') for URL...
          └ <class 'selenium.common.exceptions.SessionNotCreatedException'>

selenium.common.exceptions.SessionNotCreatedException: Message: Unexpected error launching Internet Explorer. IELaunchURL() returned HRESULT 80070012 ('Não existem mais arquivos.') for URL 'http://localhost:57813/'

2026-01-12 13:53:28 | ERROR | __main__:process_case | Hard timeout em start (65s) | {}
Traceback (most recent call last):

  File "C:\Program Files\JetBrains\PyCharm 2025.3.1.1\plugins\python-ce\helpers\pydev\pydevd.py", line 2391, in <module>
    main()
    └ <function main at 0x0000024F22C57D90>

  File "C:\Program Files\JetBrains\PyCharm 2025.3.1.1\plugins\python-ce\helpers\pydev\pydevd.py", line 2372, in main
    globals = debugger.run(setup['file'], None, None, is_module)
              │        │   │                          └ False
              │        │   └ {'port': 57880, 'vm_type': None, 'client': '127.0.0.1', 'server': False, 'DEBUG_RECORD_SOCKET_READS': False, 'multiproc': Fal...
              │        └ <function PyDB.run at 0x0000024F22C56D40>
              └ <__main__.PyDB object at 0x0000024F22C29600>

  File "C:\Program Files\JetBrains\PyCharm 2025.3.1.1\plugins\python-ce\helpers\pydev\pydevd.py", line 1640, in run
    return self._exec(is_module, entry_point_fn, module_name, file, globals, locals)
           │    │     │          │               │            │     │        └ {'__name__': '__main__', '__doc__': None, '__package__': '', '__loader__': <_frozen_importlib_external.SourceFileLoader objec...
           │    │     │          │               │            │     └ {'__name__': '__main__', '__doc__': None, '__package__': '', '__loader__': <_frozen_importlib_external.SourceFileLoader objec...
           │    │     │          │               │            └ 'C:\\Users\\rpa.belgo\\Documents\\Ergondata\\KMM\\src\\bots\\jmendes\\worker.py'
           │    │     │          │               └ None
           │    │     │          └ ''
           │    │     └ False
           │    └ <function PyDB._exec at 0x0000024F22C56DD0>
           └ <__main__.PyDB object at 0x0000024F22C29600>

  File "C:\Program Files\JetBrains\PyCharm 2025.3.1.1\plugins\python-ce\helpers\pydev\pydevd.py", line 1647, in _exec
    pydev_imports.execfile(file, globals, locals)  # execute the script
    │             │        │     │        └ {'__name__': '__main__', '__doc__': None, '__package__': '', '__loader__': <_frozen_importlib_external.SourceFileLoader objec...
    │             │        │     └ {'__name__': '__main__', '__doc__': None, '__package__': '', '__loader__': <_frozen_importlib_external.SourceFileLoader objec...
    │             │        └ 'C:\\Users\\rpa.belgo\\Documents\\Ergondata\\KMM\\src\\bots\\jmendes\\worker.py'
    │             └ <function execfile at 0x0000024F229F3130>
    └ <module '_pydev_bundle.pydev_imports' from 'C:\\Program Files\\JetBrains\\PyCharm 2025.3.1.1\\plugins\\python-ce\\helpers\\py...

  File "C:\Program Files\JetBrains\PyCharm 2025.3.1.1\plugins\python-ce\helpers\pydev\_pydev_imps\_pydev_execfile.py", line 18, in execfile
    exec(compile(contents+"\n", file, 'exec'), glob, loc)
                 │              │              │     └ {'__name__': '__main__', '__doc__': None, '__package__': '', '__loader__': <_frozen_importlib_external.SourceFileLoader objec...
                 │              │              └ {'__name__': '__main__', '__doc__': None, '__package__': '', '__loader__': <_frozen_importlib_external.SourceFileLoader objec...
                 │              └ 'C:\\Users\\rpa.belgo\\Documents\\Ergondata\\KMM\\src\\bots\\jmendes\\worker.py'
                 └ 'import json\n# import pika\nimport os\nfrom dotenv import load_dotenv\nfrom src.bots.jmendes.kmm_process import process\nfro...

  File "C:\Users\rpa.belgo\Documents\Ergondata\KMM\src\bots\jmendes\worker.py", line 144, in <module>
    process_case()
    └ <function process_case at 0x0000024F22C95480>

> File "C:\Users\rpa.belgo\Documents\Ergondata\KMM\src\bots\jmendes\worker.py", line 37, in process_case
    processed = process(
                └ <function process at 0x0000024F22CDCA60>

  File "C:\Users\rpa.belgo\Documents\Ergondata\KMM\src\bots\jmendes\kmm_process.py", line 13, in process
    with KMMActions(service='JMendes') as kmm:
         └ <class 'kmm.services.kmm_actions.KMMActions'>

  File "C:\Users\rpa.belgo\Documents\Ergondata\KMM\src\kmm\services\kmm_actions.py", line 38, in __enter__
    self.start()
    │    └ <function KMMActions.start at 0x0000024F23697760>
    └ <kmm.services.kmm_actions.KMMActions object at 0x0000024F23C59CC0>

  File "C:\Users\rpa.belgo\Documents\Ergondata\KMM\src\kmm\services\kmm_actions.py", line 29, in start
    self.driver.start()
    │    │      └ <function KMMIEDriver.start at 0x0000024F235B3010>
    │    └ <kmm.ie_driver.ie_driver.KMMIEDriver object at 0x0000024F23C59BA0>
    └ <kmm.services.kmm_actions.KMMActions object at 0x0000024F23C59CC0>

  File "C:\Users\rpa.belgo\Documents\Ergondata\KMM\src\kmm\ie_driver\ie_driver.py", line 106, in wrapped
    return object.__getattribute__(self, "_call_with_watchdog")(name, attr, *args, **kwargs)
                                   │                            │     │      │       └ {}
                                   │                            │     │      └ ()
                                   │                            │     └ <bound method KMMIEDriver.start of <kmm.ie_driver.ie_driver.KMMIEDriver object at 0x0000024F23C59BA0>>
                                   │                            └ 'start'
                                   └ <kmm.ie_driver.ie_driver.KMMIEDriver object at 0x0000024F23C59BA0>

  File "C:\Users\rpa.belgo\Documents\Ergondata\KMM\src\kmm\ie_driver\ie_driver.py", line 146, in _call_with_watchdog
    raise HardTimeoutError(f"Hard timeout em {label} ({timeout_total}s)")
          └ <class 'exceptions.personalized_exceptions.HardTimeoutError'>

exceptions.personalized_exceptions.HardTimeoutError: Hard timeout em start (65s)
2026-01-12 13:55:49 | INFO | kmm.services.kmm_actions:login | Iniciando login | {'service': 'JMendes'}
2026-01-12 13:55:52 | ERROR | __main__:process_case | Erro ao realizar o login no KMM | Usuario: automacao.jmn - Filial: Levolog | {}
Traceback (most recent call last):

  File "C:\Users\rpa.belgo\Documents\Ergondata\KMM\src\kmm\services\kmm_actions.py", line 51, in login
    self.driver.open(params.url)
    │    │      │    │      └ None
    │    │      │    └ LoginParams(url=None, username='automacao.jmn', password='jmn@2023')
    │    │      └ <function KMMIEDriver.open at 0x000002649A9C32E0>
    │    └ <kmm.ie_driver.ie_driver.KMMIEDriver object at 0x000002649B069BA0>
    └ <kmm.services.kmm_actions.KMMActions object at 0x000002649B069CC0>

  File "C:\Users\rpa.belgo\Documents\Ergondata\KMM\src\kmm\ie_driver\ie_driver.py", line 106, in wrapped
    return object.__getattribute__(self, "_call_with_watchdog")(name, attr, *args, **kwargs)
                                   │                            │     │      │       └ {}
                                   │                            │     │      └ (None,)
                                   │                            │     └ <bound method KMMIEDriver.open of <kmm.ie_driver.ie_driver.KMMIEDriver object at 0x000002649B069BA0>>
                                   │                            └ 'open'
                                   └ <kmm.ie_driver.ie_driver.KMMIEDriver object at 0x000002649B069BA0>

  File "C:\Users\rpa.belgo\Documents\Ergondata\KMM\src\kmm\ie_driver\ie_driver.py", line 150, in _call_with_watchdog
    raise result_box["exc"]
          └ {'value': None, 'exc': InvalidArgumentException('Specified URL () is not valid.', None, None)}

  File "C:\Users\rpa.belgo\Documents\Ergondata\KMM\src\kmm\ie_driver\ie_driver.py", line 127, in runner
    result_box["value"] = fn(*args, **kwargs)
    │                     │   │       └ {}
    │                     │   └ (None,)
    │                     └ <bound method KMMIEDriver.open of <kmm.ie_driver.ie_driver.KMMIEDriver object at 0x000002649B069BA0>>
    └ {'value': None, 'exc': InvalidArgumentException('Specified URL () is not valid.', None, None)}

  File "C:\Users\rpa.belgo\Documents\Ergondata\KMM\src\kmm\ie_driver\ie_driver.py", line 285, in open
    self.driver.get(url)
    │    │          └ None
    │    └ <property object at 0x000002649A9D2160>
    └ <kmm.ie_driver.ie_driver.KMMIEDriver object at 0x000002649B069BA0>

  File "C:\Users\rpa.belgo\Documents\Ergondata\KMM\.venv\lib\site-packages\selenium\webdriver\remote\webdriver.py", line 333, in get
    self.execute(Command.GET, {'url': url})
    │    │       │       │            └ None
    │    │       │       └ 'get'
    │    │       └ <class 'selenium.webdriver.remote.command.Command'>
    │    └ <function WebDriver.execute at 0x000002649A8F92D0>
    └ <selenium.webdriver.ie.webdriver.WebDriver (session="ea62fc94-ebb2-4569-92ca-477d67326372")>

  File "C:\Users\rpa.belgo\Documents\Ergondata\KMM\.venv\lib\site-packages\selenium\webdriver\remote\webdriver.py", line 321, in execute
    self.error_handler.check_response(response)
    │    │             │              └ {'status': 400, 'value': '{\n\t"value" : \n\t{\n\t\t"error" : "invalid argument",\n\t\t"message" : "Specified URL () is not v...
    │    │             └ <function ErrorHandler.check_response at 0x000002649A8EB250>
    │    └ <selenium.webdriver.remote.errorhandler.ErrorHandler object at 0x000002649B0689D0>
    └ <selenium.webdriver.ie.webdriver.WebDriver (session="ea62fc94-ebb2-4569-92ca-477d67326372")>

  File "C:\Users\rpa.belgo\Documents\Ergondata\KMM\.venv\lib\site-packages\selenium\webdriver\remote\errorhandler.py", line 242, in check_response
    raise exception_class(message, screen, stacktrace)
          │               │        │       └ None
          │               │        └ None
          │               └ 'Specified URL () is not valid.'
          └ <class 'selenium.common.exceptions.InvalidArgumentException'>

selenium.common.exceptions.InvalidArgumentException: Message: Specified URL () is not valid.



The above exception was the direct cause of the following exception:


Traceback (most recent call last):

  File "C:\Program Files\JetBrains\PyCharm 2025.3.1.1\plugins\python-ce\helpers\pydev\pydevd.py", line 2391, in <module>
    main()
    └ <function main at 0x000002649A067D90>

  File "C:\Program Files\JetBrains\PyCharm 2025.3.1.1\plugins\python-ce\helpers\pydev\pydevd.py", line 2372, in main
    globals = debugger.run(setup['file'], None, None, is_module)
              │        │   │                          └ False
              │        │   └ {'port': 57893, 'vm_type': None, 'client': '127.0.0.1', 'server': False, 'DEBUG_RECORD_SOCKET_READS': False, 'multiproc': Fal...
              │        └ <function PyDB.run at 0x000002649A066D40>
              └ <__main__.PyDB object at 0x000002649A039600>

  File "C:\Program Files\JetBrains\PyCharm 2025.3.1.1\plugins\python-ce\helpers\pydev\pydevd.py", line 1640, in run
    return self._exec(is_module, entry_point_fn, module_name, file, globals, locals)
           │    │     │          │               │            │     │        └ {'__name__': '__main__', '__doc__': None, '__package__': '', '__loader__': <_frozen_importlib_external.SourceFileLoader objec...
           │    │     │          │               │            │     └ {'__name__': '__main__', '__doc__': None, '__package__': '', '__loader__': <_frozen_importlib_external.SourceFileLoader objec...
           │    │     │          │               │            └ 'C:\\Users\\rpa.belgo\\Documents\\Ergondata\\KMM\\src\\bots\\jmendes\\worker.py'
           │    │     │          │               └ None
           │    │     │          └ ''
           │    │     └ False
           │    └ <function PyDB._exec at 0x000002649A066DD0>
           └ <__main__.PyDB object at 0x000002649A039600>

  File "C:\Program Files\JetBrains\PyCharm 2025.3.1.1\plugins\python-ce\helpers\pydev\pydevd.py", line 1647, in _exec
    pydev_imports.execfile(file, globals, locals)  # execute the script
    │             │        │     │        └ {'__name__': '__main__', '__doc__': None, '__package__': '', '__loader__': <_frozen_importlib_external.SourceFileLoader objec...
    │             │        │     └ {'__name__': '__main__', '__doc__': None, '__package__': '', '__loader__': <_frozen_importlib_external.SourceFileLoader objec...
    │             │        └ 'C:\\Users\\rpa.belgo\\Documents\\Ergondata\\KMM\\src\\bots\\jmendes\\worker.py'
    │             └ <function execfile at 0x0000026499E03130>
    └ <module '_pydev_bundle.pydev_imports' from 'C:\\Program Files\\JetBrains\\PyCharm 2025.3.1.1\\plugins\\python-ce\\helpers\\py...

  File "C:\Program Files\JetBrains\PyCharm 2025.3.1.1\plugins\python-ce\helpers\pydev\_pydev_imps\_pydev_execfile.py", line 18, in execfile
    exec(compile(contents+"\n", file, 'exec'), glob, loc)
                 │              │              │     └ {'__name__': '__main__', '__doc__': None, '__package__': '', '__loader__': <_frozen_importlib_external.SourceFileLoader objec...
                 │              │              └ {'__name__': '__main__', '__doc__': None, '__package__': '', '__loader__': <_frozen_importlib_external.SourceFileLoader objec...
                 │              └ 'C:\\Users\\rpa.belgo\\Documents\\Ergondata\\KMM\\src\\bots\\jmendes\\worker.py'
                 └ 'import json\n# import pika\nimport os\nfrom dotenv import load_dotenv\nfrom src.bots.jmendes.kmm_process import process\nfro...

  File "C:\Users\rpa.belgo\Documents\Ergondata\KMM\src\bots\jmendes\worker.py", line 144, in <module>
    process_case()
    └ <function process_case at 0x000002649A0A5480>

> File "C:\Users\rpa.belgo\Documents\Ergondata\KMM\src\bots\jmendes\worker.py", line 37, in process_case
    processed = process(
                └ <function process at 0x000002649A0ECA60>

  File "C:\Users\rpa.belgo\Documents\Ergondata\KMM\src\bots\jmendes\kmm_process.py", line 14, in process
    kmm.login(
    │   └ <function KMMActions.login at 0x000002649AACD750>
    └ <kmm.services.kmm_actions.KMMActions object at 0x000002649B069CC0>

  File "C:\Users\rpa.belgo\Documents\Ergondata\KMM\src\kmm\services\kmm_actions.py", line 64, in login
    raise pe.KMMLoginError(
          │  └ <class 'exceptions.personalized_exceptions.KMMLoginError'>
          └ <module 'exceptions.personalized_exceptions' from 'C:\\Users\\rpa.belgo\\Documents\\Ergondata\\KMM\\src\\exceptions\\personal...

exceptions.personalized_exceptions.KMMLoginError: Erro ao realizar o login no KMM | Usuario: automacao.jmn - Filial: Levolog
2026-01-12 14:12:10 | ERROR | __main__:process_case | Falha não mapeada. Erro Message: Unexpected error launching Internet Explorer. IELaunchURL() returned HRESULT 80070012 ('Não existem mais arquivos.') for URL 'http://localhost:57936/'
 | {}
Traceback (most recent call last):

  File "C:\Program Files\JetBrains\PyCharm 2025.3.1.1\plugins\python-ce\helpers\pydev\pydevd.py", line 2391, in <module>
    main()
    └ <function main at 0x00000214A3797D90>

  File "C:\Program Files\JetBrains\PyCharm 2025.3.1.1\plugins\python-ce\helpers\pydev\pydevd.py", line 2372, in main
    globals = debugger.run(setup['file'], None, None, is_module)
              │        │   │                          └ False
              │        │   └ {'port': 57932, 'vm_type': None, 'client': '127.0.0.1', 'server': False, 'DEBUG_RECORD_SOCKET_READS': False, 'multiproc': Fal...
              │        └ <function PyDB.run at 0x00000214A3796D40>
              └ <__main__.PyDB object at 0x00000214A3769600>

  File "C:\Program Files\JetBrains\PyCharm 2025.3.1.1\plugins\python-ce\helpers\pydev\pydevd.py", line 1640, in run
    return self._exec(is_module, entry_point_fn, module_name, file, globals, locals)
           │    │     │          │               │            │     │        └ {'__name__': '__main__', '__doc__': None, '__package__': '', '__loader__': <_frozen_importlib_external.SourceFileLoader objec...
           │    │     │          │               │            │     └ {'__name__': '__main__', '__doc__': None, '__package__': '', '__loader__': <_frozen_importlib_external.SourceFileLoader objec...
           │    │     │          │               │            └ 'C:\\Users\\rpa.belgo\\Documents\\Ergondata\\KMM\\src\\bots\\jmendes\\worker.py'
           │    │     │          │               └ None
           │    │     │          └ ''
           │    │     └ False
           │    └ <function PyDB._exec at 0x00000214A3796DD0>
           └ <__main__.PyDB object at 0x00000214A3769600>

  File "C:\Program Files\JetBrains\PyCharm 2025.3.1.1\plugins\python-ce\helpers\pydev\pydevd.py", line 1647, in _exec
    pydev_imports.execfile(file, globals, locals)  # execute the script
    │             │        │     │        └ {'__name__': '__main__', '__doc__': None, '__package__': '', '__loader__': <_frozen_importlib_external.SourceFileLoader objec...
    │             │        │     └ {'__name__': '__main__', '__doc__': None, '__package__': '', '__loader__': <_frozen_importlib_external.SourceFileLoader objec...
    │             │        └ 'C:\\Users\\rpa.belgo\\Documents\\Ergondata\\KMM\\src\\bots\\jmendes\\worker.py'
    │             └ <function execfile at 0x00000214A3533130>
    └ <module '_pydev_bundle.pydev_imports' from 'C:\\Program Files\\JetBrains\\PyCharm 2025.3.1.1\\plugins\\python-ce\\helpers\\py...

  File "C:\Program Files\JetBrains\PyCharm 2025.3.1.1\plugins\python-ce\helpers\pydev\_pydev_imps\_pydev_execfile.py", line 18, in execfile
    exec(compile(contents+"\n", file, 'exec'), glob, loc)
                 │              │              │     └ {'__name__': '__main__', '__doc__': None, '__package__': '', '__loader__': <_frozen_importlib_external.SourceFileLoader objec...
                 │              │              └ {'__name__': '__main__', '__doc__': None, '__package__': '', '__loader__': <_frozen_importlib_external.SourceFileLoader objec...
                 │              └ 'C:\\Users\\rpa.belgo\\Documents\\Ergondata\\KMM\\src\\bots\\jmendes\\worker.py'
                 └ 'import json\n# import pika\nimport os\nfrom dotenv import load_dotenv\nfrom src.bots.jmendes.kmm_process import process\nfro...

  File "C:\Users\rpa.belgo\Documents\Ergondata\KMM\src\bots\jmendes\worker.py", line 144, in <module>
    process_case()
    └ <function process_case at 0x00000214A37D5480>

> File "C:\Users\rpa.belgo\Documents\Ergondata\KMM\src\bots\jmendes\worker.py", line 37, in process_case
    processed = process(
                └ <function process at 0x00000214A381CA60>

  File "C:\Users\rpa.belgo\Documents\Ergondata\KMM\src\bots\jmendes\kmm_process.py", line 13, in process
    with KMMActions(service='JMendes') as kmm:
         └ <class 'kmm.services.kmm_actions.KMMActions'>

  File "C:\Users\rpa.belgo\Documents\Ergondata\KMM\src\kmm\services\kmm_actions.py", line 38, in __enter__
    self.start()
    │    └ <function KMMActions.start at 0x00000214A41D7760>
    └ <kmm.services.kmm_actions.KMMActions object at 0x00000214A479DCC0>

  File "C:\Users\rpa.belgo\Documents\Ergondata\KMM\src\kmm\services\kmm_actions.py", line 29, in start
    self.driver.start()
    │    │      └ <function KMMIEDriver.start at 0x00000214A40EF010>
    │    └ <kmm.ie_driver.ie_driver.KMMIEDriver object at 0x00000214A479DBA0>
    └ <kmm.services.kmm_actions.KMMActions object at 0x00000214A479DCC0>

  File "C:\Users\rpa.belgo\Documents\Ergondata\KMM\src\kmm\ie_driver\ie_driver.py", line 106, in wrapped
    return object.__getattribute__(self, "_call_with_watchdog")(name, attr, *args, **kwargs)
                                   │                            │     │      │       └ {}
                                   │                            │     │      └ ()
                                   │                            │     └ <bound method KMMIEDriver.start of <kmm.ie_driver.ie_driver.KMMIEDriver object at 0x00000214A479DBA0>>
                                   │                            └ 'start'
                                   └ <kmm.ie_driver.ie_driver.KMMIEDriver object at 0x00000214A479DBA0>

  File "C:\Users\rpa.belgo\Documents\Ergondata\KMM\src\kmm\ie_driver\ie_driver.py", line 150, in _call_with_watchdog
    raise result_box["exc"]
          └ {'value': None, 'exc': SessionNotCreatedException("Unexpected error launching Internet Explorer. IELaunchURL() returned HRESU...

  File "C:\Users\rpa.belgo\Documents\Ergondata\KMM\src\kmm\ie_driver\ie_driver.py", line 127, in runner
    result_box["value"] = fn(*args, **kwargs)
    │                     │   │       └ {}
    │                     │   └ ()
    │                     └ <bound method KMMIEDriver.start of <kmm.ie_driver.ie_driver.KMMIEDriver object at 0x00000214A479DBA0>>
    └ {'value': None, 'exc': SessionNotCreatedException("Unexpected error launching Internet Explorer. IELaunchURL() returned HRESU...

  File "C:\Users\rpa.belgo\Documents\Ergondata\KMM\src\kmm\ie_driver\ie_driver.py", line 187, in start
    self._driver = webdriver.Ie(
    │    │         │         └ <class 'selenium.webdriver.ie.webdriver.WebDriver'>
    │    │         └ <module 'selenium.webdriver' from 'C:\\Users\\rpa.belgo\\Documents\\Ergondata\\KMM\\.venv\\lib\\site-packages\\selenium\\webd...
    │    └ None
    └ <kmm.ie_driver.ie_driver.KMMIEDriver object at 0x00000214A479DBA0>

  File "C:\Users\rpa.belgo\Documents\Ergondata\KMM\.venv\lib\site-packages\selenium\webdriver\ie\webdriver.py", line 93, in __init__
    RemoteWebDriver.__init__(
    │               └ <function WebDriver.__init__ at 0x00000214A4024AF0>
    └ <class 'selenium.webdriver.remote.webdriver.WebDriver'>

  File "C:\Users\rpa.belgo\Documents\Ergondata\KMM\.venv\lib\site-packages\selenium\webdriver\remote\webdriver.py", line 157, in __init__
    self.start_session(capabilities, browser_profile)
    │    │             │             └ None
    │    │             └ {'browserName': 'internet explorer', 'version': '', 'platform': 'WINDOWS', 'pageLoadStrategy': 'normal', 'ignoreProtectedMode...
    │    └ <function WebDriver.start_session at 0x00000214A4025090>
    └ <selenium.webdriver.ie.webdriver.WebDriver (session="None")>

  File "C:\Users\rpa.belgo\Documents\Ergondata\KMM\.venv\lib\site-packages\selenium\webdriver\remote\webdriver.py", line 252, in start_session
    response = self.execute(Command.NEW_SESSION, parameters)
               │    │       │       │            └ {'capabilities': {'firstMatch': [{}], 'alwaysMatch': {'browserName': 'internet explorer', 'platformName': 'windows', 'pageLoa...
               │    │       │       └ 'newSession'
               │    │       └ <class 'selenium.webdriver.remote.command.Command'>
               │    └ <function WebDriver.execute at 0x00000214A40252D0>
               └ <selenium.webdriver.ie.webdriver.WebDriver (session="None")>

  File "C:\Users\rpa.belgo\Documents\Ergondata\KMM\.venv\lib\site-packages\selenium\webdriver\remote\webdriver.py", line 321, in execute
    self.error_handler.check_response(response)
    │    │             │              └ {'status': 500, 'value': '{\n\t"value" : \n\t{\n\t\t"error" : "session not created",\n\t\t"message" : "Unexpected error launc...
    │    │             └ <function ErrorHandler.check_response at 0x00000214A4017250>
    │    └ <selenium.webdriver.remote.errorhandler.ErrorHandler object at 0x00000214A479C9D0>
    └ <selenium.webdriver.ie.webdriver.WebDriver (session="None")>

  File "C:\Users\rpa.belgo\Documents\Ergondata\KMM\.venv\lib\site-packages\selenium\webdriver\remote\errorhandler.py", line 242, in check_response
    raise exception_class(message, screen, stacktrace)
          │               │        │       └ None
          │               │        └ None
          │               └ "Unexpected error launching Internet Explorer. IELaunchURL() returned HRESULT 80070012 ('Não existem mais arquivos.') for URL...
          └ <class 'selenium.common.exceptions.SessionNotCreatedException'>

selenium.common.exceptions.SessionNotCreatedException: Message: Unexpected error launching Internet Explorer. IELaunchURL() returned HRESULT 80070012 ('Não existem mais arquivos.') for URL 'http://localhost:57936/'

2026-01-12 14:19:22 | ERROR | __main__:process_case | Falha não mapeada. Erro Message: Unexpected error launching Internet Explorer. IELaunchURL() returned HRESULT 80070012 ('Não existem mais arquivos.') for URL 'http://localhost:57981/'
 | {}
Traceback (most recent call last):

  File "C:\Program Files\JetBrains\PyCharm 2025.3.1.1\plugins\python-ce\helpers\pydev\pydevd.py", line 2391, in <module>
    main()
    └ <function main at 0x0000023CF2337D90>

  File "C:\Program Files\JetBrains\PyCharm 2025.3.1.1\plugins\python-ce\helpers\pydev\pydevd.py", line 2372, in main
    globals = debugger.run(setup['file'], None, None, is_module)
              │        │   │                          └ False
              │        │   └ {'port': 57977, 'vm_type': None, 'client': '127.0.0.1', 'server': False, 'DEBUG_RECORD_SOCKET_READS': False, 'multiproc': Fal...
              │        └ <function PyDB.run at 0x0000023CF2336D40>
              └ <__main__.PyDB object at 0x0000023CF2309600>

  File "C:\Program Files\JetBrains\PyCharm 2025.3.1.1\plugins\python-ce\helpers\pydev\pydevd.py", line 1640, in run
    return self._exec(is_module, entry_point_fn, module_name, file, globals, locals)
           │    │     │          │               │            │     │        └ {'__name__': '__main__', '__doc__': None, '__package__': '', '__loader__': <_frozen_importlib_external.SourceFileLoader objec...
           │    │     │          │               │            │     └ {'__name__': '__main__', '__doc__': None, '__package__': '', '__loader__': <_frozen_importlib_external.SourceFileLoader objec...
           │    │     │          │               │            └ 'C:\\Users\\rpa.belgo\\Documents\\Ergondata\\KMM\\src\\bots\\jmendes\\worker.py'
           │    │     │          │               └ None
           │    │     │          └ ''
           │    │     └ False
           │    └ <function PyDB._exec at 0x0000023CF2336DD0>
           └ <__main__.PyDB object at 0x0000023CF2309600>

  File "C:\Program Files\JetBrains\PyCharm 2025.3.1.1\plugins\python-ce\helpers\pydev\pydevd.py", line 1647, in _exec
    pydev_imports.execfile(file, globals, locals)  # execute the script
    │             │        │     │        └ {'__name__': '__main__', '__doc__': None, '__package__': '', '__loader__': <_frozen_importlib_external.SourceFileLoader objec...
    │             │        │     └ {'__name__': '__main__', '__doc__': None, '__package__': '', '__loader__': <_frozen_importlib_external.SourceFileLoader objec...
    │             │        └ 'C:\\Users\\rpa.belgo\\Documents\\Ergondata\\KMM\\src\\bots\\jmendes\\worker.py'
    │             └ <function execfile at 0x0000023CF20D3130>
    └ <module '_pydev_bundle.pydev_imports' from 'C:\\Program Files\\JetBrains\\PyCharm 2025.3.1.1\\plugins\\python-ce\\helpers\\py...

  File "C:\Program Files\JetBrains\PyCharm 2025.3.1.1\plugins\python-ce\helpers\pydev\_pydev_imps\_pydev_execfile.py", line 18, in execfile
    exec(compile(contents+"\n", file, 'exec'), glob, loc)
                 │              │              │     └ {'__name__': '__main__', '__doc__': None, '__package__': '', '__loader__': <_frozen_importlib_external.SourceFileLoader objec...
                 │              │              └ {'__name__': '__main__', '__doc__': None, '__package__': '', '__loader__': <_frozen_importlib_external.SourceFileLoader objec...
                 │              └ 'C:\\Users\\rpa.belgo\\Documents\\Ergondata\\KMM\\src\\bots\\jmendes\\worker.py'
                 └ 'import json\n# import pika\nimport os\nfrom dotenv import load_dotenv\nfrom src.bots.jmendes.kmm_process import process\nfro...

  File "C:\Users\rpa.belgo\Documents\Ergondata\KMM\src\bots\jmendes\worker.py", line 144, in <module>
    process_case()
    └ <function process_case at 0x0000023CF2375480>

> File "C:\Users\rpa.belgo\Documents\Ergondata\KMM\src\bots\jmendes\worker.py", line 37, in process_case
    processed = process(
                └ <function process at 0x0000023CF23BCA60>

  File "C:\Users\rpa.belgo\Documents\Ergondata\KMM\src\bots\jmendes\kmm_process.py", line 13, in process
    with KMMActions(service='JMendes') as kmm:
         └ <class 'kmm.services.kmm_actions.KMMActions'>

  File "C:\Users\rpa.belgo\Documents\Ergondata\KMM\src\kmm\services\kmm_actions.py", line 38, in __enter__
    self.start()
    │    └ <function KMMActions.start at 0x0000023CF2D9D6C0>
    └ <kmm.services.kmm_actions.KMMActions object at 0x0000023CF333DCC0>

  File "C:\Users\rpa.belgo\Documents\Ergondata\KMM\src\kmm\services\kmm_actions.py", line 29, in start
    self.driver.start()
    │    │      └ <function KMMIEDriver.start at 0x0000023CF2C8F010>
    │    └ <kmm.ie_driver.ie_driver.KMMIEDriver object at 0x0000023CF333DBA0>
    └ <kmm.services.kmm_actions.KMMActions object at 0x0000023CF333DCC0>

  File "C:\Users\rpa.belgo\Documents\Ergondata\KMM\src\kmm\ie_driver\ie_driver.py", line 106, in wrapped
    return object.__getattribute__(self, "_call_with_watchdog")(name, attr, *args, **kwargs)
                                   │                            │     │      │       └ {}
                                   │                            │     │      └ ()
                                   │                            │     └ <bound method KMMIEDriver.start of <kmm.ie_driver.ie_driver.KMMIEDriver object at 0x0000023CF333DBA0>>
                                   │                            └ 'start'
                                   └ <kmm.ie_driver.ie_driver.KMMIEDriver object at 0x0000023CF333DBA0>

  File "C:\Users\rpa.belgo\Documents\Ergondata\KMM\src\kmm\ie_driver\ie_driver.py", line 150, in _call_with_watchdog
    raise result_box["exc"]
          └ {'value': None, 'exc': SessionNotCreatedException("Unexpected error launching Internet Explorer. IELaunchURL() returned HRESU...

  File "C:\Users\rpa.belgo\Documents\Ergondata\KMM\src\kmm\ie_driver\ie_driver.py", line 127, in runner
    result_box["value"] = fn(*args, **kwargs)
    │                     │   │       └ {}
    │                     │   └ ()
    │                     └ <bound method KMMIEDriver.start of <kmm.ie_driver.ie_driver.KMMIEDriver object at 0x0000023CF333DBA0>>
    └ {'value': None, 'exc': SessionNotCreatedException("Unexpected error launching Internet Explorer. IELaunchURL() returned HRESU...

  File "C:\Users\rpa.belgo\Documents\Ergondata\KMM\src\kmm\ie_driver\ie_driver.py", line 187, in start
    self._driver = webdriver.Ie(
    │    │         │         └ <class 'selenium.webdriver.ie.webdriver.WebDriver'>
    │    │         └ <module 'selenium.webdriver' from 'C:\\Users\\rpa.belgo\\Documents\\Ergondata\\KMM\\.venv\\lib\\site-packages\\selenium\\webd...
    │    └ None
    └ <kmm.ie_driver.ie_driver.KMMIEDriver object at 0x0000023CF333DBA0>

  File "C:\Users\rpa.belgo\Documents\Ergondata\KMM\.venv\lib\site-packages\selenium\webdriver\ie\webdriver.py", line 93, in __init__
    RemoteWebDriver.__init__(
    │               └ <function WebDriver.__init__ at 0x0000023CF2BC4AF0>
    └ <class 'selenium.webdriver.remote.webdriver.WebDriver'>

  File "C:\Users\rpa.belgo\Documents\Ergondata\KMM\.venv\lib\site-packages\selenium\webdriver\remote\webdriver.py", line 157, in __init__
    self.start_session(capabilities, browser_profile)
    │    │             │             └ None
    │    │             └ {'browserName': 'internet explorer', 'version': '', 'platform': 'WINDOWS', 'pageLoadStrategy': 'normal', 'ignoreProtectedMode...
    │    └ <function WebDriver.start_session at 0x0000023CF2BC5090>
    └ <selenium.webdriver.ie.webdriver.WebDriver (session="None")>

  File "C:\Users\rpa.belgo\Documents\Ergondata\KMM\.venv\lib\site-packages\selenium\webdriver\remote\webdriver.py", line 252, in start_session
    response = self.execute(Command.NEW_SESSION, parameters)
               │    │       │       │            └ {'capabilities': {'firstMatch': [{}], 'alwaysMatch': {'browserName': 'internet explorer', 'platformName': 'windows', 'pageLoa...
               │    │       │       └ 'newSession'
               │    │       └ <class 'selenium.webdriver.remote.command.Command'>
               │    └ <function WebDriver.execute at 0x0000023CF2BC52D0>
               └ <selenium.webdriver.ie.webdriver.WebDriver (session="None")>

  File "C:\Users\rpa.belgo\Documents\Ergondata\KMM\.venv\lib\site-packages\selenium\webdriver\remote\webdriver.py", line 321, in execute
    self.error_handler.check_response(response)
    │    │             │              └ {'status': 500, 'value': '{\n\t"value" : \n\t{\n\t\t"error" : "session not created",\n\t\t"message" : "Unexpected error launc...
    │    │             └ <function ErrorHandler.check_response at 0x0000023CF2BB7250>
    │    └ <selenium.webdriver.remote.errorhandler.ErrorHandler object at 0x0000023CF333C9D0>
    └ <selenium.webdriver.ie.webdriver.WebDriver (session="None")>

  File "C:\Users\rpa.belgo\Documents\Ergondata\KMM\.venv\lib\site-packages\selenium\webdriver\remote\errorhandler.py", line 242, in check_response
    raise exception_class(message, screen, stacktrace)
          │               │        │       └ None
          │               │        └ None
          │               └ "Unexpected error launching Internet Explorer. IELaunchURL() returned HRESULT 80070012 ('Não existem mais arquivos.') for URL...
          └ <class 'selenium.common.exceptions.SessionNotCreatedException'>

selenium.common.exceptions.SessionNotCreatedException: Message: Unexpected error launching Internet Explorer. IELaunchURL() returned HRESULT 80070012 ('Não existem mais arquivos.') for URL 'http://localhost:57981/'

2026-01-12 14:24:07 | ERROR | __main__:process_case | Falha não mapeada. Erro Message: Unexpected error launching Internet Explorer. IELaunchURL() returned HRESULT 80070012 ('Não existem mais arquivos.') for URL 'http://localhost:58006/'
 | {}
Traceback (most recent call last):

  File "C:\Program Files\JetBrains\PyCharm 2025.3.1.1\plugins\python-ce\helpers\pydev\pydevd.py", line 2391, in <module>
    main()
    └ <function main at 0x000002175D157D90>

  File "C:\Program Files\JetBrains\PyCharm 2025.3.1.1\plugins\python-ce\helpers\pydev\pydevd.py", line 2372, in main
    globals = debugger.run(setup['file'], None, None, is_module)
              │        │   │                          └ False
              │        │   └ {'port': 58002, 'vm_type': None, 'client': '127.0.0.1', 'server': False, 'DEBUG_RECORD_SOCKET_READS': False, 'multiproc': Fal...
              │        └ <function PyDB.run at 0x000002175D156D40>
              └ <__main__.PyDB object at 0x000002175D129600>

  File "C:\Program Files\JetBrains\PyCharm 2025.3.1.1\plugins\python-ce\helpers\pydev\pydevd.py", line 1640, in run
    return self._exec(is_module, entry_point_fn, module_name, file, globals, locals)
           │    │     │          │               │            │     │        └ {'__name__': '__main__', '__doc__': None, '__package__': '', '__loader__': <_frozen_importlib_external.SourceFileLoader objec...
           │    │     │          │               │            │     └ {'__name__': '__main__', '__doc__': None, '__package__': '', '__loader__': <_frozen_importlib_external.SourceFileLoader objec...
           │    │     │          │               │            └ 'C:\\Users\\rpa.belgo\\Documents\\Ergondata\\KMM\\src\\bots\\jmendes\\worker.py'
           │    │     │          │               └ None
           │    │     │          └ ''
           │    │     └ False
           │    └ <function PyDB._exec at 0x000002175D156DD0>
           └ <__main__.PyDB object at 0x000002175D129600>

  File "C:\Program Files\JetBrains\PyCharm 2025.3.1.1\plugins\python-ce\helpers\pydev\pydevd.py", line 1647, in _exec
    pydev_imports.execfile(file, globals, locals)  # execute the script
    │             │        │     │        └ {'__name__': '__main__', '__doc__': None, '__package__': '', '__loader__': <_frozen_importlib_external.SourceFileLoader objec...
    │             │        │     └ {'__name__': '__main__', '__doc__': None, '__package__': '', '__loader__': <_frozen_importlib_external.SourceFileLoader objec...
    │             │        └ 'C:\\Users\\rpa.belgo\\Documents\\Ergondata\\KMM\\src\\bots\\jmendes\\worker.py'
    │             └ <function execfile at 0x000002175CEF3130>
    └ <module '_pydev_bundle.pydev_imports' from 'C:\\Program Files\\JetBrains\\PyCharm 2025.3.1.1\\plugins\\python-ce\\helpers\\py...

  File "C:\Program Files\JetBrains\PyCharm 2025.3.1.1\plugins\python-ce\helpers\pydev\_pydev_imps\_pydev_execfile.py", line 18, in execfile
    exec(compile(contents+"\n", file, 'exec'), glob, loc)
                 │              │              │     └ {'__name__': '__main__', '__doc__': None, '__package__': '', '__loader__': <_frozen_importlib_external.SourceFileLoader objec...
                 │              │              └ {'__name__': '__main__', '__doc__': None, '__package__': '', '__loader__': <_frozen_importlib_external.SourceFileLoader objec...
                 │              └ 'C:\\Users\\rpa.belgo\\Documents\\Ergondata\\KMM\\src\\bots\\jmendes\\worker.py'
                 └ 'import json\n# import pika\nimport os\nfrom dotenv import load_dotenv\nfrom src.bots.jmendes.kmm_process import process\nfro...

  File "C:\Users\rpa.belgo\Documents\Ergondata\KMM\src\bots\jmendes\worker.py", line 144, in <module>
    process_case()
    └ <function process_case at 0x000002175D195480>

> File "C:\Users\rpa.belgo\Documents\Ergondata\KMM\src\bots\jmendes\worker.py", line 37, in process_case
    processed = process(
                └ <function process at 0x000002175D1DCA60>

  File "C:\Users\rpa.belgo\Documents\Ergondata\KMM\src\bots\jmendes\kmm_process.py", line 13, in process
    with KMMActions(service='JMendes') as kmm:
         └ <class 'kmm.services.kmm_actions.KMMActions'>

  File "C:\Users\rpa.belgo\Documents\Ergondata\KMM\src\kmm\services\kmm_actions.py", line 38, in __enter__
    self.start()
    │    └ <function KMMActions.start at 0x000002175DB97760>
    └ <kmm.services.kmm_actions.KMMActions object at 0x000002175E15DCC0>

  File "C:\Users\rpa.belgo\Documents\Ergondata\KMM\src\kmm\services\kmm_actions.py", line 29, in start
    self.driver.start()
    │    │      └ <function KMMIEDriver.start at 0x000002175DAAF010>
    │    └ <kmm.ie_driver.ie_driver.KMMIEDriver object at 0x000002175E15DBA0>
    └ <kmm.services.kmm_actions.KMMActions object at 0x000002175E15DCC0>

  File "C:\Users\rpa.belgo\Documents\Ergondata\KMM\src\kmm\ie_driver\ie_driver.py", line 106, in wrapped
    return object.__getattribute__(self, "_call_with_watchdog")(name, attr, *args, **kwargs)
                                   │                            │     │      │       └ {}
                                   │                            │     │      └ ()
                                   │                            │     └ <bound method KMMIEDriver.start of <kmm.ie_driver.ie_driver.KMMIEDriver object at 0x000002175E15DBA0>>
                                   │                            └ 'start'
                                   └ <kmm.ie_driver.ie_driver.KMMIEDriver object at 0x000002175E15DBA0>

  File "C:\Users\rpa.belgo\Documents\Ergondata\KMM\src\kmm\ie_driver\ie_driver.py", line 150, in _call_with_watchdog
    raise result_box["exc"]
          └ {'value': None, 'exc': SessionNotCreatedException("Unexpected error launching Internet Explorer. IELaunchURL() returned HRESU...

  File "C:\Users\rpa.belgo\Documents\Ergondata\KMM\src\kmm\ie_driver\ie_driver.py", line 127, in runner
    result_box["value"] = fn(*args, **kwargs)
    │                     │   │       └ {}
    │                     │   └ ()
    │                     └ <bound method KMMIEDriver.start of <kmm.ie_driver.ie_driver.KMMIEDriver object at 0x000002175E15DBA0>>
    └ {'value': None, 'exc': SessionNotCreatedException("Unexpected error launching Internet Explorer. IELaunchURL() returned HRESU...

  File "C:\Users\rpa.belgo\Documents\Ergondata\KMM\src\kmm\ie_driver\ie_driver.py", line 187, in start
    self._driver = webdriver.Ie(
    │    │         │         └ <class 'selenium.webdriver.ie.webdriver.WebDriver'>
    │    │         └ <module 'selenium.webdriver' from 'C:\\Users\\rpa.belgo\\Documents\\Ergondata\\KMM\\.venv\\lib\\site-packages\\selenium\\webd...
    │    └ None
    └ <kmm.ie_driver.ie_driver.KMMIEDriver object at 0x000002175E15DBA0>

  File "C:\Users\rpa.belgo\Documents\Ergondata\KMM\.venv\lib\site-packages\selenium\webdriver\ie\webdriver.py", line 93, in __init__
    RemoteWebDriver.__init__(
    │               └ <function WebDriver.__init__ at 0x000002175D9E4AF0>
    └ <class 'selenium.webdriver.remote.webdriver.WebDriver'>

  File "C:\Users\rpa.belgo\Documents\Ergondata\KMM\.venv\lib\site-packages\selenium\webdriver\remote\webdriver.py", line 157, in __init__
    self.start_session(capabilities, browser_profile)
    │    │             │             └ None
    │    │             └ {'browserName': 'internet explorer', 'version': '', 'platform': 'WINDOWS', 'pageLoadStrategy': 'normal', 'ignoreProtectedMode...
    │    └ <function WebDriver.start_session at 0x000002175D9E5090>
    └ <selenium.webdriver.ie.webdriver.WebDriver (session="None")>

  File "C:\Users\rpa.belgo\Documents\Ergondata\KMM\.venv\lib\site-packages\selenium\webdriver\remote\webdriver.py", line 252, in start_session
    response = self.execute(Command.NEW_SESSION, parameters)
               │    │       │       │            └ {'capabilities': {'firstMatch': [{}], 'alwaysMatch': {'browserName': 'internet explorer', 'platformName': 'windows', 'pageLoa...
               │    │       │       └ 'newSession'
               │    │       └ <class 'selenium.webdriver.remote.command.Command'>
               │    └ <function WebDriver.execute at 0x000002175D9E52D0>
               └ <selenium.webdriver.ie.webdriver.WebDriver (session="None")>

  File "C:\Users\rpa.belgo\Documents\Ergondata\KMM\.venv\lib\site-packages\selenium\webdriver\remote\webdriver.py", line 321, in execute
    self.error_handler.check_response(response)
    │    │             │              └ {'status': 500, 'value': '{\n\t"value" : \n\t{\n\t\t"error" : "session not created",\n\t\t"message" : "Unexpected error launc...
    │    │             └ <function ErrorHandler.check_response at 0x000002175D9D7250>
    │    └ <selenium.webdriver.remote.errorhandler.ErrorHandler object at 0x000002175E15C9D0>
    └ <selenium.webdriver.ie.webdriver.WebDriver (session="None")>

  File "C:\Users\rpa.belgo\Documents\Ergondata\KMM\.venv\lib\site-packages\selenium\webdriver\remote\errorhandler.py", line 242, in check_response
    raise exception_class(message, screen, stacktrace)
          │               │        │       └ None
          │               │        └ None
          │               └ "Unexpected error launching Internet Explorer. IELaunchURL() returned HRESULT 80070012 ('Não existem mais arquivos.') for URL...
          └ <class 'selenium.common.exceptions.SessionNotCreatedException'>

selenium.common.exceptions.SessionNotCreatedException: Message: Unexpected error launching Internet Explorer. IELaunchURL() returned HRESULT 80070012 ('Não existem mais arquivos.') for URL 'http://localhost:58006/'

2026-01-12 14:25:02 | ERROR | __main__:process_case | Falha não mapeada. Erro Message: Unexpected error launching Internet Explorer. IELaunchURL() returned HRESULT 80070012 ('Não existem mais arquivos.') for URL 'http://localhost:58021/'
 | {}
Traceback (most recent call last):

  File "C:\Program Files\JetBrains\PyCharm 2025.3.1.1\plugins\python-ce\helpers\pydev\pydevd.py", line 2391, in <module>
    main()
    └ <function main at 0x0000023F971B7D90>

  File "C:\Program Files\JetBrains\PyCharm 2025.3.1.1\plugins\python-ce\helpers\pydev\pydevd.py", line 2372, in main
    globals = debugger.run(setup['file'], None, None, is_module)
              │        │   │                          └ False
              │        │   └ {'port': 58017, 'vm_type': None, 'client': '127.0.0.1', 'server': False, 'DEBUG_RECORD_SOCKET_READS': False, 'multiproc': Fal...
              │        └ <function PyDB.run at 0x0000023F971B6D40>
              └ <__main__.PyDB object at 0x0000023F97189600>

  File "C:\Program Files\JetBrains\PyCharm 2025.3.1.1\plugins\python-ce\helpers\pydev\pydevd.py", line 1640, in run
    return self._exec(is_module, entry_point_fn, module_name, file, globals, locals)
           │    │     │          │               │            │     │        └ {'__name__': '__main__', '__doc__': None, '__package__': '', '__loader__': <_frozen_importlib_external.SourceFileLoader objec...
           │    │     │          │               │            │     └ {'__name__': '__main__', '__doc__': None, '__package__': '', '__loader__': <_frozen_importlib_external.SourceFileLoader objec...
           │    │     │          │               │            └ 'C:\\Users\\rpa.belgo\\Documents\\Ergondata\\KMM\\src\\bots\\jmendes\\worker.py'
           │    │     │          │               └ None
           │    │     │          └ ''
           │    │     └ False
           │    └ <function PyDB._exec at 0x0000023F971B6DD0>
           └ <__main__.PyDB object at 0x0000023F97189600>

  File "C:\Program Files\JetBrains\PyCharm 2025.3.1.1\plugins\python-ce\helpers\pydev\pydevd.py", line 1647, in _exec
    pydev_imports.execfile(file, globals, locals)  # execute the script
    │             │        │     │        └ {'__name__': '__main__', '__doc__': None, '__package__': '', '__loader__': <_frozen_importlib_external.SourceFileLoader objec...
    │             │        │     └ {'__name__': '__main__', '__doc__': None, '__package__': '', '__loader__': <_frozen_importlib_external.SourceFileLoader objec...
    │             │        └ 'C:\\Users\\rpa.belgo\\Documents\\Ergondata\\KMM\\src\\bots\\jmendes\\worker.py'
    │             └ <function execfile at 0x0000023F96F53130>
    └ <module '_pydev_bundle.pydev_imports' from 'C:\\Program Files\\JetBrains\\PyCharm 2025.3.1.1\\plugins\\python-ce\\helpers\\py...

  File "C:\Program Files\JetBrains\PyCharm 2025.3.1.1\plugins\python-ce\helpers\pydev\_pydev_imps\_pydev_execfile.py", line 18, in execfile
    exec(compile(contents+"\n", file, 'exec'), glob, loc)
                 │              │              │     └ {'__name__': '__main__', '__doc__': None, '__package__': '', '__loader__': <_frozen_importlib_external.SourceFileLoader objec...
                 │              │              └ {'__name__': '__main__', '__doc__': None, '__package__': '', '__loader__': <_frozen_importlib_external.SourceFileLoader objec...
                 │              └ 'C:\\Users\\rpa.belgo\\Documents\\Ergondata\\KMM\\src\\bots\\jmendes\\worker.py'
                 └ 'import json\n# import pika\nimport os\nfrom dotenv import load_dotenv\nfrom src.bots.jmendes.kmm_process import process\nfro...

  File "C:\Users\rpa.belgo\Documents\Ergondata\KMM\src\bots\jmendes\worker.py", line 144, in <module>
    process_case()
    └ <function process_case at 0x0000023F971F5480>

> File "C:\Users\rpa.belgo\Documents\Ergondata\KMM\src\bots\jmendes\worker.py", line 37, in process_case
    processed = process(
                └ <function process at 0x0000023F9723CA60>

  File "C:\Users\rpa.belgo\Documents\Ergondata\KMM\src\bots\jmendes\kmm_process.py", line 13, in process
    with KMMActions(service='JMendes') as kmm:
         └ <class 'kmm.services.kmm_actions.KMMActions'>

  File "C:\Users\rpa.belgo\Documents\Ergondata\KMM\src\kmm\services\kmm_actions.py", line 38, in __enter__
    self.start()
    │    └ <function KMMActions.start at 0x0000023F97BFB760>
    └ <kmm.services.kmm_actions.KMMActions object at 0x0000023F981D1CC0>

  File "C:\Users\rpa.belgo\Documents\Ergondata\KMM\src\kmm\services\kmm_actions.py", line 29, in start
    self.driver.start()
    │    │      └ <function KMMIEDriver.start at 0x0000023F97B0EF80>
    │    └ <kmm.ie_driver.ie_driver.KMMIEDriver object at 0x0000023F981D1BA0>
    └ <kmm.services.kmm_actions.KMMActions object at 0x0000023F981D1CC0>

  File "C:\Users\rpa.belgo\Documents\Ergondata\KMM\src\kmm\ie_driver\ie_driver.py", line 106, in wrapped
    return object.__getattribute__(self, "_call_with_watchdog")(name, attr, *args, **kwargs)
                                   │                            │     │      │       └ {}
                                   │                            │     │      └ ()
                                   │                            │     └ <bound method KMMIEDriver.start of <kmm.ie_driver.ie_driver.KMMIEDriver object at 0x0000023F981D1BA0>>
                                   │                            └ 'start'
                                   └ <kmm.ie_driver.ie_driver.KMMIEDriver object at 0x0000023F981D1BA0>

  File "C:\Users\rpa.belgo\Documents\Ergondata\KMM\src\kmm\ie_driver\ie_driver.py", line 150, in _call_with_watchdog
    raise result_box["exc"]
          └ {'value': None, 'exc': SessionNotCreatedException("Unexpected error launching Internet Explorer. IELaunchURL() returned HRESU...

  File "C:\Users\rpa.belgo\Documents\Ergondata\KMM\src\kmm\ie_driver\ie_driver.py", line 127, in runner
    result_box["value"] = fn(*args, **kwargs)
    │                     │   │       └ {}
    │                     │   └ ()
    │                     └ <bound method KMMIEDriver.start of <kmm.ie_driver.ie_driver.KMMIEDriver object at 0x0000023F981D1BA0>>
    └ {'value': None, 'exc': SessionNotCreatedException("Unexpected error launching Internet Explorer. IELaunchURL() returned HRESU...

  File "C:\Users\rpa.belgo\Documents\Ergondata\KMM\src\kmm\ie_driver\ie_driver.py", line 187, in start
    self._driver = webdriver.Ie(
    │    │         │         └ <class 'selenium.webdriver.ie.webdriver.WebDriver'>
    │    │         └ <module 'selenium.webdriver' from 'C:\\Users\\rpa.belgo\\Documents\\Ergondata\\KMM\\.venv\\lib\\site-packages\\selenium\\webd...
    │    └ None
    └ <kmm.ie_driver.ie_driver.KMMIEDriver object at 0x0000023F981D1BA0>

  File "C:\Users\rpa.belgo\Documents\Ergondata\KMM\.venv\lib\site-packages\selenium\webdriver\ie\webdriver.py", line 93, in __init__
    RemoteWebDriver.__init__(
    │               └ <function WebDriver.__init__ at 0x0000023F97A44A60>
    └ <class 'selenium.webdriver.remote.webdriver.WebDriver'>

  File "C:\Users\rpa.belgo\Documents\Ergondata\KMM\.venv\lib\site-packages\selenium\webdriver\remote\webdriver.py", line 157, in __init__
    self.start_session(capabilities, browser_profile)
    │    │             │             └ None
    │    │             └ {'browserName': 'internet explorer', 'version': '', 'platform': 'WINDOWS', 'pageLoadStrategy': 'normal', 'ignoreProtectedMode...
    │    └ <function WebDriver.start_session at 0x0000023F97A45000>
    └ <selenium.webdriver.ie.webdriver.WebDriver (session="None")>

  File "C:\Users\rpa.belgo\Documents\Ergondata\KMM\.venv\lib\site-packages\selenium\webdriver\remote\webdriver.py", line 252, in start_session
    response = self.execute(Command.NEW_SESSION, parameters)
               │    │       │       │            └ {'capabilities': {'firstMatch': [{}], 'alwaysMatch': {'browserName': 'internet explorer', 'platformName': 'windows', 'pageLoa...
               │    │       │       └ 'newSession'
               │    │       └ <class 'selenium.webdriver.remote.command.Command'>
               │    └ <function WebDriver.execute at 0x0000023F97A45240>
               └ <selenium.webdriver.ie.webdriver.WebDriver (session="None")>

  File "C:\Users\rpa.belgo\Documents\Ergondata\KMM\.venv\lib\site-packages\selenium\webdriver\remote\webdriver.py", line 321, in execute
    self.error_handler.check_response(response)
    │    │             │              └ {'status': 500, 'value': '{\n\t"value" : \n\t{\n\t\t"error" : "session not created",\n\t\t"message" : "Unexpected error launc...
    │    │             └ <function ErrorHandler.check_response at 0x0000023F97A331C0>
    │    └ <selenium.webdriver.remote.errorhandler.ErrorHandler object at 0x0000023F981D0A30>
    └ <selenium.webdriver.ie.webdriver.WebDriver (session="None")>

  File "C:\Users\rpa.belgo\Documents\Ergondata\KMM\.venv\lib\site-packages\selenium\webdriver\remote\errorhandler.py", line 242, in check_response
    raise exception_class(message, screen, stacktrace)
          │               │        │       └ None
          │               │        └ None
          │               └ "Unexpected error launching Internet Explorer. IELaunchURL() returned HRESULT 80070012 ('Não existem mais arquivos.') for URL...
          └ <class 'selenium.common.exceptions.SessionNotCreatedException'>

selenium.common.exceptions.SessionNotCreatedException: Message: Unexpected error launching Internet Explorer. IELaunchURL() returned HRESULT 80070012 ('Não existem mais arquivos.') for URL 'http://localhost:58021/'

2026-01-12 14:30:18 | ERROR | __main__:process_case | Falha não mapeada. Erro Message: Unexpected error launching Internet Explorer. IELaunchURL() returned HRESULT 80070012 ('Não existem mais arquivos.') for URL 'http://localhost:58070/'
 | {}
Traceback (most recent call last):

  File "C:\Program Files\JetBrains\PyCharm 2025.3.1.1\plugins\python-ce\helpers\pydev\pydevd.py", line 2391, in <module>
    main()
    └ <function main at 0x000002524E7E7D90>

  File "C:\Program Files\JetBrains\PyCharm 2025.3.1.1\plugins\python-ce\helpers\pydev\pydevd.py", line 2372, in main
    globals = debugger.run(setup['file'], None, None, is_module)
              │        │   │                          └ False
              │        │   └ {'port': 58066, 'vm_type': None, 'client': '127.0.0.1', 'server': False, 'DEBUG_RECORD_SOCKET_READS': False, 'multiproc': Fal...
              │        └ <function PyDB.run at 0x000002524E7E6D40>
              └ <__main__.PyDB object at 0x000002524E7B9600>

  File "C:\Program Files\JetBrains\PyCharm 2025.3.1.1\plugins\python-ce\helpers\pydev\pydevd.py", line 1640, in run
    return self._exec(is_module, entry_point_fn, module_name, file, globals, locals)
           │    │     │          │               │            │     │        └ {'__name__': '__main__', '__doc__': None, '__package__': '', '__loader__': <_frozen_importlib_external.SourceFileLoader objec...
           │    │     │          │               │            │     └ {'__name__': '__main__', '__doc__': None, '__package__': '', '__loader__': <_frozen_importlib_external.SourceFileLoader objec...
           │    │     │          │               │            └ 'C:\\Users\\rpa.belgo\\Documents\\Ergondata\\KMM\\src\\bots\\jmendes\\worker.py'
           │    │     │          │               └ None
           │    │     │          └ ''
           │    │     └ False
           │    └ <function PyDB._exec at 0x000002524E7E6DD0>
           └ <__main__.PyDB object at 0x000002524E7B9600>

  File "C:\Program Files\JetBrains\PyCharm 2025.3.1.1\plugins\python-ce\helpers\pydev\pydevd.py", line 1647, in _exec
    pydev_imports.execfile(file, globals, locals)  # execute the script
    │             │        │     │        └ {'__name__': '__main__', '__doc__': None, '__package__': '', '__loader__': <_frozen_importlib_external.SourceFileLoader objec...
    │             │        │     └ {'__name__': '__main__', '__doc__': None, '__package__': '', '__loader__': <_frozen_importlib_external.SourceFileLoader objec...
    │             │        └ 'C:\\Users\\rpa.belgo\\Documents\\Ergondata\\KMM\\src\\bots\\jmendes\\worker.py'
    │             └ <function execfile at 0x000002524E583130>
    └ <module '_pydev_bundle.pydev_imports' from 'C:\\Program Files\\JetBrains\\PyCharm 2025.3.1.1\\plugins\\python-ce\\helpers\\py...

  File "C:\Program Files\JetBrains\PyCharm 2025.3.1.1\plugins\python-ce\helpers\pydev\_pydev_imps\_pydev_execfile.py", line 18, in execfile
    exec(compile(contents+"\n", file, 'exec'), glob, loc)
                 │              │              │     └ {'__name__': '__main__', '__doc__': None, '__package__': '', '__loader__': <_frozen_importlib_external.SourceFileLoader objec...
                 │              │              └ {'__name__': '__main__', '__doc__': None, '__package__': '', '__loader__': <_frozen_importlib_external.SourceFileLoader objec...
                 │              └ 'C:\\Users\\rpa.belgo\\Documents\\Ergondata\\KMM\\src\\bots\\jmendes\\worker.py'
                 └ 'import json\n# import pika\nimport os\nfrom dotenv import load_dotenv\nfrom src.bots.jmendes.kmm_process import process\nfro...

  File "C:\Users\rpa.belgo\Documents\Ergondata\KMM\src\bots\jmendes\worker.py", line 144, in <module>
    process_case()
    └ <function process_case at 0x000002524E825480>

> File "C:\Users\rpa.belgo\Documents\Ergondata\KMM\src\bots\jmendes\worker.py", line 37, in process_case
    processed = process(
                └ <function process at 0x000002524E86CA60>

  File "C:\Users\rpa.belgo\Documents\Ergondata\KMM\src\bots\jmendes\kmm_process.py", line 13, in process
    with KMMActions(service='JMendes') as kmm:
         └ <class 'kmm.services.kmm_actions.KMMActions'>

  File "C:\Users\rpa.belgo\Documents\Ergondata\KMM\src\kmm\services\kmm_actions.py", line 38, in __enter__
    self.start()
    │    └ <function KMMActions.start at 0x000002524F227760>
    └ <kmm.services.kmm_actions.KMMActions object at 0x000002524F7F9CC0>

  File "C:\Users\rpa.belgo\Documents\Ergondata\KMM\src\kmm\services\kmm_actions.py", line 29, in start
    self.driver.start()
    │    │      └ <function KMMIEDriver.start at 0x000002524F143010>
    │    └ <kmm.ie_driver.ie_driver.KMMIEDriver object at 0x000002524F7F9BA0>
    └ <kmm.services.kmm_actions.KMMActions object at 0x000002524F7F9CC0>

  File "C:\Users\rpa.belgo\Documents\Ergondata\KMM\src\kmm\ie_driver\ie_driver.py", line 106, in wrapped
    return object.__getattribute__(self, "_call_with_watchdog")(name, attr, *args, **kwargs)
                                   │                            │     │      │       └ {}
                                   │                            │     │      └ ()
                                   │                            │     └ <bound method KMMIEDriver.start of <kmm.ie_driver.ie_driver.KMMIEDriver object at 0x000002524F7F9BA0>>
                                   │                            └ 'start'
                                   └ <kmm.ie_driver.ie_driver.KMMIEDriver object at 0x000002524F7F9BA0>

  File "C:\Users\rpa.belgo\Documents\Ergondata\KMM\src\kmm\ie_driver\ie_driver.py", line 150, in _call_with_watchdog
    raise result_box["exc"]
          └ {'value': None, 'exc': SessionNotCreatedException("Unexpected error launching Internet Explorer. IELaunchURL() returned HRESU...

  File "C:\Users\rpa.belgo\Documents\Ergondata\KMM\src\kmm\ie_driver\ie_driver.py", line 127, in runner
    result_box["value"] = fn(*args, **kwargs)
    │                     │   │       └ {}
    │                     │   └ ()
    │                     └ <bound method KMMIEDriver.start of <kmm.ie_driver.ie_driver.KMMIEDriver object at 0x000002524F7F9BA0>>
    └ {'value': None, 'exc': SessionNotCreatedException("Unexpected error launching Internet Explorer. IELaunchURL() returned HRESU...

  File "C:\Users\rpa.belgo\Documents\Ergondata\KMM\src\kmm\ie_driver\ie_driver.py", line 187, in start
    self._driver = webdriver.Ie(
    │    │         │         └ <class 'selenium.webdriver.ie.webdriver.WebDriver'>
    │    │         └ <module 'selenium.webdriver' from 'C:\\Users\\rpa.belgo\\Documents\\Ergondata\\KMM\\.venv\\lib\\site-packages\\selenium\\webd...
    │    └ None
    └ <kmm.ie_driver.ie_driver.KMMIEDriver object at 0x000002524F7F9BA0>

  File "C:\Users\rpa.belgo\Documents\Ergondata\KMM\.venv\lib\site-packages\selenium\webdriver\ie\webdriver.py", line 93, in __init__
    RemoteWebDriver.__init__(
    │               └ <function WebDriver.__init__ at 0x000002524F078AF0>
    └ <class 'selenium.webdriver.remote.webdriver.WebDriver'>

  File "C:\Users\rpa.belgo\Documents\Ergondata\KMM\.venv\lib\site-packages\selenium\webdriver\remote\webdriver.py", line 157, in __init__
    self.start_session(capabilities, browser_profile)
    │    │             │             └ None
    │    │             └ {'browserName': 'internet explorer', 'version': '', 'platform': 'WINDOWS', 'pageLoadStrategy': 'normal', 'ignoreProtectedMode...
    │    └ <function WebDriver.start_session at 0x000002524F079090>
    └ <selenium.webdriver.ie.webdriver.WebDriver (session="None")>

  File "C:\Users\rpa.belgo\Documents\Ergondata\KMM\.venv\lib\site-packages\selenium\webdriver\remote\webdriver.py", line 252, in start_session
    response = self.execute(Command.NEW_SESSION, parameters)
               │    │       │       │            └ {'capabilities': {'firstMatch': [{}], 'alwaysMatch': {'browserName': 'internet explorer', 'platformName': 'windows', 'pageLoa...
               │    │       │       └ 'newSession'
               │    │       └ <class 'selenium.webdriver.remote.command.Command'>
               │    └ <function WebDriver.execute at 0x000002524F0792D0>
               └ <selenium.webdriver.ie.webdriver.WebDriver (session="None")>

  File "C:\Users\rpa.belgo\Documents\Ergondata\KMM\.venv\lib\site-packages\selenium\webdriver\remote\webdriver.py", line 321, in execute
    self.error_handler.check_response(response)
    │    │             │              └ {'status': 500, 'value': '{\n\t"value" : \n\t{\n\t\t"error" : "session not created",\n\t\t"message" : "Unexpected error launc...
    │    │             └ <function ErrorHandler.check_response at 0x000002524F06B250>
    │    └ <selenium.webdriver.remote.errorhandler.ErrorHandler object at 0x000002524F7F89D0>
    └ <selenium.webdriver.ie.webdriver.WebDriver (session="None")>

  File "C:\Users\rpa.belgo\Documents\Ergondata\KMM\.venv\lib\site-packages\selenium\webdriver\remote\errorhandler.py", line 242, in check_response
    raise exception_class(message, screen, stacktrace)
          │               │        │       └ None
          │               │        └ None
          │               └ "Unexpected error launching Internet Explorer. IELaunchURL() returned HRESULT 80070012 ('Não existem mais arquivos.') for URL...
          └ <class 'selenium.common.exceptions.SessionNotCreatedException'>

selenium.common.exceptions.SessionNotCreatedException: Message: Unexpected error launching Internet Explorer. IELaunchURL() returned HRESULT 80070012 ('Não existem mais arquivos.') for URL 'http://localhost:58070/'

2026-01-12 14:39:03 | ERROR | __main__:process_case | Falha não mapeada. Erro ('Connection aborted.', ConnectionResetError(10054, 'Foi forçado o cancelamento de uma conexão existente pelo host remoto', None, 10054, None)) | {}
Traceback (most recent call last):

  File "C:\Users\rpa.belgo\Documents\Ergondata\KMM\.venv\lib\site-packages\urllib3\connectionpool.py", line 715, in urlopen
    httplib_response = self._make_request(
                       │    └ <function HTTPConnectionPool._make_request at 0x0000025D3CDB96C0>
                       └ <urllib3.connectionpool.HTTPConnectionPool object at 0x0000025D3D53D480>

  File "C:\Users\rpa.belgo\Documents\Ergondata\KMM\.venv\lib\site-packages\urllib3\connectionpool.py", line 467, in _make_request
    six.raise_from(e, None)
    │   └ <function raise_from at 0x0000025D3CD0F370>
    └ <module 'urllib3.packages.six' from 'C:\\Users\\rpa.belgo\\Documents\\Ergondata\\KMM\\.venv\\lib\\site-packages\\urllib3\\pac...

  File "<string>", line 3, in raise_from

  File "C:\Users\rpa.belgo\Documents\Ergondata\KMM\.venv\lib\site-packages\urllib3\connectionpool.py", line 462, in _make_request
    httplib_response = conn.getresponse()
                       │    └ <function HTTPConnection.getresponse at 0x0000025D3B0D5360>
                       └ <urllib3.connection.HTTPConnection object at 0x0000025D3D53D0F0>

  File "C:\Users\rpa.belgo\AppData\Roaming\uv\python\cpython-3.10.19-windows-x86_64-none\lib\http\client.py", line 1375, in getresponse
    response.begin()
    │        └ <function HTTPResponse.begin at 0x0000025D3B0B76D0>
    └ <http.client.HTTPResponse object at 0x0000025D3D53D7B0>

  File "C:\Users\rpa.belgo\AppData\Roaming\uv\python\cpython-3.10.19-windows-x86_64-none\lib\http\client.py", line 318, in begin
    version, status, reason = self._read_status()
                              │    └ <function HTTPResponse._read_status at 0x0000025D3B0B7640>
                              └ <http.client.HTTPResponse object at 0x0000025D3D53D7B0>

  File "C:\Users\rpa.belgo\AppData\Roaming\uv\python\cpython-3.10.19-windows-x86_64-none\lib\http\client.py", line 279, in _read_status
    line = str(self.fp.readline(_MAXLINE + 1), "iso-8859-1")
               │    │           └ 65536
               │    └ None
               └ <http.client.HTTPResponse object at 0x0000025D3D53D7B0>

  File "C:\Users\rpa.belgo\AppData\Roaming\uv\python\cpython-3.10.19-windows-x86_64-none\lib\socket.py", line 717, in readinto
    return self._sock.recv_into(b)
           │    │               └ <memory at 0x0000025D3D580280>
           │    └ None
           └ <socket.SocketIO object at 0x0000025D3D53D780>

ConnectionResetError: [WinError 10054] Foi forçado o cancelamento de uma conexão existente pelo host remoto


During handling of the above exception, another exception occurred:


Traceback (most recent call last):

  File "C:\Program Files\JetBrains\PyCharm 2025.3.1.1\plugins\python-ce\helpers\pydev\pydevd.py", line 2391, in <module>
    main()
    └ <function main at 0x0000025D3C537D90>

  File "C:\Program Files\JetBrains\PyCharm 2025.3.1.1\plugins\python-ce\helpers\pydev\pydevd.py", line 2372, in main
    globals = debugger.run(setup['file'], None, None, is_module)
              │        │   │                          └ False
              │        │   └ {'port': 58469, 'vm_type': None, 'client': '127.0.0.1', 'server': False, 'DEBUG_RECORD_SOCKET_READS': False, 'multiproc': Fal...
              │        └ <function PyDB.run at 0x0000025D3C536D40>
              └ <__main__.PyDB object at 0x0000025D3C509600>

  File "C:\Program Files\JetBrains\PyCharm 2025.3.1.1\plugins\python-ce\helpers\pydev\pydevd.py", line 1640, in run
    return self._exec(is_module, entry_point_fn, module_name, file, globals, locals)
           │    │     │          │               │            │     │        └ {'__name__': '__main__', '__doc__': None, '__package__': '', '__loader__': <_frozen_importlib_external.SourceFileLoader objec...
           │    │     │          │               │            │     └ {'__name__': '__main__', '__doc__': None, '__package__': '', '__loader__': <_frozen_importlib_external.SourceFileLoader objec...
           │    │     │          │               │            └ 'C:\\Users\\rpa.belgo\\Documents\\Ergondata\\KMM\\src\\bots\\jmendes\\worker.py'
           │    │     │          │               └ None
           │    │     │          └ ''
           │    │     └ False
           │    └ <function PyDB._exec at 0x0000025D3C536DD0>
           └ <__main__.PyDB object at 0x0000025D3C509600>

  File "C:\Program Files\JetBrains\PyCharm 2025.3.1.1\plugins\python-ce\helpers\pydev\pydevd.py", line 1647, in _exec
    pydev_imports.execfile(file, globals, locals)  # execute the script
    │             │        │     │        └ {'__name__': '__main__', '__doc__': None, '__package__': '', '__loader__': <_frozen_importlib_external.SourceFileLoader objec...
    │             │        │     └ {'__name__': '__main__', '__doc__': None, '__package__': '', '__loader__': <_frozen_importlib_external.SourceFileLoader objec...
    │             │        └ 'C:\\Users\\rpa.belgo\\Documents\\Ergondata\\KMM\\src\\bots\\jmendes\\worker.py'
    │             └ <function execfile at 0x0000025D3C2D3130>
    └ <module '_pydev_bundle.pydev_imports' from 'C:\\Program Files\\JetBrains\\PyCharm 2025.3.1.1\\plugins\\python-ce\\helpers\\py...

  File "C:\Program Files\JetBrains\PyCharm 2025.3.1.1\plugins\python-ce\helpers\pydev\_pydev_imps\_pydev_execfile.py", line 18, in execfile
    exec(compile(contents+"\n", file, 'exec'), glob, loc)
                 │              │              │     └ {'__name__': '__main__', '__doc__': None, '__package__': '', '__loader__': <_frozen_importlib_external.SourceFileLoader objec...
                 │              │              └ {'__name__': '__main__', '__doc__': None, '__package__': '', '__loader__': <_frozen_importlib_external.SourceFileLoader objec...
                 │              └ 'C:\\Users\\rpa.belgo\\Documents\\Ergondata\\KMM\\src\\bots\\jmendes\\worker.py'
                 └ 'import json\n# import pika\nimport os\nfrom dotenv import load_dotenv\nfrom src.bots.jmendes.kmm_process import process\nfro...

  File "C:\Users\rpa.belgo\Documents\Ergondata\KMM\src\bots\jmendes\worker.py", line 144, in <module>
    process_case()
    └ <function process_case at 0x0000025D3C575480>

> File "C:\Users\rpa.belgo\Documents\Ergondata\KMM\src\bots\jmendes\worker.py", line 37, in process_case
    processed = process(
                └ <function process at 0x0000025D3C5BCA60>

  File "C:\Users\rpa.belgo\Documents\Ergondata\KMM\src\bots\jmendes\kmm_process.py", line 13, in process
    with KMMActions(service='JMendes') as kmm:
         └ <class 'kmm.services.kmm_actions.KMMActions'>

  File "C:\Users\rpa.belgo\Documents\Ergondata\KMM\src\kmm\services\kmm_actions.py", line 38, in __enter__
    self.start()
    │    └ <function KMMActions.start at 0x0000025D3CF77760>
    └ <kmm.services.kmm_actions.KMMActions object at 0x0000025D3D53DCC0>

  File "C:\Users\rpa.belgo\Documents\Ergondata\KMM\src\kmm\services\kmm_actions.py", line 29, in start
    self.driver.start()
    │    │      └ <function KMMIEDriver.start at 0x0000025D3CE93010>
    │    └ <kmm.ie_driver.ie_driver.KMMIEDriver object at 0x0000025D3D53DBA0>
    └ <kmm.services.kmm_actions.KMMActions object at 0x0000025D3D53DCC0>

  File "C:\Users\rpa.belgo\Documents\Ergondata\KMM\src\kmm\ie_driver\ie_driver.py", line 106, in wrapped
    return object.__getattribute__(self, "_call_with_watchdog")(name, attr, *args, **kwargs)
                                   │                            │     │      │       └ {}
                                   │                            │     │      └ ()
                                   │                            │     └ <bound method KMMIEDriver.start of <kmm.ie_driver.ie_driver.KMMIEDriver object at 0x0000025D3D53DBA0>>
                                   │                            └ 'start'
                                   └ <kmm.ie_driver.ie_driver.KMMIEDriver object at 0x0000025D3D53DBA0>

  File "C:\Users\rpa.belgo\Documents\Ergondata\KMM\src\kmm\ie_driver\ie_driver.py", line 150, in _call_with_watchdog
    raise result_box["exc"]
          └ {'value': None, 'exc': ProtocolError('Connection aborted.', ConnectionResetError(10054, 'Foi forçado o cancelamento de uma co...

  File "C:\Users\rpa.belgo\Documents\Ergondata\KMM\src\kmm\ie_driver\ie_driver.py", line 127, in runner
    result_box["value"] = fn(*args, **kwargs)
    │                     │   │       └ {}
    │                     │   └ ()
    │                     └ <bound method KMMIEDriver.start of <kmm.ie_driver.ie_driver.KMMIEDriver object at 0x0000025D3D53DBA0>>
    └ {'value': None, 'exc': ProtocolError('Connection aborted.', ConnectionResetError(10054, 'Foi forçado o cancelamento de uma co...

  File "C:\Users\rpa.belgo\Documents\Ergondata\KMM\src\kmm\ie_driver\ie_driver.py", line 187, in start
    self._driver = webdriver.Ie(
    │    │         │         └ <class 'selenium.webdriver.ie.webdriver.WebDriver'>
    │    │         └ <module 'selenium.webdriver' from 'C:\\Users\\rpa.belgo\\Documents\\Ergondata\\KMM\\.venv\\lib\\site-packages\\selenium\\webd...
    │    └ None
    └ <kmm.ie_driver.ie_driver.KMMIEDriver object at 0x0000025D3D53DBA0>

  File "C:\Users\rpa.belgo\Documents\Ergondata\KMM\.venv\lib\site-packages\selenium\webdriver\ie\webdriver.py", line 93, in __init__
    RemoteWebDriver.__init__(
    │               └ <function WebDriver.__init__ at 0x0000025D3CDC8AF0>
    └ <class 'selenium.webdriver.remote.webdriver.WebDriver'>

  File "C:\Users\rpa.belgo\Documents\Ergondata\KMM\.venv\lib\site-packages\selenium\webdriver\remote\webdriver.py", line 157, in __init__
    self.start_session(capabilities, browser_profile)
    │    │             │             └ None
    │    │             └ {'browserName': 'internet explorer', 'version': '', 'platform': 'WINDOWS', 'pageLoadStrategy': 'normal', 'ignoreProtectedMode...
    │    └ <function WebDriver.start_session at 0x0000025D3CDC9090>
    └ <selenium.webdriver.ie.webdriver.WebDriver (session="None")>

  File "C:\Users\rpa.belgo\Documents\Ergondata\KMM\.venv\lib\site-packages\selenium\webdriver\remote\webdriver.py", line 252, in start_session
    response = self.execute(Command.NEW_SESSION, parameters)
               │    │       │       │            └ {'capabilities': {'firstMatch': [{}], 'alwaysMatch': {'browserName': 'internet explorer', 'platformName': 'windows', 'pageLoa...
               │    │       │       └ 'newSession'
               │    │       └ <class 'selenium.webdriver.remote.command.Command'>
               │    └ <function WebDriver.execute at 0x0000025D3CDC92D0>
               └ <selenium.webdriver.ie.webdriver.WebDriver (session="None")>

  File "C:\Users\rpa.belgo\Documents\Ergondata\KMM\.venv\lib\site-packages\selenium\webdriver\remote\webdriver.py", line 319, in execute
    response = self.command_executor.execute(driver_command, params)
               │    │                │       │               └ {'capabilities': {'firstMatch': [{}], 'alwaysMatch': {'browserName': 'internet explorer', 'platformName': 'windows', 'pageLoa...
               │    │                │       └ 'newSession'
               │    │                └ <function RemoteConnection.execute at 0x0000025D3CDBB880>
               │    └ <selenium.webdriver.remote.remote_connection.RemoteConnection object at 0x0000025D3D53CD60>
               └ <selenium.webdriver.ie.webdriver.WebDriver (session="None")>

  File "C:\Users\rpa.belgo\Documents\Ergondata\KMM\.venv\lib\site-packages\selenium\webdriver\remote\remote_connection.py", line 374, in execute
    return self._request(command_info[0], url, body=data)
           │    │        │                │         └ '{"capabilities": {"firstMatch": [{}], "alwaysMatch": {"browserName": "internet explorer", "platformName": "windows", "pageLo...
           │    │        │                └ 'http://127.0.0.1:58473/session'
           │    │        └ ('POST', '/session')
           │    └ <function RemoteConnection._request at 0x0000025D3CDBB910>
           └ <selenium.webdriver.remote.remote_connection.RemoteConnection object at 0x0000025D3D53CD60>

  File "C:\Users\rpa.belgo\Documents\Ergondata\KMM\.venv\lib\site-packages\selenium\webdriver\remote\remote_connection.py", line 402, in _request
    resp = http.request(method, url, body=body, headers=headers)
           │    │       │       │         │             └ {'Accept': 'application/json', 'Content-Type': 'application/json;charset=UTF-8', 'User-Agent': 'selenium/3.141.0 (python wind...
           │    │       │       │         └ '{"capabilities": {"firstMatch": [{}], "alwaysMatch": {"browserName": "internet explorer", "platformName": "windows", "pageLo...
           │    │       │       └ 'http://127.0.0.1:58473/session'
           │    │       └ 'POST'
           │    └ <function RequestMethods.request at 0x0000025D3CD8EC20>
           └ <urllib3.poolmanager.PoolManager object at 0x0000025D3D53CA90>

  File "C:\Users\rpa.belgo\Documents\Ergondata\KMM\.venv\lib\site-packages\urllib3\request.py", line 81, in request
    return self.request_encode_body(
           │    └ <function RequestMethods.request_encode_body at 0x0000025D3CD8ED40>
           └ <urllib3.poolmanager.PoolManager object at 0x0000025D3D53CA90>

  File "C:\Users\rpa.belgo\Documents\Ergondata\KMM\.venv\lib\site-packages\urllib3\request.py", line 173, in request_encode_body
    return self.urlopen(method, url, **extra_kw)
           │    │       │       │      └ {'headers': {'Accept': 'application/json', 'Content-Type': 'application/json;charset=UTF-8', 'User-Agent': 'selenium/3.141.0 ...
           │    │       │       └ 'http://127.0.0.1:58473/session'
           │    │       └ 'POST'
           │    └ <function PoolManager.urlopen at 0x0000025D3CDBAE60>
           └ <urllib3.poolmanager.PoolManager object at 0x0000025D3D53CA90>

  File "C:\Users\rpa.belgo\Documents\Ergondata\KMM\.venv\lib\site-packages\urllib3\poolmanager.py", line 376, in urlopen
    response = conn.urlopen(method, u.request_uri, **kw)
               │    │       │       │ │              └ {'headers': {'Accept': 'application/json', 'Content-Type': 'application/json;charset=UTF-8', 'User-Agent': 'selenium/3.141.0 ...
               │    │       │       │ └ <property object at 0x0000025D3CD72ED0>
               │    │       │       └ Url(scheme='http', auth=None, host='127.0.0.1', port=58473, path='/session', query=None, fragment=None)
               │    │       └ 'POST'
               │    └ <function HTTPConnectionPool.urlopen at 0x0000025D3CDB9900>
               └ <urllib3.connectionpool.HTTPConnectionPool object at 0x0000025D3D53D480>

  File "C:\Users\rpa.belgo\Documents\Ergondata\KMM\.venv\lib\site-packages\urllib3\connectionpool.py", line 799, in urlopen
    retries = retries.increment(
              │       └ <function Retry.increment at 0x0000025D3CD75990>
              └ Retry(total=3, connect=None, read=None, redirect=None, status=None)

  File "C:\Users\rpa.belgo\Documents\Ergondata\KMM\.venv\lib\site-packages\urllib3\util\retry.py", line 550, in increment
    raise six.reraise(type(error), error, _stacktrace)
          │   │            │       │      └ <traceback object at 0x0000025D3D593480>
          │   │            │       └ ProtocolError('Connection aborted.', ConnectionResetError(10054, 'Foi forçado o cancelamento de uma conexão existente pelo ho...
          │   │            └ ProtocolError('Connection aborted.', ConnectionResetError(10054, 'Foi forçado o cancelamento de uma conexão existente pelo ho...
          │   └ <function reraise at 0x0000025D3CD0F2E0>
          └ <module 'urllib3.packages.six' from 'C:\\Users\\rpa.belgo\\Documents\\Ergondata\\KMM\\.venv\\lib\\site-packages\\urllib3\\pac...

  File "C:\Users\rpa.belgo\Documents\Ergondata\KMM\.venv\lib\site-packages\urllib3\packages\six.py", line 769, in reraise
    raise value.with_traceback(tb)
          │                    └ None
          └ None

  File "C:\Users\rpa.belgo\Documents\Ergondata\KMM\.venv\lib\site-packages\urllib3\connectionpool.py", line 715, in urlopen
    httplib_response = self._make_request(
                       │    └ <function HTTPConnectionPool._make_request at 0x0000025D3CDB96C0>
                       └ <urllib3.connectionpool.HTTPConnectionPool object at 0x0000025D3D53D480>

  File "C:\Users\rpa.belgo\Documents\Ergondata\KMM\.venv\lib\site-packages\urllib3\connectionpool.py", line 467, in _make_request
    six.raise_from(e, None)
    │   └ <function raise_from at 0x0000025D3CD0F370>
    └ <module 'urllib3.packages.six' from 'C:\\Users\\rpa.belgo\\Documents\\Ergondata\\KMM\\.venv\\lib\\site-packages\\urllib3\\pac...

  File "<string>", line 3, in raise_from

  File "C:\Users\rpa.belgo\Documents\Ergondata\KMM\.venv\lib\site-packages\urllib3\connectionpool.py", line 462, in _make_request
    httplib_response = conn.getresponse()
                       │    └ <function HTTPConnection.getresponse at 0x0000025D3B0D5360>
                       └ <urllib3.connection.HTTPConnection object at 0x0000025D3D53D0F0>

  File "C:\Users\rpa.belgo\AppData\Roaming\uv\python\cpython-3.10.19-windows-x86_64-none\lib\http\client.py", line 1375, in getresponse
    response.begin()
    │        └ <function HTTPResponse.begin at 0x0000025D3B0B76D0>
    └ <http.client.HTTPResponse object at 0x0000025D3D53D7B0>

  File "C:\Users\rpa.belgo\AppData\Roaming\uv\python\cpython-3.10.19-windows-x86_64-none\lib\http\client.py", line 318, in begin
    version, status, reason = self._read_status()
                              │    └ <function HTTPResponse._read_status at 0x0000025D3B0B7640>
                              └ <http.client.HTTPResponse object at 0x0000025D3D53D7B0>

  File "C:\Users\rpa.belgo\AppData\Roaming\uv\python\cpython-3.10.19-windows-x86_64-none\lib\http\client.py", line 279, in _read_status
    line = str(self.fp.readline(_MAXLINE + 1), "iso-8859-1")
               │    │           └ 65536
               │    └ None
               └ <http.client.HTTPResponse object at 0x0000025D3D53D7B0>

  File "C:\Users\rpa.belgo\AppData\Roaming\uv\python\cpython-3.10.19-windows-x86_64-none\lib\socket.py", line 717, in readinto
    return self._sock.recv_into(b)
           │    │               └ <memory at 0x0000025D3D580280>
           │    └ None
           └ <socket.SocketIO object at 0x0000025D3D53D780>

urllib3.exceptions.ProtocolError: ('Connection aborted.', ConnectionResetError(10054, 'Foi forçado o cancelamento de uma conexão existente pelo host remoto', None, 10054, None))
2026-01-12 14:41:27 | ERROR | __main__:process_case | Falha não mapeada. Erro Message: Unexpected error launching Internet Explorer. IELaunchURL() returned HRESULT 80070012 ('Não existem mais arquivos.') for URL 'http://localhost:58500/'
 | {}
Traceback (most recent call last):

  File "C:\Program Files\JetBrains\PyCharm 2025.3.1.1\plugins\python-ce\helpers\pydev\pydevd.py", line 2391, in <module>
    main()
    └ <function main at 0x000002132C297D90>

  File "C:\Program Files\JetBrains\PyCharm 2025.3.1.1\plugins\python-ce\helpers\pydev\pydevd.py", line 2372, in main
    globals = debugger.run(setup['file'], None, None, is_module)
              │        │   │                          └ False
              │        │   └ {'port': 58496, 'vm_type': None, 'client': '127.0.0.1', 'server': False, 'DEBUG_RECORD_SOCKET_READS': False, 'multiproc': Fal...
              │        └ <function PyDB.run at 0x000002132C296D40>
              └ <__main__.PyDB object at 0x000002132C269600>

  File "C:\Program Files\JetBrains\PyCharm 2025.3.1.1\plugins\python-ce\helpers\pydev\pydevd.py", line 1640, in run
    return self._exec(is_module, entry_point_fn, module_name, file, globals, locals)
           │    │     │          │               │            │     │        └ {'__name__': '__main__', '__doc__': None, '__package__': '', '__loader__': <_frozen_importlib_external.SourceFileLoader objec...
           │    │     │          │               │            │     └ {'__name__': '__main__', '__doc__': None, '__package__': '', '__loader__': <_frozen_importlib_external.SourceFileLoader objec...
           │    │     │          │               │            └ 'C:\\Users\\rpa.belgo\\Documents\\Ergondata\\KMM\\src\\bots\\jmendes\\worker.py'
           │    │     │          │               └ None
           │    │     │          └ ''
           │    │     └ False
           │    └ <function PyDB._exec at 0x000002132C296DD0>
           └ <__main__.PyDB object at 0x000002132C269600>

  File "C:\Program Files\JetBrains\PyCharm 2025.3.1.1\plugins\python-ce\helpers\pydev\pydevd.py", line 1647, in _exec
    pydev_imports.execfile(file, globals, locals)  # execute the script
    │             │        │     │        └ {'__name__': '__main__', '__doc__': None, '__package__': '', '__loader__': <_frozen_importlib_external.SourceFileLoader objec...
    │             │        │     └ {'__name__': '__main__', '__doc__': None, '__package__': '', '__loader__': <_frozen_importlib_external.SourceFileLoader objec...
    │             │        └ 'C:\\Users\\rpa.belgo\\Documents\\Ergondata\\KMM\\src\\bots\\jmendes\\worker.py'
    │             └ <function execfile at 0x000002132C033130>
    └ <module '_pydev_bundle.pydev_imports' from 'C:\\Program Files\\JetBrains\\PyCharm 2025.3.1.1\\plugins\\python-ce\\helpers\\py...

  File "C:\Program Files\JetBrains\PyCharm 2025.3.1.1\plugins\python-ce\helpers\pydev\_pydev_imps\_pydev_execfile.py", line 18, in execfile
    exec(compile(contents+"\n", file, 'exec'), glob, loc)
                 │              │              │     └ {'__name__': '__main__', '__doc__': None, '__package__': '', '__loader__': <_frozen_importlib_external.SourceFileLoader objec...
                 │              │              └ {'__name__': '__main__', '__doc__': None, '__package__': '', '__loader__': <_frozen_importlib_external.SourceFileLoader objec...
                 │              └ 'C:\\Users\\rpa.belgo\\Documents\\Ergondata\\KMM\\src\\bots\\jmendes\\worker.py'
                 └ 'import json\n# import pika\nimport os\nfrom dotenv import load_dotenv\nfrom src.bots.jmendes.kmm_process import process\nfro...

  File "C:\Users\rpa.belgo\Documents\Ergondata\KMM\src\bots\jmendes\worker.py", line 144, in <module>
    process_case()
    └ <function process_case at 0x000002132C2D9480>

> File "C:\Users\rpa.belgo\Documents\Ergondata\KMM\src\bots\jmendes\worker.py", line 37, in process_case
    processed = process(
                └ <function process at 0x000002132C31CA60>

  File "C:\Users\rpa.belgo\Documents\Ergondata\KMM\src\bots\jmendes\kmm_process.py", line 13, in process
    with KMMActions(service='JMendes') as kmm:
         └ <class 'kmm.services.kmm_actions.KMMActions'>

  File "C:\Users\rpa.belgo\Documents\Ergondata\KMM\src\kmm\services\kmm_actions.py", line 38, in __enter__
    self.start()
    │    └ <function KMMActions.start at 0x000002132CCFD1B0>
    └ <kmm.services.kmm_actions.KMMActions object at 0x000002132D29DCC0>

  File "C:\Users\rpa.belgo\Documents\Ergondata\KMM\src\kmm\services\kmm_actions.py", line 29, in start
    self.driver.start()
    │    │      └ <function KMMIEDriver.start at 0x000002132CBF3010>
    │    └ <kmm.ie_driver.ie_driver.KMMIEDriver object at 0x000002132D29DBA0>
    └ <kmm.services.kmm_actions.KMMActions object at 0x000002132D29DCC0>

  File "C:\Users\rpa.belgo\Documents\Ergondata\KMM\src\kmm\ie_driver\ie_driver.py", line 106, in wrapped
    return object.__getattribute__(self, "_call_with_watchdog")(name, attr, *args, **kwargs)
                                   │                            │     │      │       └ {}
                                   │                            │     │      └ ()
                                   │                            │     └ <bound method KMMIEDriver.start of <kmm.ie_driver.ie_driver.KMMIEDriver object at 0x000002132D29DBA0>>
                                   │                            └ 'start'
                                   └ <kmm.ie_driver.ie_driver.KMMIEDriver object at 0x000002132D29DBA0>

  File "C:\Users\rpa.belgo\Documents\Ergondata\KMM\src\kmm\ie_driver\ie_driver.py", line 150, in _call_with_watchdog
    raise result_box["exc"]
          └ {'value': None, 'exc': SessionNotCreatedException("Unexpected error launching Internet Explorer. IELaunchURL() returned HRESU...

  File "C:\Users\rpa.belgo\Documents\Ergondata\KMM\src\kmm\ie_driver\ie_driver.py", line 127, in runner
    result_box["value"] = fn(*args, **kwargs)
    │                     │   │       └ {}
    │                     │   └ ()
    │                     └ <bound method KMMIEDriver.start of <kmm.ie_driver.ie_driver.KMMIEDriver object at 0x000002132D29DBA0>>
    └ {'value': None, 'exc': SessionNotCreatedException("Unexpected error launching Internet Explorer. IELaunchURL() returned HRESU...

  File "C:\Users\rpa.belgo\Documents\Ergondata\KMM\src\kmm\ie_driver\ie_driver.py", line 187, in start
    self._driver = webdriver.Ie(
    │    │         │         └ <class 'selenium.webdriver.ie.webdriver.WebDriver'>
    │    │         └ <module 'selenium.webdriver' from 'C:\\Users\\rpa.belgo\\Documents\\Ergondata\\KMM\\.venv\\lib\\site-packages\\selenium\\webd...
    │    └ None
    └ <kmm.ie_driver.ie_driver.KMMIEDriver object at 0x000002132D29DBA0>

  File "C:\Users\rpa.belgo\Documents\Ergondata\KMM\.venv\lib\site-packages\selenium\webdriver\ie\webdriver.py", line 93, in __init__
    RemoteWebDriver.__init__(
    │               └ <function WebDriver.__init__ at 0x000002132CB28AF0>
    └ <class 'selenium.webdriver.remote.webdriver.WebDriver'>

  File "C:\Users\rpa.belgo\Documents\Ergondata\KMM\.venv\lib\site-packages\selenium\webdriver\remote\webdriver.py", line 157, in __init__
    self.start_session(capabilities, browser_profile)
    │    │             │             └ None
    │    │             └ {'browserName': 'internet explorer', 'version': '', 'platform': 'WINDOWS', 'pageLoadStrategy': 'normal', 'ignoreProtectedMode...
    │    └ <function WebDriver.start_session at 0x000002132CB29090>
    └ <selenium.webdriver.ie.webdriver.WebDriver (session="None")>

  File "C:\Users\rpa.belgo\Documents\Ergondata\KMM\.venv\lib\site-packages\selenium\webdriver\remote\webdriver.py", line 252, in start_session
    response = self.execute(Command.NEW_SESSION, parameters)
               │    │       │       │            └ {'capabilities': {'firstMatch': [{}], 'alwaysMatch': {'browserName': 'internet explorer', 'platformName': 'windows', 'pageLoa...
               │    │       │       └ 'newSession'
               │    │       └ <class 'selenium.webdriver.remote.command.Command'>
               │    └ <function WebDriver.execute at 0x000002132CB292D0>
               └ <selenium.webdriver.ie.webdriver.WebDriver (session="None")>

  File "C:\Users\rpa.belgo\Documents\Ergondata\KMM\.venv\lib\site-packages\selenium\webdriver\remote\webdriver.py", line 321, in execute
    self.error_handler.check_response(response)
    │    │             │              └ {'status': 500, 'value': '{\n\t"value" : \n\t{\n\t\t"error" : "session not created",\n\t\t"message" : "Unexpected error launc...
    │    │             └ <function ErrorHandler.check_response at 0x000002132CB1B250>
    │    └ <selenium.webdriver.remote.errorhandler.ErrorHandler object at 0x000002132D29C9D0>
    └ <selenium.webdriver.ie.webdriver.WebDriver (session="None")>

  File "C:\Users\rpa.belgo\Documents\Ergondata\KMM\.venv\lib\site-packages\selenium\webdriver\remote\errorhandler.py", line 242, in check_response
    raise exception_class(message, screen, stacktrace)
          │               │        │       └ None
          │               │        └ None
          │               └ "Unexpected error launching Internet Explorer. IELaunchURL() returned HRESULT 80070012 ('Não existem mais arquivos.') for URL...
          └ <class 'selenium.common.exceptions.SessionNotCreatedException'>

selenium.common.exceptions.SessionNotCreatedException: Message: Unexpected error launching Internet Explorer. IELaunchURL() returned HRESULT 80070012 ('Não existem mais arquivos.') for URL 'http://localhost:58500/'

2026-01-12 14:44:44 | ERROR | __main__:process_case | Falha não mapeada. Erro ('Connection aborted.', ConnectionResetError(10054, 'Foi forçado o cancelamento de uma conexão existente pelo host remoto', None, 10054, None)) | {}
Traceback (most recent call last):

  File "C:\Users\rpa.belgo\Documents\Ergondata\KMM\.venv\lib\site-packages\urllib3\connectionpool.py", line 715, in urlopen
    httplib_response = self._make_request(
                       │    └ <function HTTPConnectionPool._make_request at 0x000001BB050E96C0>
                       └ <urllib3.connectionpool.HTTPConnectionPool object at 0x000001BB0586D480>

  File "C:\Users\rpa.belgo\Documents\Ergondata\KMM\.venv\lib\site-packages\urllib3\connectionpool.py", line 467, in _make_request
    six.raise_from(e, None)
    │   └ <function raise_from at 0x000001BB0503F370>
    └ <module 'urllib3.packages.six' from 'C:\\Users\\rpa.belgo\\Documents\\Ergondata\\KMM\\.venv\\lib\\site-packages\\urllib3\\pac...

  File "<string>", line 3, in raise_from

  File "C:\Users\rpa.belgo\Documents\Ergondata\KMM\.venv\lib\site-packages\urllib3\connectionpool.py", line 462, in _make_request
    httplib_response = conn.getresponse()
                       │    └ <function HTTPConnection.getresponse at 0x000001BB03405360>
                       └ <urllib3.connection.HTTPConnection object at 0x000001BB0586D0F0>

  File "C:\Users\rpa.belgo\AppData\Roaming\uv\python\cpython-3.10.19-windows-x86_64-none\lib\http\client.py", line 1375, in getresponse
    response.begin()
    │        └ <function HTTPResponse.begin at 0x000001BB033E76D0>
    └ <http.client.HTTPResponse object at 0x000001BB0586D7B0>

  File "C:\Users\rpa.belgo\AppData\Roaming\uv\python\cpython-3.10.19-windows-x86_64-none\lib\http\client.py", line 318, in begin
    version, status, reason = self._read_status()
                              │    └ <function HTTPResponse._read_status at 0x000001BB033E7640>
                              └ <http.client.HTTPResponse object at 0x000001BB0586D7B0>

  File "C:\Users\rpa.belgo\AppData\Roaming\uv\python\cpython-3.10.19-windows-x86_64-none\lib\http\client.py", line 279, in _read_status
    line = str(self.fp.readline(_MAXLINE + 1), "iso-8859-1")
               │    │           └ 65536
               │    └ None
               └ <http.client.HTTPResponse object at 0x000001BB0586D7B0>

  File "C:\Users\rpa.belgo\AppData\Roaming\uv\python\cpython-3.10.19-windows-x86_64-none\lib\socket.py", line 717, in readinto
    return self._sock.recv_into(b)
           │    │               └ <memory at 0x000001BB058B0280>
           │    └ None
           └ <socket.SocketIO object at 0x000001BB0586D780>

ConnectionResetError: [WinError 10054] Foi forçado o cancelamento de uma conexão existente pelo host remoto


During handling of the above exception, another exception occurred:


Traceback (most recent call last):

  File "C:\Program Files\JetBrains\PyCharm 2025.3.1.1\plugins\python-ce\helpers\pydev\pydevd.py", line 2391, in <module>
    main()
    └ <function main at 0x000001BB04867D90>

  File "C:\Program Files\JetBrains\PyCharm 2025.3.1.1\plugins\python-ce\helpers\pydev\pydevd.py", line 2372, in main
    globals = debugger.run(setup['file'], None, None, is_module)
              │        │   │                          └ False
              │        │   └ {'port': 58526, 'vm_type': None, 'client': '127.0.0.1', 'server': False, 'DEBUG_RECORD_SOCKET_READS': False, 'multiproc': Fal...
              │        └ <function PyDB.run at 0x000001BB04866D40>
              └ <__main__.PyDB object at 0x000001BB04839600>

  File "C:\Program Files\JetBrains\PyCharm 2025.3.1.1\plugins\python-ce\helpers\pydev\pydevd.py", line 1640, in run
    return self._exec(is_module, entry_point_fn, module_name, file, globals, locals)
           │    │     │          │               │            │     │        └ {'__name__': '__main__', '__doc__': None, '__package__': '', '__loader__': <_frozen_importlib_external.SourceFileLoader objec...
           │    │     │          │               │            │     └ {'__name__': '__main__', '__doc__': None, '__package__': '', '__loader__': <_frozen_importlib_external.SourceFileLoader objec...
           │    │     │          │               │            └ 'C:\\Users\\rpa.belgo\\Documents\\Ergondata\\KMM\\src\\bots\\jmendes\\worker.py'
           │    │     │          │               └ None
           │    │     │          └ ''
           │    │     └ False
           │    └ <function PyDB._exec at 0x000001BB04866DD0>
           └ <__main__.PyDB object at 0x000001BB04839600>

  File "C:\Program Files\JetBrains\PyCharm 2025.3.1.1\plugins\python-ce\helpers\pydev\pydevd.py", line 1647, in _exec
    pydev_imports.execfile(file, globals, locals)  # execute the script
    │             │        │     │        └ {'__name__': '__main__', '__doc__': None, '__package__': '', '__loader__': <_frozen_importlib_external.SourceFileLoader objec...
    │             │        │     └ {'__name__': '__main__', '__doc__': None, '__package__': '', '__loader__': <_frozen_importlib_external.SourceFileLoader objec...
    │             │        └ 'C:\\Users\\rpa.belgo\\Documents\\Ergondata\\KMM\\src\\bots\\jmendes\\worker.py'
    │             └ <function execfile at 0x000001BB04603130>
    └ <module '_pydev_bundle.pydev_imports' from 'C:\\Program Files\\JetBrains\\PyCharm 2025.3.1.1\\plugins\\python-ce\\helpers\\py...

  File "C:\Program Files\JetBrains\PyCharm 2025.3.1.1\plugins\python-ce\helpers\pydev\_pydev_imps\_pydev_execfile.py", line 18, in execfile
    exec(compile(contents+"\n", file, 'exec'), glob, loc)
                 │              │              │     └ {'__name__': '__main__', '__doc__': None, '__package__': '', '__loader__': <_frozen_importlib_external.SourceFileLoader objec...
                 │              │              └ {'__name__': '__main__', '__doc__': None, '__package__': '', '__loader__': <_frozen_importlib_external.SourceFileLoader objec...
                 │              └ 'C:\\Users\\rpa.belgo\\Documents\\Ergondata\\KMM\\src\\bots\\jmendes\\worker.py'
                 └ 'import json\n# import pika\nimport os\nfrom dotenv import load_dotenv\nfrom src.bots.jmendes.kmm_process import process\nfro...

  File "C:\Users\rpa.belgo\Documents\Ergondata\KMM\src\bots\jmendes\worker.py", line 144, in <module>
    process_case()
    └ <function process_case at 0x000001BB048A5480>

> File "C:\Users\rpa.belgo\Documents\Ergondata\KMM\src\bots\jmendes\worker.py", line 37, in process_case
    processed = process(
                └ <function process at 0x000001BB048ECA60>

  File "C:\Users\rpa.belgo\Documents\Ergondata\KMM\src\bots\jmendes\kmm_process.py", line 13, in process
    with KMMActions(service='JMendes') as kmm:
         └ <class 'kmm.services.kmm_actions.KMMActions'>

  File "C:\Users\rpa.belgo\Documents\Ergondata\KMM\src\kmm\services\kmm_actions.py", line 38, in __enter__
    self.start()
    │    └ <function KMMActions.start at 0x000001BB052A7760>
    └ <kmm.services.kmm_actions.KMMActions object at 0x000001BB0586DCC0>

  File "C:\Users\rpa.belgo\Documents\Ergondata\KMM\src\kmm\services\kmm_actions.py", line 29, in start
    self.driver.start()
    │    │      └ <function KMMIEDriver.start at 0x000001BB051BF010>
    │    └ <kmm.ie_driver.ie_driver.KMMIEDriver object at 0x000001BB0586DBA0>
    └ <kmm.services.kmm_actions.KMMActions object at 0x000001BB0586DCC0>

  File "C:\Users\rpa.belgo\Documents\Ergondata\KMM\src\kmm\ie_driver\ie_driver.py", line 106, in wrapped
    return object.__getattribute__(self, "_call_with_watchdog")(name, attr, *args, **kwargs)
                                   │                            │     │      │       └ {}
                                   │                            │     │      └ ()
                                   │                            │     └ <bound method KMMIEDriver.start of <kmm.ie_driver.ie_driver.KMMIEDriver object at 0x000001BB0586DBA0>>
                                   │                            └ 'start'
                                   └ <kmm.ie_driver.ie_driver.KMMIEDriver object at 0x000001BB0586DBA0>

  File "C:\Users\rpa.belgo\Documents\Ergondata\KMM\src\kmm\ie_driver\ie_driver.py", line 150, in _call_with_watchdog
    raise result_box["exc"]
          └ {'value': None, 'exc': ProtocolError('Connection aborted.', ConnectionResetError(10054, 'Foi forçado o cancelamento de uma co...

  File "C:\Users\rpa.belgo\Documents\Ergondata\KMM\src\kmm\ie_driver\ie_driver.py", line 127, in runner
    result_box["value"] = fn(*args, **kwargs)
    │                     │   │       └ {}
    │                     │   └ ()
    │                     └ <bound method KMMIEDriver.start of <kmm.ie_driver.ie_driver.KMMIEDriver object at 0x000001BB0586DBA0>>
    └ {'value': None, 'exc': ProtocolError('Connection aborted.', ConnectionResetError(10054, 'Foi forçado o cancelamento de uma co...

  File "C:\Users\rpa.belgo\Documents\Ergondata\KMM\src\kmm\ie_driver\ie_driver.py", line 187, in start
    self._driver = webdriver.Ie(
    │    │         │         └ <class 'selenium.webdriver.ie.webdriver.WebDriver'>
    │    │         └ <module 'selenium.webdriver' from 'C:\\Users\\rpa.belgo\\Documents\\Ergondata\\KMM\\.venv\\lib\\site-packages\\selenium\\webd...
    │    └ None
    └ <kmm.ie_driver.ie_driver.KMMIEDriver object at 0x000001BB0586DBA0>

  File "C:\Users\rpa.belgo\Documents\Ergondata\KMM\.venv\lib\site-packages\selenium\webdriver\ie\webdriver.py", line 93, in __init__
    RemoteWebDriver.__init__(
    │               └ <function WebDriver.__init__ at 0x000001BB050F0AF0>
    └ <class 'selenium.webdriver.remote.webdriver.WebDriver'>

  File "C:\Users\rpa.belgo\Documents\Ergondata\KMM\.venv\lib\site-packages\selenium\webdriver\remote\webdriver.py", line 157, in __init__
    self.start_session(capabilities, browser_profile)
    │    │             │             └ None
    │    │             └ {'browserName': 'internet explorer', 'version': '', 'platform': 'WINDOWS', 'pageLoadStrategy': 'normal', 'ignoreProtectedMode...
    │    └ <function WebDriver.start_session at 0x000001BB050F1090>
    └ <selenium.webdriver.ie.webdriver.WebDriver (session="None")>

  File "C:\Users\rpa.belgo\Documents\Ergondata\KMM\.venv\lib\site-packages\selenium\webdriver\remote\webdriver.py", line 252, in start_session
    response = self.execute(Command.NEW_SESSION, parameters)
               │    │       │       │            └ {'capabilities': {'firstMatch': [{}], 'alwaysMatch': {'browserName': 'internet explorer', 'platformName': 'windows', 'pageLoa...
               │    │       │       └ 'newSession'
               │    │       └ <class 'selenium.webdriver.remote.command.Command'>
               │    └ <function WebDriver.execute at 0x000001BB050F12D0>
               └ <selenium.webdriver.ie.webdriver.WebDriver (session="None")>

  File "C:\Users\rpa.belgo\Documents\Ergondata\KMM\.venv\lib\site-packages\selenium\webdriver\remote\webdriver.py", line 319, in execute
    response = self.command_executor.execute(driver_command, params)
               │    │                │       │               └ {'capabilities': {'firstMatch': [{}], 'alwaysMatch': {'browserName': 'internet explorer', 'platformName': 'windows', 'pageLoa...
               │    │                │       └ 'newSession'
               │    │                └ <function RemoteConnection.execute at 0x000001BB050EB880>
               │    └ <selenium.webdriver.remote.remote_connection.RemoteConnection object at 0x000001BB0586CD60>
               └ <selenium.webdriver.ie.webdriver.WebDriver (session="None")>

  File "C:\Users\rpa.belgo\Documents\Ergondata\KMM\.venv\lib\site-packages\selenium\webdriver\remote\remote_connection.py", line 374, in execute
    return self._request(command_info[0], url, body=data)
           │    │        │                │         └ '{"capabilities": {"firstMatch": [{}], "alwaysMatch": {"browserName": "internet explorer", "platformName": "windows", "pageLo...
           │    │        │                └ 'http://127.0.0.1:58530/session'
           │    │        └ ('POST', '/session')
           │    └ <function RemoteConnection._request at 0x000001BB050EB910>
           └ <selenium.webdriver.remote.remote_connection.RemoteConnection object at 0x000001BB0586CD60>

  File "C:\Users\rpa.belgo\Documents\Ergondata\KMM\.venv\lib\site-packages\selenium\webdriver\remote\remote_connection.py", line 402, in _request
    resp = http.request(method, url, body=body, headers=headers)
           │    │       │       │         │             └ {'Accept': 'application/json', 'Content-Type': 'application/json;charset=UTF-8', 'User-Agent': 'selenium/3.141.0 (python wind...
           │    │       │       │         └ '{"capabilities": {"firstMatch": [{}], "alwaysMatch": {"browserName": "internet explorer", "platformName": "windows", "pageLo...
           │    │       │       └ 'http://127.0.0.1:58530/session'
           │    │       └ 'POST'
           │    └ <function RequestMethods.request at 0x000001BB050CAC20>
           └ <urllib3.poolmanager.PoolManager object at 0x000001BB0586CCD0>

  File "C:\Users\rpa.belgo\Documents\Ergondata\KMM\.venv\lib\site-packages\urllib3\request.py", line 81, in request
    return self.request_encode_body(
           │    └ <function RequestMethods.request_encode_body at 0x000001BB050CAD40>
           └ <urllib3.poolmanager.PoolManager object at 0x000001BB0586CCD0>

  File "C:\Users\rpa.belgo\Documents\Ergondata\KMM\.venv\lib\site-packages\urllib3\request.py", line 173, in request_encode_body
    return self.urlopen(method, url, **extra_kw)
           │    │       │       │      └ {'headers': {'Accept': 'application/json', 'Content-Type': 'application/json;charset=UTF-8', 'User-Agent': 'selenium/3.141.0 ...
           │    │       │       └ 'http://127.0.0.1:58530/session'
           │    │       └ 'POST'
           │    └ <function PoolManager.urlopen at 0x000001BB050EAE60>
           └ <urllib3.poolmanager.PoolManager object at 0x000001BB0586CCD0>

  File "C:\Users\rpa.belgo\Documents\Ergondata\KMM\.venv\lib\site-packages\urllib3\poolmanager.py", line 376, in urlopen
    response = conn.urlopen(method, u.request_uri, **kw)
               │    │       │       │ │              └ {'headers': {'Accept': 'application/json', 'Content-Type': 'application/json;charset=UTF-8', 'User-Agent': 'selenium/3.141.0 ...
               │    │       │       │ └ <property object at 0x000001BB050A2F20>
               │    │       │       └ Url(scheme='http', auth=None, host='127.0.0.1', port=58530, path='/session', query=None, fragment=None)
               │    │       └ 'POST'
               │    └ <function HTTPConnectionPool.urlopen at 0x000001BB050E9900>
               └ <urllib3.connectionpool.HTTPConnectionPool object at 0x000001BB0586D480>

  File "C:\Users\rpa.belgo\Documents\Ergondata\KMM\.venv\lib\site-packages\urllib3\connectionpool.py", line 799, in urlopen
    retries = retries.increment(
              │       └ <function Retry.increment at 0x000001BB050A5990>
              └ Retry(total=3, connect=None, read=None, redirect=None, status=None)

  File "C:\Users\rpa.belgo\Documents\Ergondata\KMM\.venv\lib\site-packages\urllib3\util\retry.py", line 550, in increment
    raise six.reraise(type(error), error, _stacktrace)
          │   │            │       │      └ <traceback object at 0x000001BB0575AE00>
          │   │            │       └ ProtocolError('Connection aborted.', ConnectionResetError(10054, 'Foi forçado o cancelamento de uma conexão existente pelo ho...
          │   │            └ ProtocolError('Connection aborted.', ConnectionResetError(10054, 'Foi forçado o cancelamento de uma conexão existente pelo ho...
          │   └ <function reraise at 0x000001BB0503F2E0>
          └ <module 'urllib3.packages.six' from 'C:\\Users\\rpa.belgo\\Documents\\Ergondata\\KMM\\.venv\\lib\\site-packages\\urllib3\\pac...

  File "C:\Users\rpa.belgo\Documents\Ergondata\KMM\.venv\lib\site-packages\urllib3\packages\six.py", line 769, in reraise
    raise value.with_traceback(tb)
          │                    └ None
          └ None

  File "C:\Users\rpa.belgo\Documents\Ergondata\KMM\.venv\lib\site-packages\urllib3\connectionpool.py", line 715, in urlopen
    httplib_response = self._make_request(
                       │    └ <function HTTPConnectionPool._make_request at 0x000001BB050E96C0>
                       └ <urllib3.connectionpool.HTTPConnectionPool object at 0x000001BB0586D480>

  File "C:\Users\rpa.belgo\Documents\Ergondata\KMM\.venv\lib\site-packages\urllib3\connectionpool.py", line 467, in _make_request
    six.raise_from(e, None)
    │   └ <function raise_from at 0x000001BB0503F370>
    └ <module 'urllib3.packages.six' from 'C:\\Users\\rpa.belgo\\Documents\\Ergondata\\KMM\\.venv\\lib\\site-packages\\urllib3\\pac...

  File "<string>", line 3, in raise_from

  File "C:\Users\rpa.belgo\Documents\Ergondata\KMM\.venv\lib\site-packages\urllib3\connectionpool.py", line 462, in _make_request
    httplib_response = conn.getresponse()
                       │    └ <function HTTPConnection.getresponse at 0x000001BB03405360>
                       └ <urllib3.connection.HTTPConnection object at 0x000001BB0586D0F0>

  File "C:\Users\rpa.belgo\AppData\Roaming\uv\python\cpython-3.10.19-windows-x86_64-none\lib\http\client.py", line 1375, in getresponse
    response.begin()
    │        └ <function HTTPResponse.begin at 0x000001BB033E76D0>
    └ <http.client.HTTPResponse object at 0x000001BB0586D7B0>

  File "C:\Users\rpa.belgo\AppData\Roaming\uv\python\cpython-3.10.19-windows-x86_64-none\lib\http\client.py", line 318, in begin
    version, status, reason = self._read_status()
                              │    └ <function HTTPResponse._read_status at 0x000001BB033E7640>
                              └ <http.client.HTTPResponse object at 0x000001BB0586D7B0>

  File "C:\Users\rpa.belgo\AppData\Roaming\uv\python\cpython-3.10.19-windows-x86_64-none\lib\http\client.py", line 279, in _read_status
    line = str(self.fp.readline(_MAXLINE + 1), "iso-8859-1")
               │    │           └ 65536
               │    └ None
               └ <http.client.HTTPResponse object at 0x000001BB0586D7B0>

  File "C:\Users\rpa.belgo\AppData\Roaming\uv\python\cpython-3.10.19-windows-x86_64-none\lib\socket.py", line 717, in readinto
    return self._sock.recv_into(b)
           │    │               └ <memory at 0x000001BB058B0280>
           │    └ None
           └ <socket.SocketIO object at 0x000001BB0586D780>

urllib3.exceptions.ProtocolError: ('Connection aborted.', ConnectionResetError(10054, 'Foi forçado o cancelamento de uma conexão existente pelo host remoto', None, 10054, None))
2026-01-12 14:47:56 | ERROR | __main__:process_case | Falha não mapeada. Erro Message: Unexpected error launching Internet Explorer. IELaunchURL() returned HRESULT 80070012 ('Não existem mais arquivos.') for URL 'http://localhost:58572/'
 | {}
Traceback (most recent call last):

  File "C:\Program Files\JetBrains\PyCharm 2025.3.1.1\plugins\python-ce\helpers\pydev\pydevd.py", line 2391, in <module>
    main()
    └ <function main at 0x000001AB539E7D90>

  File "C:\Program Files\JetBrains\PyCharm 2025.3.1.1\plugins\python-ce\helpers\pydev\pydevd.py", line 2372, in main
    globals = debugger.run(setup['file'], None, None, is_module)
              │        │   │                          └ False
              │        │   └ {'port': 58567, 'vm_type': None, 'client': '127.0.0.1', 'server': False, 'DEBUG_RECORD_SOCKET_READS': False, 'multiproc': Fal...
              │        └ <function PyDB.run at 0x000001AB539E6D40>
              └ <__main__.PyDB object at 0x000001AB539B9600>

  File "C:\Program Files\JetBrains\PyCharm 2025.3.1.1\plugins\python-ce\helpers\pydev\pydevd.py", line 1640, in run
    return self._exec(is_module, entry_point_fn, module_name, file, globals, locals)
           │    │     │          │               │            │     │        └ {'__name__': '__main__', '__doc__': None, '__package__': '', '__loader__': <_frozen_importlib_external.SourceFileLoader objec...
           │    │     │          │               │            │     └ {'__name__': '__main__', '__doc__': None, '__package__': '', '__loader__': <_frozen_importlib_external.SourceFileLoader objec...
           │    │     │          │               │            └ 'C:\\Users\\rpa.belgo\\Documents\\Ergondata\\KMM\\src\\bots\\jmendes\\worker.py'
           │    │     │          │               └ None
           │    │     │          └ ''
           │    │     └ False
           │    └ <function PyDB._exec at 0x000001AB539E6DD0>
           └ <__main__.PyDB object at 0x000001AB539B9600>

  File "C:\Program Files\JetBrains\PyCharm 2025.3.1.1\plugins\python-ce\helpers\pydev\pydevd.py", line 1647, in _exec
    pydev_imports.execfile(file, globals, locals)  # execute the script
    │             │        │     │        └ {'__name__': '__main__', '__doc__': None, '__package__': '', '__loader__': <_frozen_importlib_external.SourceFileLoader objec...
    │             │        │     └ {'__name__': '__main__', '__doc__': None, '__package__': '', '__loader__': <_frozen_importlib_external.SourceFileLoader objec...
    │             │        └ 'C:\\Users\\rpa.belgo\\Documents\\Ergondata\\KMM\\src\\bots\\jmendes\\worker.py'
    │             └ <function execfile at 0x000001AB53783130>
    └ <module '_pydev_bundle.pydev_imports' from 'C:\\Program Files\\JetBrains\\PyCharm 2025.3.1.1\\plugins\\python-ce\\helpers\\py...

  File "C:\Program Files\JetBrains\PyCharm 2025.3.1.1\plugins\python-ce\helpers\pydev\_pydev_imps\_pydev_execfile.py", line 18, in execfile
    exec(compile(contents+"\n", file, 'exec'), glob, loc)
                 │              │              │     └ {'__name__': '__main__', '__doc__': None, '__package__': '', '__loader__': <_frozen_importlib_external.SourceFileLoader objec...
                 │              │              └ {'__name__': '__main__', '__doc__': None, '__package__': '', '__loader__': <_frozen_importlib_external.SourceFileLoader objec...
                 │              └ 'C:\\Users\\rpa.belgo\\Documents\\Ergondata\\KMM\\src\\bots\\jmendes\\worker.py'
                 └ 'import json\n# import pika\nimport os\nfrom dotenv import load_dotenv\nfrom src.bots.jmendes.kmm_process import process\nfro...

  File "C:\Users\rpa.belgo\Documents\Ergondata\KMM\src\bots\jmendes\worker.py", line 144, in <module>
    process_case()
    └ <function process_case at 0x000001AB53A29480>

> File "C:\Users\rpa.belgo\Documents\Ergondata\KMM\src\bots\jmendes\worker.py", line 37, in process_case
    processed = process(
                └ <function process at 0x000001AB53A6CA60>

  File "C:\Users\rpa.belgo\Documents\Ergondata\KMM\src\bots\jmendes\kmm_process.py", line 13, in process
    with KMMActions(service='JMendes') as kmm:
         └ <class 'kmm.services.kmm_actions.KMMActions'>

  File "C:\Users\rpa.belgo\Documents\Ergondata\KMM\src\kmm\services\kmm_actions.py", line 38, in __enter__
    self.start()
    │    └ <function KMMActions.start at 0x000001AB5442B760>
    └ <kmm.services.kmm_actions.KMMActions object at 0x000001AB549EDCF0>

  File "C:\Users\rpa.belgo\Documents\Ergondata\KMM\src\kmm\services\kmm_actions.py", line 29, in start
    self.driver.start()
    │    │      └ <function KMMIEDriver.start at 0x000001AB54343010>
    │    └ <kmm.ie_driver.ie_driver.KMMIEDriver object at 0x000001AB549EDBD0>
    └ <kmm.services.kmm_actions.KMMActions object at 0x000001AB549EDCF0>

  File "C:\Users\rpa.belgo\Documents\Ergondata\KMM\src\kmm\ie_driver\ie_driver.py", line 106, in wrapped
    return object.__getattribute__(self, "_call_with_watchdog")(name, attr, *args, **kwargs)
                                   │                            │     │      │       └ {}
                                   │                            │     │      └ ()
                                   │                            │     └ <bound method KMMIEDriver.start of <kmm.ie_driver.ie_driver.KMMIEDriver object at 0x000001AB549EDBD0>>
                                   │                            └ 'start'
                                   └ <kmm.ie_driver.ie_driver.KMMIEDriver object at 0x000001AB549EDBD0>

  File "C:\Users\rpa.belgo\Documents\Ergondata\KMM\src\kmm\ie_driver\ie_driver.py", line 150, in _call_with_watchdog
    raise result_box["exc"]
          └ {'value': None, 'exc': SessionNotCreatedException("Unexpected error launching Internet Explorer. IELaunchURL() returned HRESU...

  File "C:\Users\rpa.belgo\Documents\Ergondata\KMM\src\kmm\ie_driver\ie_driver.py", line 127, in runner
    result_box["value"] = fn(*args, **kwargs)
    │                     │   │       └ {}
    │                     │   └ ()
    │                     └ <bound method KMMIEDriver.start of <kmm.ie_driver.ie_driver.KMMIEDriver object at 0x000001AB549EDBD0>>
    └ {'value': None, 'exc': SessionNotCreatedException("Unexpected error launching Internet Explorer. IELaunchURL() returned HRESU...

  File "C:\Users\rpa.belgo\Documents\Ergondata\KMM\src\kmm\ie_driver\ie_driver.py", line 187, in start
    self._driver = webdriver.Ie(
    │    │         │         └ <class 'selenium.webdriver.ie.webdriver.WebDriver'>
    │    │         └ <module 'selenium.webdriver' from 'C:\\Users\\rpa.belgo\\Documents\\Ergondata\\KMM\\.venv\\lib\\site-packages\\selenium\\webd...
    │    └ None
    └ <kmm.ie_driver.ie_driver.KMMIEDriver object at 0x000001AB549EDBD0>

  File "C:\Users\rpa.belgo\Documents\Ergondata\KMM\.venv\lib\site-packages\selenium\webdriver\ie\webdriver.py", line 93, in __init__
    RemoteWebDriver.__init__(
    │               └ <function WebDriver.__init__ at 0x000001AB54278AF0>
    └ <class 'selenium.webdriver.remote.webdriver.WebDriver'>

  File "C:\Users\rpa.belgo\Documents\Ergondata\KMM\.venv\lib\site-packages\selenium\webdriver\remote\webdriver.py", line 157, in __init__
    self.start_session(capabilities, browser_profile)
    │    │             │             └ None
    │    │             └ {'browserName': 'internet explorer', 'version': '', 'platform': 'WINDOWS', 'pageLoadStrategy': 'normal', 'ignoreProtectedMode...
    │    └ <function WebDriver.start_session at 0x000001AB54279090>
    └ <selenium.webdriver.ie.webdriver.WebDriver (session="None")>

  File "C:\Users\rpa.belgo\Documents\Ergondata\KMM\.venv\lib\site-packages\selenium\webdriver\remote\webdriver.py", line 252, in start_session
    response = self.execute(Command.NEW_SESSION, parameters)
               │    │       │       │            └ {'capabilities': {'firstMatch': [{}], 'alwaysMatch': {'browserName': 'internet explorer', 'platformName': 'windows', 'pageLoa...
               │    │       │       └ 'newSession'
               │    │       └ <class 'selenium.webdriver.remote.command.Command'>
               │    └ <function WebDriver.execute at 0x000001AB542792D0>
               └ <selenium.webdriver.ie.webdriver.WebDriver (session="None")>

  File "C:\Users\rpa.belgo\Documents\Ergondata\KMM\.venv\lib\site-packages\selenium\webdriver\remote\webdriver.py", line 321, in execute
    self.error_handler.check_response(response)
    │    │             │              └ {'status': 500, 'value': '{\n\t"value" : \n\t{\n\t\t"error" : "session not created",\n\t\t"message" : "Unexpected error launc...
    │    │             └ <function ErrorHandler.check_response at 0x000001AB5426F250>
    │    └ <selenium.webdriver.remote.errorhandler.ErrorHandler object at 0x000001AB549ECA60>
    └ <selenium.webdriver.ie.webdriver.WebDriver (session="None")>

  File "C:\Users\rpa.belgo\Documents\Ergondata\KMM\.venv\lib\site-packages\selenium\webdriver\remote\errorhandler.py", line 242, in check_response
    raise exception_class(message, screen, stacktrace)
          │               │        │       └ None
          │               │        └ None
          │               └ "Unexpected error launching Internet Explorer. IELaunchURL() returned HRESULT 80070012 ('Não existem mais arquivos.') for URL...
          └ <class 'selenium.common.exceptions.SessionNotCreatedException'>

selenium.common.exceptions.SessionNotCreatedException: Message: Unexpected error launching Internet Explorer. IELaunchURL() returned HRESULT 80070012 ('Não existem mais arquivos.') for URL 'http://localhost:58572/'

2026-01-12 15:00:28 | INFO | kmm.services.kmm_actions:login | Iniciando login | {'service': 'JMendes'}
2026-01-12 15:00:31 | ERROR | __main__:process_case | Erro ao realizar o login no KMM | Usuario: automacao.jmn - Filial: Levolog | {}
Traceback (most recent call last):

  File "C:\Users\rpa.belgo\Documents\Ergondata\KMM\src\kmm\services\kmm_actions.py", line 51, in login
    self.driver.open(params.url)
    │    │      │    │      └ None
    │    │      │    └ LoginParams(url=None, username='automacao.jmn', password='jmn@2023')
    │    │      └ <function KMMIEDriver.open at 0x0000029C8017F2E0>
    │    └ <kmm.ie_driver.ie_driver.KMMIEDriver object at 0x0000029C80819BD0>
    └ <kmm.services.kmm_actions.KMMActions object at 0x0000029C80819CF0>

  File "C:\Users\rpa.belgo\Documents\Ergondata\KMM\src\kmm\ie_driver\ie_driver.py", line 106, in wrapped
    return object.__getattribute__(self, "_call_with_watchdog")(name, attr, *args, **kwargs)
                                   │                            │     │      │       └ {}
                                   │                            │     │      └ (None,)
                                   │                            │     └ <bound method KMMIEDriver.open of <kmm.ie_driver.ie_driver.KMMIEDriver object at 0x0000029C80819BD0>>
                                   │                            └ 'open'
                                   └ <kmm.ie_driver.ie_driver.KMMIEDriver object at 0x0000029C80819BD0>

  File "C:\Users\rpa.belgo\Documents\Ergondata\KMM\src\kmm\ie_driver\ie_driver.py", line 150, in _call_with_watchdog
    raise result_box["exc"]
          └ {'value': None, 'exc': InvalidArgumentException('Specified URL () is not valid.', None, None)}

  File "C:\Users\rpa.belgo\Documents\Ergondata\KMM\src\kmm\ie_driver\ie_driver.py", line 127, in runner
    result_box["value"] = fn(*args, **kwargs)
    │                     │   │       └ {}
    │                     │   └ (None,)
    │                     └ <bound method KMMIEDriver.open of <kmm.ie_driver.ie_driver.KMMIEDriver object at 0x0000029C80819BD0>>
    └ {'value': None, 'exc': InvalidArgumentException('Specified URL () is not valid.', None, None)}

  File "C:\Users\rpa.belgo\Documents\Ergondata\KMM\src\kmm\ie_driver\ie_driver.py", line 285, in open
    self.driver.get(url)
    │    │          └ None
    │    └ <property object at 0x0000029C8018E520>
    └ <kmm.ie_driver.ie_driver.KMMIEDriver object at 0x0000029C80819BD0>

  File "C:\Users\rpa.belgo\Documents\Ergondata\KMM\.venv\lib\site-packages\selenium\webdriver\remote\webdriver.py", line 333, in get
    self.execute(Command.GET, {'url': url})
    │    │       │       │            └ None
    │    │       │       └ 'get'
    │    │       └ <class 'selenium.webdriver.remote.command.Command'>
    │    └ <function WebDriver.execute at 0x0000029C800B52D0>
    └ <selenium.webdriver.ie.webdriver.WebDriver (session="82858955-29ed-4cd6-93a8-b5fbdec688c6")>

  File "C:\Users\rpa.belgo\Documents\Ergondata\KMM\.venv\lib\site-packages\selenium\webdriver\remote\webdriver.py", line 321, in execute
    self.error_handler.check_response(response)
    │    │             │              └ {'status': 400, 'value': '{\n\t"value" : \n\t{\n\t\t"error" : "invalid argument",\n\t\t"message" : "Specified URL () is not v...
    │    │             └ <function ErrorHandler.check_response at 0x0000029C800A7250>
    │    └ <selenium.webdriver.remote.errorhandler.ErrorHandler object at 0x0000029C80818AF0>
    └ <selenium.webdriver.ie.webdriver.WebDriver (session="82858955-29ed-4cd6-93a8-b5fbdec688c6")>

  File "C:\Users\rpa.belgo\Documents\Ergondata\KMM\.venv\lib\site-packages\selenium\webdriver\remote\errorhandler.py", line 242, in check_response
    raise exception_class(message, screen, stacktrace)
          │               │        │       └ None
          │               │        └ None
          │               └ 'Specified URL () is not valid.'
          └ <class 'selenium.common.exceptions.InvalidArgumentException'>

selenium.common.exceptions.InvalidArgumentException: Message: Specified URL () is not valid.



The above exception was the direct cause of the following exception:


Traceback (most recent call last):

  File "C:\Program Files\JetBrains\PyCharm 2025.3.1.1\plugins\python-ce\helpers\pydev\pydevd.py", line 2391, in <module>
    main()
    └ <function main at 0x0000029CFF643D90>

  File "C:\Program Files\JetBrains\PyCharm 2025.3.1.1\plugins\python-ce\helpers\pydev\pydevd.py", line 2372, in main
    globals = debugger.run(setup['file'], None, None, is_module)
              │        │   │                          └ False
              │        │   └ {'port': 49786, 'vm_type': None, 'client': '127.0.0.1', 'server': False, 'DEBUG_RECORD_SOCKET_READS': False, 'multiproc': Fal...
              │        └ <function PyDB.run at 0x0000029CFF642D40>
              └ <__main__.PyDB object at 0x0000029CFF799600>

  File "C:\Program Files\JetBrains\PyCharm 2025.3.1.1\plugins\python-ce\helpers\pydev\pydevd.py", line 1640, in run
    return self._exec(is_module, entry_point_fn, module_name, file, globals, locals)
           │    │     │          │               │            │     │        └ {'__name__': '__main__', '__doc__': None, '__package__': '', '__loader__': <_frozen_importlib_external.SourceFileLoader objec...
           │    │     │          │               │            │     └ {'__name__': '__main__', '__doc__': None, '__package__': '', '__loader__': <_frozen_importlib_external.SourceFileLoader objec...
           │    │     │          │               │            └ 'C:\\Users\\rpa.belgo\\Documents\\Ergondata\\KMM\\src\\bots\\jmendes\\worker.py'
           │    │     │          │               └ None
           │    │     │          └ ''
           │    │     └ False
           │    └ <function PyDB._exec at 0x0000029CFF642DD0>
           └ <__main__.PyDB object at 0x0000029CFF799600>

  File "C:\Program Files\JetBrains\PyCharm 2025.3.1.1\plugins\python-ce\helpers\pydev\pydevd.py", line 1647, in _exec
    pydev_imports.execfile(file, globals, locals)  # execute the script
    │             │        │     │        └ {'__name__': '__main__', '__doc__': None, '__package__': '', '__loader__': <_frozen_importlib_external.SourceFileLoader objec...
    │             │        │     └ {'__name__': '__main__', '__doc__': None, '__package__': '', '__loader__': <_frozen_importlib_external.SourceFileLoader objec...
    │             │        └ 'C:\\Users\\rpa.belgo\\Documents\\Ergondata\\KMM\\src\\bots\\jmendes\\worker.py'
    │             └ <function execfile at 0x0000029CFF55F130>
    └ <module '_pydev_bundle.pydev_imports' from 'C:\\Program Files\\JetBrains\\PyCharm 2025.3.1.1\\plugins\\python-ce\\helpers\\py...

  File "C:\Program Files\JetBrains\PyCharm 2025.3.1.1\plugins\python-ce\helpers\pydev\_pydev_imps\_pydev_execfile.py", line 18, in execfile
    exec(compile(contents+"\n", file, 'exec'), glob, loc)
                 │              │              │     └ {'__name__': '__main__', '__doc__': None, '__package__': '', '__loader__': <_frozen_importlib_external.SourceFileLoader objec...
                 │              │              └ {'__name__': '__main__', '__doc__': None, '__package__': '', '__loader__': <_frozen_importlib_external.SourceFileLoader objec...
                 │              └ 'C:\\Users\\rpa.belgo\\Documents\\Ergondata\\KMM\\src\\bots\\jmendes\\worker.py'
                 └ 'import json\n# import pika\nimport os\nfrom dotenv import load_dotenv\nfrom src.bots.jmendes.kmm_process import process\nfro...

  File "C:\Users\rpa.belgo\Documents\Ergondata\KMM\src\bots\jmendes\worker.py", line 144, in <module>
    process_case()
    └ <function process_case at 0x0000029CFF805480>

> File "C:\Users\rpa.belgo\Documents\Ergondata\KMM\src\bots\jmendes\worker.py", line 37, in process_case
    processed = process(
                └ <function process at 0x0000029CFF850A60>

  File "C:\Users\rpa.belgo\Documents\Ergondata\KMM\src\bots\jmendes\kmm_process.py", line 14, in process
    kmm.login(
    │   └ <function KMMActions.login at 0x0000029C802949D0>
    └ <kmm.services.kmm_actions.KMMActions object at 0x0000029C80819CF0>

  File "C:\Users\rpa.belgo\Documents\Ergondata\KMM\src\kmm\services\kmm_actions.py", line 64, in login
    raise pe.KMMLoginError(
          │  └ <class 'exceptions.personalized_exceptions.KMMLoginError'>
          └ <module 'exceptions.personalized_exceptions' from 'C:\\Users\\rpa.belgo\\Documents\\Ergondata\\KMM\\src\\exceptions\\personal...

exceptions.personalized_exceptions.KMMLoginError: Erro ao realizar o login no KMM | Usuario: automacao.jmn - Filial: Levolog
2026-01-12 15:02:11 | INFO | kmm.services.kmm_actions:login | Iniciando login | {'service': 'JMendes'}
2026-01-12 15:44:41 | INFO | kmm.services.kmm_actions:login | Iniciando login | {'service': 'JMendes'}
2026-01-12 15:44:57 | INFO | kmm.services.kmm_actions:login | Fim do Login | {'service': 'JMendes'}
2026-01-12 15:44:57 | INFO | kmm.services.kmm_actions:quick_access | Acessando menu REPOMFRETEA via acesso rápido | {'service': 'JMendes'}
2026-01-12 15:45:14 | INFO | kmm.services.kmm_actions:quick_access | Fim do acesso rápido | {'service': 'JMendes'}
2026-01-12 15:56:45 | INFO | kmm.services.kmm_actions:login | Iniciando login | {'service': 'JMendes'}
2026-01-12 15:57:00 | INFO | kmm.services.kmm_actions:login | Fim do Login | {'service': 'JMendes'}
2026-01-12 15:57:00 | INFO | kmm.services.kmm_actions:quick_access | Acessando menu REPOMFRETEA via acesso rápido | {'service': 'JMendes'}
2026-01-12 15:57:16 | INFO | kmm.services.kmm_actions:quick_access | Fim do acesso rápido | {'service': 'JMendes'}
2026-01-12 15:59:53 | INFO | kmm.services.kmm_actions:login | Iniciando login | {'service': 'JMendes'}
2026-01-12 16:00:16 | INFO | kmm.services.kmm_actions:login | Fim do Login | {'service': 'JMendes'}
2026-01-12 16:00:16 | INFO | kmm.services.kmm_actions:quick_access | Acessando menu REPOMFRETEA via acesso rápido | {'service': 'JMendes'}
2026-01-12 16:00:37 | INFO | kmm.services.kmm_actions:quick_access | Fim do acesso rápido | {'service': 'JMendes'}
